Scenario,Region,Land_Type,Ownership,Units,Year,Value,Diff,Component
Alternative_B_10_29_19_RCP85_output_D+sd_A-sd_S=mean_BC1_NR120,All_region,Cultivated,All_own,MMT CO2-eq,2010,0,0,Eco_CumCH4eq
Alternative_B_10_29_19_RCP85_output_D+sd_A-sd_S=mean_BC1_NR120,All_region,Cultivated,All_own,MMT CO2-eq,2011,0,0,Eco_CumCH4eq
Alternative_B_10_29_19_RCP85_output_D+sd_A-sd_S=mean_BC1_NR120,All_region,Cultivated,All_own,MMT CO2-eq,2012,0,0,Eco_CumCH4eq
Alternative_B_10_29_19_RCP85_output_D+sd_A-sd_S=mean_BC1_NR120,All_region,Cultivated,All_own,MMT CO2-eq,2013,0,0,Eco_CumCH4eq
Alternative_B_10_29_19_RCP85_output_D+sd_A-sd_S=mean_BC1_NR120,All_region,Cultivated,All_own,MMT CO2-eq,2014,0,0,Eco_CumCH4eq
Alternative_B_10_29_19_RCP85_output_D+sd_A-sd_S=mean_BC1_NR120,All_region,Cultivated,All_own,MMT CO2-eq,2015,0,0,Eco_CumCH4eq
Alternative_B_10_29_19_RCP85_output_D+sd_A-sd_S=mean_BC1_NR120,All_region,Cultivated,All_own,MMT CO2-eq,2016,0,0,Eco_CumCH4eq
Alternative_B_10_29_19_RCP85_output_D+sd_A-sd_S=mean_BC1_NR120,All_region,Cultivated,All_own,MMT CO2-eq,2017,0,0,Eco_CumCH4eq
Alternative_B_10_29_19_RCP85_output_D+sd_A-sd_S=mean_BC1_NR120,All_region,Cultivated,All_own,MMT CO2-eq,2018,0,0,Eco_CumCH4eq
Alternative_B_10_29_19_RCP85_output_D+sd_A-sd_S=mean_BC1_NR120,All_region,Cultivated,All_own,MMT CO2-eq,2019,0,0,Eco_CumCH4eq
Alternative_B_10_29_19_RCP85_output_D+sd_A-sd_S=mean_BC1_NR120,All_region,Cultivated,All_own,MMT CO2-eq,2020,0,0,Eco_CumCH4eq
Alternative_B_10_29_19_RCP85_output_D+sd_A-sd_S=mean_BC1_NR120,All_region,Cultivated,All_own,MMT CO2-eq,2021,0,0,Eco_CumCH4eq
Alternative_B_10_29_19_RCP85_output_D+sd_A-sd_S=mean_BC1_NR120,All_region,Cultivated,All_own,MMT CO2-eq,2022,0,0,Eco_CumCH4eq
Alternative_B_10_29_19_RCP85_output_D+sd_A-sd_S=mean_BC1_NR120,All_region,Cultivated,All_own,MMT CO2-eq,2010,0,0,Eco_CumCO2
Alternative_B_10_29_19_RCP85_output_D+sd_A-sd_S=mean_BC1_NR120,All_region,Cultivated,All_own,MMT CO2-eq,2011,5.29581555,-0.00236841999999982,Eco_CumCO2
Alternative_B_10_29_19_RCP85_output_D+sd_A-sd_S=mean_BC1_NR120,All_region,Cultivated,All_own,MMT CO2-eq,2012,10.41951166,-0.0473061700000006,Eco_CumCO2
Alternative_B_10_29_19_RCP85_output_D+sd_A-sd_S=mean_BC1_NR120,All_region,Cultivated,All_own,MMT CO2-eq,2013,15.4585927,-0.13361199,Eco_CumCO2
Alternative_B_10_29_19_RCP85_output_D+sd_A-sd_S=mean_BC1_NR120,All_region,Cultivated,All_own,MMT CO2-eq,2014,18.70592374,-0.210926010000005,Eco_CumCO2
Alternative_B_10_29_19_RCP85_output_D+sd_A-sd_S=mean_BC1_NR120,All_region,Cultivated,All_own,MMT CO2-eq,2015,21.96532658,-0.318511750000003,Eco_CumCO2
Alternative_B_10_29_19_RCP85_output_D+sd_A-sd_S=mean_BC1_NR120,All_region,Cultivated,All_own,MMT CO2-eq,2016,25.30851762,-0.45571524,Eco_CumCO2
Alternative_B_10_29_19_RCP85_output_D+sd_A-sd_S=mean_BC1_NR120,All_region,Cultivated,All_own,MMT CO2-eq,2017,28.72160285,-0.632144009999998,Eco_CumCO2
Alternative_B_10_29_19_RCP85_output_D+sd_A-sd_S=mean_BC1_NR120,All_region,Cultivated,All_own,MMT CO2-eq,2018,30.75868091,-0.75898484,Eco_CumCO2
Alternative_B_10_29_19_RCP85_output_D+sd_A-sd_S=mean_BC1_NR120,All_region,Cultivated,All_own,MMT CO2-eq,2019,34.6702724,-1.03860275,Eco_CumCO2
Alternative_B_10_29_19_RCP85_output_D+sd_A-sd_S=mean_BC1_NR120,All_region,Cultivated,All_own,MMT CO2-eq,2020,36.28155066,-1.14196751000001,Eco_CumCO2
Alternative_B_10_29_19_RCP85_output_D+sd_A-sd_S=mean_BC1_NR120,All_region,Cultivated,All_own,MMT CO2-eq,2021,40.68639066,-1.52721029000001,Eco_CumCO2
Alternative_B_10_29_19_RCP85_output_D+sd_A-sd_S=mean_BC1_NR120,All_region,Cultivated,All_own,MMT CO2-eq,2022,44.74507103,-1.90947513,Eco_CumCO2
Alternative_B_10_29_19_RCP85_output_D+sd_A-sd_S=mean_BC1_NR120,All_region,Cultivated,All_own,MMT CO2-eq,2010,0,0,LCCFire_CumCH4eq
Alternative_B_10_29_19_RCP85_output_D+sd_A-sd_S=mean_BC1_NR120,All_region,Cultivated,All_own,MMT CO2-eq,2011,0,0,LCCFire_CumCH4eq
Alternative_B_10_29_19_RCP85_output_D+sd_A-sd_S=mean_BC1_NR120,All_region,Cultivated,All_own,MMT CO2-eq,2012,0,0,LCCFire_CumCH4eq
Alternative_B_10_29_19_RCP85_output_D+sd_A-sd_S=mean_BC1_NR120,All_region,Cultivated,All_own,MMT CO2-eq,2013,0,0,LCCFire_CumCH4eq
Alternative_B_10_29_19_RCP85_output_D+sd_A-sd_S=mean_BC1_NR120,All_region,Cultivated,All_own,MMT CO2-eq,2014,0,0,LCCFire_CumCH4eq
Alternative_B_10_29_19_RCP85_output_D+sd_A-sd_S=mean_BC1_NR120,All_region,Cultivated,All_own,MMT CO2-eq,2015,0,0,LCCFire_CumCH4eq
Alternative_B_10_29_19_RCP85_output_D+sd_A-sd_S=mean_BC1_NR120,All_region,Cultivated,All_own,MMT CO2-eq,2016,0,0,LCCFire_CumCH4eq
Alternative_B_10_29_19_RCP85_output_D+sd_A-sd_S=mean_BC1_NR120,All_region,Cultivated,All_own,MMT CO2-eq,2017,0,0,LCCFire_CumCH4eq
Alternative_B_10_29_19_RCP85_output_D+sd_A-sd_S=mean_BC1_NR120,All_region,Cultivated,All_own,MMT CO2-eq,2018,0,0,LCCFire_CumCH4eq
Alternative_B_10_29_19_RCP85_output_D+sd_A-sd_S=mean_BC1_NR120,All_region,Cultivated,All_own,MMT CO2-eq,2019,0,0,LCCFire_CumCH4eq
Alternative_B_10_29_19_RCP85_output_D+sd_A-sd_S=mean_BC1_NR120,All_region,Cultivated,All_own,MMT CO2-eq,2020,0,0,LCCFire_CumCH4eq
Alternative_B_10_29_19_RCP85_output_D+sd_A-sd_S=mean_BC1_NR120,All_region,Cultivated,All_own,MMT CO2-eq,2021,0,0,LCCFire_CumCH4eq
Alternative_B_10_29_19_RCP85_output_D+sd_A-sd_S=mean_BC1_NR120,All_region,Cultivated,All_own,MMT CO2-eq,2022,0,0,LCCFire_CumCH4eq
Alternative_B_10_29_19_RCP85_output_D+sd_A-sd_S=mean_BC1_NR120,All_region,Cultivated,All_own,MMT CO2-eq,2010,0,0,LCCFire_CumCO2
Alternative_B_10_29_19_RCP85_output_D+sd_A-sd_S=mean_BC1_NR120,All_region,Cultivated,All_own,MMT CO2-eq,2011,0,0,LCCFire_CumCO2
Alternative_B_10_29_19_RCP85_output_D+sd_A-sd_S=mean_BC1_NR120,All_region,Cultivated,All_own,MMT CO2-eq,2012,0,0,LCCFire_CumCO2
Alternative_B_10_29_19_RCP85_output_D+sd_A-sd_S=mean_BC1_NR120,All_region,Cultivated,All_own,MMT CO2-eq,2013,0,0,LCCFire_CumCO2
Alternative_B_10_29_19_RCP85_output_D+sd_A-sd_S=mean_BC1_NR120,All_region,Cultivated,All_own,MMT CO2-eq,2014,0,0,LCCFire_CumCO2
Alternative_B_10_29_19_RCP85_output_D+sd_A-sd_S=mean_BC1_NR120,All_region,Cultivated,All_own,MMT CO2-eq,2015,0,0,LCCFire_CumCO2
Alternative_B_10_29_19_RCP85_output_D+sd_A-sd_S=mean_BC1_NR120,All_region,Cultivated,All_own,MMT CO2-eq,2016,0,0,LCCFire_CumCO2
Alternative_B_10_29_19_RCP85_output_D+sd_A-sd_S=mean_BC1_NR120,All_region,Cultivated,All_own,MMT CO2-eq,2017,0,0,LCCFire_CumCO2
Alternative_B_10_29_19_RCP85_output_D+sd_A-sd_S=mean_BC1_NR120,All_region,Cultivated,All_own,MMT CO2-eq,2018,0,0,LCCFire_CumCO2
Alternative_B_10_29_19_RCP85_output_D+sd_A-sd_S=mean_BC1_NR120,All_region,Cultivated,All_own,MMT CO2-eq,2019,0,0,LCCFire_CumCO2
Alternative_B_10_29_19_RCP85_output_D+sd_A-sd_S=mean_BC1_NR120,All_region,Cultivated,All_own,MMT CO2-eq,2020,0,0,LCCFire_CumCO2
Alternative_B_10_29_19_RCP85_output_D+sd_A-sd_S=mean_BC1_NR120,All_region,Cultivated,All_own,MMT CO2-eq,2021,0,0,LCCFire_CumCO2
Alternative_B_10_29_19_RCP85_output_D+sd_A-sd_S=mean_BC1_NR120,All_region,Cultivated,All_own,MMT CO2-eq,2022,0,0,LCCFire_CumCO2
Alternative_B_10_29_19_RCP85_output_D+sd_A-sd_S=mean_BC1_NR120,All_region,Cultivated,All_own,MMT CO2-eq,2010,0,0,LCCNonBurn_CumCO2
Alternative_B_10_29_19_RCP85_output_D+sd_A-sd_S=mean_BC1_NR120,All_region,Cultivated,All_own,MMT CO2-eq,2011,1.58985231,0.14819393,LCCNonBurn_CumCO2
Alternative_B_10_29_19_RCP85_output_D+sd_A-sd_S=mean_BC1_NR120,All_region,Cultivated,All_own,MMT CO2-eq,2012,3.08043116,0.20134947,LCCNonBurn_CumCO2
Alternative_B_10_29_19_RCP85_output_D+sd_A-sd_S=mean_BC1_NR120,All_region,Cultivated,All_own,MMT CO2-eq,2013,4.47243849,0.160154589999999,LCCNonBurn_CumCO2
Alternative_B_10_29_19_RCP85_output_D+sd_A-sd_S=mean_BC1_NR120,All_region,Cultivated,All_own,MMT CO2-eq,2014,5.76805273,0.02503966,LCCNonBurn_CumCO2
Alternative_B_10_29_19_RCP85_output_D+sd_A-sd_S=mean_BC1_NR120,All_region,Cultivated,All_own,MMT CO2-eq,2015,6.96773442,-0.20345463,LCCNonBurn_CumCO2
Alternative_B_10_29_19_RCP85_output_D+sd_A-sd_S=mean_BC1_NR120,All_region,Cultivated,All_own,MMT CO2-eq,2016,8.07197005,-0.52472964,LCCNonBurn_CumCO2
Alternative_B_10_29_19_RCP85_output_D+sd_A-sd_S=mean_BC1_NR120,All_region,Cultivated,All_own,MMT CO2-eq,2017,9.08043086,-0.938912770000002,LCCNonBurn_CumCO2
Alternative_B_10_29_19_RCP85_output_D+sd_A-sd_S=mean_BC1_NR120,All_region,Cultivated,All_own,MMT CO2-eq,2018,9.99382081,-1.44642376,LCCNonBurn_CumCO2
Alternative_B_10_29_19_RCP85_output_D+sd_A-sd_S=mean_BC1_NR120,All_region,Cultivated,All_own,MMT CO2-eq,2019,10.81165057,-2.04609463,LCCNonBurn_CumCO2
Alternative_B_10_29_19_RCP85_output_D+sd_A-sd_S=mean_BC1_NR120,All_region,Cultivated,All_own,MMT CO2-eq,2020,11.53521517,-2.73881827,LCCNonBurn_CumCO2
Alternative_B_10_29_19_RCP85_output_D+sd_A-sd_S=mean_BC1_NR120,All_region,Cultivated,All_own,MMT CO2-eq,2021,12.16391758,-3.52253193,LCCNonBurn_CumCO2
Alternative_B_10_29_19_RCP85_output_D+sd_A-sd_S=mean_BC1_NR120,All_region,Cultivated,All_own,MMT CO2-eq,2022,12.695499,-4.39983785,LCCNonBurn_CumCO2
Alternative_B_10_29_19_RCP85_output_D+sd_A-sd_S=mean_BC1_NR120,All_region,Cultivated,All_own,MMT CO2-eq,2010,0,0,LCCTotEnergy_CumCH4eq
Alternative_B_10_29_19_RCP85_output_D+sd_A-sd_S=mean_BC1_NR120,All_region,Cultivated,All_own,MMT CO2-eq,2011,0,0,LCCTotEnergy_CumCH4eq
Alternative_B_10_29_19_RCP85_output_D+sd_A-sd_S=mean_BC1_NR120,All_region,Cultivated,All_own,MMT CO2-eq,2012,0,0,LCCTotEnergy_CumCH4eq
Alternative_B_10_29_19_RCP85_output_D+sd_A-sd_S=mean_BC1_NR120,All_region,Cultivated,All_own,MMT CO2-eq,2013,0,0,LCCTotEnergy_CumCH4eq
Alternative_B_10_29_19_RCP85_output_D+sd_A-sd_S=mean_BC1_NR120,All_region,Cultivated,All_own,MMT CO2-eq,2014,0,0,LCCTotEnergy_CumCH4eq
Alternative_B_10_29_19_RCP85_output_D+sd_A-sd_S=mean_BC1_NR120,All_region,Cultivated,All_own,MMT CO2-eq,2015,0,0,LCCTotEnergy_CumCH4eq
Alternative_B_10_29_19_RCP85_output_D+sd_A-sd_S=mean_BC1_NR120,All_region,Cultivated,All_own,MMT CO2-eq,2016,0,0,LCCTotEnergy_CumCH4eq
Alternative_B_10_29_19_RCP85_output_D+sd_A-sd_S=mean_BC1_NR120,All_region,Cultivated,All_own,MMT CO2-eq,2017,0,0,LCCTotEnergy_CumCH4eq
Alternative_B_10_29_19_RCP85_output_D+sd_A-sd_S=mean_BC1_NR120,All_region,Cultivated,All_own,MMT CO2-eq,2018,0,0,LCCTotEnergy_CumCH4eq
Alternative_B_10_29_19_RCP85_output_D+sd_A-sd_S=mean_BC1_NR120,All_region,Cultivated,All_own,MMT CO2-eq,2019,0,0,LCCTotEnergy_CumCH4eq
Alternative_B_10_29_19_RCP85_output_D+sd_A-sd_S=mean_BC1_NR120,All_region,Cultivated,All_own,MMT CO2-eq,2020,0,0,LCCTotEnergy_CumCH4eq
Alternative_B_10_29_19_RCP85_output_D+sd_A-sd_S=mean_BC1_NR120,All_region,Cultivated,All_own,MMT CO2-eq,2021,0,0,LCCTotEnergy_CumCH4eq
Alternative_B_10_29_19_RCP85_output_D+sd_A-sd_S=mean_BC1_NR120,All_region,Cultivated,All_own,MMT CO2-eq,2022,0,0,LCCTotEnergy_CumCH4eq
Alternative_B_10_29_19_RCP85_output_D+sd_A-sd_S=mean_BC1_NR120,All_region,Cultivated,All_own,MMT CO2-eq,2010,0,0,LCCTotEnergy_CumCO2
Alternative_B_10_29_19_RCP85_output_D+sd_A-sd_S=mean_BC1_NR120,All_region,Cultivated,All_own,MMT CO2-eq,2011,0,0,LCCTotEnergy_CumCO2
Alternative_B_10_29_19_RCP85_output_D+sd_A-sd_S=mean_BC1_NR120,All_region,Cultivated,All_own,MMT CO2-eq,2012,0,0,LCCTotEnergy_CumCO2
Alternative_B_10_29_19_RCP85_output_D+sd_A-sd_S=mean_BC1_NR120,All_region,Cultivated,All_own,MMT CO2-eq,2013,0,0,LCCTotEnergy_CumCO2
Alternative_B_10_29_19_RCP85_output_D+sd_A-sd_S=mean_BC1_NR120,All_region,Cultivated,All_own,MMT CO2-eq,2014,0,0,LCCTotEnergy_CumCO2
Alternative_B_10_29_19_RCP85_output_D+sd_A-sd_S=mean_BC1_NR120,All_region,Cultivated,All_own,MMT CO2-eq,2015,0,0,LCCTotEnergy_CumCO2
Alternative_B_10_29_19_RCP85_output_D+sd_A-sd_S=mean_BC1_NR120,All_region,Cultivated,All_own,MMT CO2-eq,2016,0,0,LCCTotEnergy_CumCO2
Alternative_B_10_29_19_RCP85_output_D+sd_A-sd_S=mean_BC1_NR120,All_region,Cultivated,All_own,MMT CO2-eq,2017,0,0,LCCTotEnergy_CumCO2
Alternative_B_10_29_19_RCP85_output_D+sd_A-sd_S=mean_BC1_NR120,All_region,Cultivated,All_own,MMT CO2-eq,2018,0,0,LCCTotEnergy_CumCO2
Alternative_B_10_29_19_RCP85_output_D+sd_A-sd_S=mean_BC1_NR120,All_region,Cultivated,All_own,MMT CO2-eq,2019,0,0,LCCTotEnergy_CumCO2
Alternative_B_10_29_19_RCP85_output_D+sd_A-sd_S=mean_BC1_NR120,All_region,Cultivated,All_own,MMT CO2-eq,2020,0,0,LCCTotEnergy_CumCO2
Alternative_B_10_29_19_RCP85_output_D+sd_A-sd_S=mean_BC1_NR120,All_region,Cultivated,All_own,MMT CO2-eq,2021,0,0,LCCTotEnergy_CumCO2
Alternative_B_10_29_19_RCP85_output_D+sd_A-sd_S=mean_BC1_NR120,All_region,Cultivated,All_own,MMT CO2-eq,2022,0,0,LCCTotEnergy_CumCO2
Alternative_B_10_29_19_RCP85_output_D+sd_A-sd_S=mean_BC1_NR120,All_region,Cultivated,All_own,MMT CO2-eq,2010,0,0,ManFire_CumCH4eq
Alternative_B_10_29_19_RCP85_output_D+sd_A-sd_S=mean_BC1_NR120,All_region,Cultivated,All_own,MMT CO2-eq,2011,0,0,ManFire_CumCH4eq
Alternative_B_10_29_19_RCP85_output_D+sd_A-sd_S=mean_BC1_NR120,All_region,Cultivated,All_own,MMT CO2-eq,2012,0,0,ManFire_CumCH4eq
Alternative_B_10_29_19_RCP85_output_D+sd_A-sd_S=mean_BC1_NR120,All_region,Cultivated,All_own,MMT CO2-eq,2013,0,0,ManFire_CumCH4eq
Alternative_B_10_29_19_RCP85_output_D+sd_A-sd_S=mean_BC1_NR120,All_region,Cultivated,All_own,MMT CO2-eq,2014,0,0,ManFire_CumCH4eq
Alternative_B_10_29_19_RCP85_output_D+sd_A-sd_S=mean_BC1_NR120,All_region,Cultivated,All_own,MMT CO2-eq,2015,0,0,ManFire_CumCH4eq
Alternative_B_10_29_19_RCP85_output_D+sd_A-sd_S=mean_BC1_NR120,All_region,Cultivated,All_own,MMT CO2-eq,2016,0,0,ManFire_CumCH4eq
Alternative_B_10_29_19_RCP85_output_D+sd_A-sd_S=mean_BC1_NR120,All_region,Cultivated,All_own,MMT CO2-eq,2017,0,0,ManFire_CumCH4eq
Alternative_B_10_29_19_RCP85_output_D+sd_A-sd_S=mean_BC1_NR120,All_region,Cultivated,All_own,MMT CO2-eq,2018,0,0,ManFire_CumCH4eq
Alternative_B_10_29_19_RCP85_output_D+sd_A-sd_S=mean_BC1_NR120,All_region,Cultivated,All_own,MMT CO2-eq,2019,0,0,ManFire_CumCH4eq
Alternative_B_10_29_19_RCP85_output_D+sd_A-sd_S=mean_BC1_NR120,All_region,Cultivated,All_own,MMT CO2-eq,2020,0,0,ManFire_CumCH4eq
Alternative_B_10_29_19_RCP85_output_D+sd_A-sd_S=mean_BC1_NR120,All_region,Cultivated,All_own,MMT CO2-eq,2021,0,0,ManFire_CumCH4eq
Alternative_B_10_29_19_RCP85_output_D+sd_A-sd_S=mean_BC1_NR120,All_region,Cultivated,All_own,MMT CO2-eq,2022,0,0,ManFire_CumCH4eq
Alternative_B_10_29_19_RCP85_output_D+sd_A-sd_S=mean_BC1_NR120,All_region,Cultivated,All_own,MMT CO2-eq,2010,0,0,ManFire_CumCO2
Alternative_B_10_29_19_RCP85_output_D+sd_A-sd_S=mean_BC1_NR120,All_region,Cultivated,All_own,MMT CO2-eq,2011,0,0,ManFire_CumCO2
Alternative_B_10_29_19_RCP85_output_D+sd_A-sd_S=mean_BC1_NR120,All_region,Cultivated,All_own,MMT CO2-eq,2012,0,0,ManFire_CumCO2
Alternative_B_10_29_19_RCP85_output_D+sd_A-sd_S=mean_BC1_NR120,All_region,Cultivated,All_own,MMT CO2-eq,2013,0,0,ManFire_CumCO2
Alternative_B_10_29_19_RCP85_output_D+sd_A-sd_S=mean_BC1_NR120,All_region,Cultivated,All_own,MMT CO2-eq,2014,0,0,ManFire_CumCO2
Alternative_B_10_29_19_RCP85_output_D+sd_A-sd_S=mean_BC1_NR120,All_region,Cultivated,All_own,MMT CO2-eq,2015,0,0,ManFire_CumCO2
Alternative_B_10_29_19_RCP85_output_D+sd_A-sd_S=mean_BC1_NR120,All_region,Cultivated,All_own,MMT CO2-eq,2016,0,0,ManFire_CumCO2
Alternative_B_10_29_19_RCP85_output_D+sd_A-sd_S=mean_BC1_NR120,All_region,Cultivated,All_own,MMT CO2-eq,2017,0,0,ManFire_CumCO2
Alternative_B_10_29_19_RCP85_output_D+sd_A-sd_S=mean_BC1_NR120,All_region,Cultivated,All_own,MMT CO2-eq,2018,0,0,ManFire_CumCO2
Alternative_B_10_29_19_RCP85_output_D+sd_A-sd_S=mean_BC1_NR120,All_region,Cultivated,All_own,MMT CO2-eq,2019,0,0,ManFire_CumCO2
Alternative_B_10_29_19_RCP85_output_D+sd_A-sd_S=mean_BC1_NR120,All_region,Cultivated,All_own,MMT CO2-eq,2020,0,0,ManFire_CumCO2
Alternative_B_10_29_19_RCP85_output_D+sd_A-sd_S=mean_BC1_NR120,All_region,Cultivated,All_own,MMT CO2-eq,2021,0,0,ManFire_CumCO2
Alternative_B_10_29_19_RCP85_output_D+sd_A-sd_S=mean_BC1_NR120,All_region,Cultivated,All_own,MMT CO2-eq,2022,0,0,ManFire_CumCO2
Alternative_B_10_29_19_RCP85_output_D+sd_A-sd_S=mean_BC1_NR120,All_region,Cultivated,All_own,MMT CO2-eq,2010,0,0,ManNonBurn_CumCO2
Alternative_B_10_29_19_RCP85_output_D+sd_A-sd_S=mean_BC1_NR120,All_region,Cultivated,All_own,MMT CO2-eq,2011,0,0,ManNonBurn_CumCO2
Alternative_B_10_29_19_RCP85_output_D+sd_A-sd_S=mean_BC1_NR120,All_region,Cultivated,All_own,MMT CO2-eq,2012,0,0,ManNonBurn_CumCO2
Alternative_B_10_29_19_RCP85_output_D+sd_A-sd_S=mean_BC1_NR120,All_region,Cultivated,All_own,MMT CO2-eq,2013,0,0,ManNonBurn_CumCO2
Alternative_B_10_29_19_RCP85_output_D+sd_A-sd_S=mean_BC1_NR120,All_region,Cultivated,All_own,MMT CO2-eq,2014,0,0,ManNonBurn_CumCO2
Alternative_B_10_29_19_RCP85_output_D+sd_A-sd_S=mean_BC1_NR120,All_region,Cultivated,All_own,MMT CO2-eq,2015,0,0,ManNonBurn_CumCO2
Alternative_B_10_29_19_RCP85_output_D+sd_A-sd_S=mean_BC1_NR120,All_region,Cultivated,All_own,MMT CO2-eq,2016,0,0,ManNonBurn_CumCO2
Alternative_B_10_29_19_RCP85_output_D+sd_A-sd_S=mean_BC1_NR120,All_region,Cultivated,All_own,MMT CO2-eq,2017,0,0,ManNonBurn_CumCO2
Alternative_B_10_29_19_RCP85_output_D+sd_A-sd_S=mean_BC1_NR120,All_region,Cultivated,All_own,MMT CO2-eq,2018,0,0,ManNonBurn_CumCO2
Alternative_B_10_29_19_RCP85_output_D+sd_A-sd_S=mean_BC1_NR120,All_region,Cultivated,All_own,MMT CO2-eq,2019,0,0,ManNonBurn_CumCO2
Alternative_B_10_29_19_RCP85_output_D+sd_A-sd_S=mean_BC1_NR120,All_region,Cultivated,All_own,MMT CO2-eq,2020,0,0,ManNonBurn_CumCO2
Alternative_B_10_29_19_RCP85_output_D+sd_A-sd_S=mean_BC1_NR120,All_region,Cultivated,All_own,MMT CO2-eq,2021,0,0,ManNonBurn_CumCO2
Alternative_B_10_29_19_RCP85_output_D+sd_A-sd_S=mean_BC1_NR120,All_region,Cultivated,All_own,MMT CO2-eq,2022,0,0,ManNonBurn_CumCO2
Alternative_B_10_29_19_RCP85_output_D+sd_A-sd_S=mean_BC1_NR120,All_region,Cultivated,All_own,MMT CO2-eq,2010,0,0,ManTotEnergy_CumCH4eq
Alternative_B_10_29_19_RCP85_output_D+sd_A-sd_S=mean_BC1_NR120,All_region,Cultivated,All_own,MMT CO2-eq,2011,0,0,ManTotEnergy_CumCH4eq
Alternative_B_10_29_19_RCP85_output_D+sd_A-sd_S=mean_BC1_NR120,All_region,Cultivated,All_own,MMT CO2-eq,2012,0,0,ManTotEnergy_CumCH4eq
Alternative_B_10_29_19_RCP85_output_D+sd_A-sd_S=mean_BC1_NR120,All_region,Cultivated,All_own,MMT CO2-eq,2013,0,0,ManTotEnergy_CumCH4eq
Alternative_B_10_29_19_RCP85_output_D+sd_A-sd_S=mean_BC1_NR120,All_region,Cultivated,All_own,MMT CO2-eq,2014,0,0,ManTotEnergy_CumCH4eq
Alternative_B_10_29_19_RCP85_output_D+sd_A-sd_S=mean_BC1_NR120,All_region,Cultivated,All_own,MMT CO2-eq,2015,0,0,ManTotEnergy_CumCH4eq
Alternative_B_10_29_19_RCP85_output_D+sd_A-sd_S=mean_BC1_NR120,All_region,Cultivated,All_own,MMT CO2-eq,2016,0,0,ManTotEnergy_CumCH4eq
Alternative_B_10_29_19_RCP85_output_D+sd_A-sd_S=mean_BC1_NR120,All_region,Cultivated,All_own,MMT CO2-eq,2017,0,0,ManTotEnergy_CumCH4eq
Alternative_B_10_29_19_RCP85_output_D+sd_A-sd_S=mean_BC1_NR120,All_region,Cultivated,All_own,MMT CO2-eq,2018,0,0,ManTotEnergy_CumCH4eq
Alternative_B_10_29_19_RCP85_output_D+sd_A-sd_S=mean_BC1_NR120,All_region,Cultivated,All_own,MMT CO2-eq,2019,0,0,ManTotEnergy_CumCH4eq
Alternative_B_10_29_19_RCP85_output_D+sd_A-sd_S=mean_BC1_NR120,All_region,Cultivated,All_own,MMT CO2-eq,2020,0,0,ManTotEnergy_CumCH4eq
Alternative_B_10_29_19_RCP85_output_D+sd_A-sd_S=mean_BC1_NR120,All_region,Cultivated,All_own,MMT CO2-eq,2021,0,0,ManTotEnergy_CumCH4eq
Alternative_B_10_29_19_RCP85_output_D+sd_A-sd_S=mean_BC1_NR120,All_region,Cultivated,All_own,MMT CO2-eq,2022,0,0,ManTotEnergy_CumCH4eq
Alternative_B_10_29_19_RCP85_output_D+sd_A-sd_S=mean_BC1_NR120,All_region,Cultivated,All_own,MMT CO2-eq,2010,0,0,ManTotEnergy_CumCO2
Alternative_B_10_29_19_RCP85_output_D+sd_A-sd_S=mean_BC1_NR120,All_region,Cultivated,All_own,MMT CO2-eq,2011,0,0,ManTotEnergy_CumCO2
Alternative_B_10_29_19_RCP85_output_D+sd_A-sd_S=mean_BC1_NR120,All_region,Cultivated,All_own,MMT CO2-eq,2012,0,0,ManTotEnergy_CumCO2
Alternative_B_10_29_19_RCP85_output_D+sd_A-sd_S=mean_BC1_NR120,All_region,Cultivated,All_own,MMT CO2-eq,2013,0,0,ManTotEnergy_CumCO2
Alternative_B_10_29_19_RCP85_output_D+sd_A-sd_S=mean_BC1_NR120,All_region,Cultivated,All_own,MMT CO2-eq,2014,0,0,ManTotEnergy_CumCO2
Alternative_B_10_29_19_RCP85_output_D+sd_A-sd_S=mean_BC1_NR120,All_region,Cultivated,All_own,MMT CO2-eq,2015,0,0,ManTotEnergy_CumCO2
Alternative_B_10_29_19_RCP85_output_D+sd_A-sd_S=mean_BC1_NR120,All_region,Cultivated,All_own,MMT CO2-eq,2016,0,0,ManTotEnergy_CumCO2
Alternative_B_10_29_19_RCP85_output_D+sd_A-sd_S=mean_BC1_NR120,All_region,Cultivated,All_own,MMT CO2-eq,2017,0,0,ManTotEnergy_CumCO2
Alternative_B_10_29_19_RCP85_output_D+sd_A-sd_S=mean_BC1_NR120,All_region,Cultivated,All_own,MMT CO2-eq,2018,0,0,ManTotEnergy_CumCO2
Alternative_B_10_29_19_RCP85_output_D+sd_A-sd_S=mean_BC1_NR120,All_region,Cultivated,All_own,MMT CO2-eq,2019,0,0,ManTotEnergy_CumCO2
Alternative_B_10_29_19_RCP85_output_D+sd_A-sd_S=mean_BC1_NR120,All_region,Cultivated,All_own,MMT CO2-eq,2020,0,0,ManTotEnergy_CumCO2
Alternative_B_10_29_19_RCP85_output_D+sd_A-sd_S=mean_BC1_NR120,All_region,Cultivated,All_own,MMT CO2-eq,2021,0,0,ManTotEnergy_CumCO2
Alternative_B_10_29_19_RCP85_output_D+sd_A-sd_S=mean_BC1_NR120,All_region,Cultivated,All_own,MMT CO2-eq,2022,0,0,ManTotEnergy_CumCO2
Alternative_B_10_29_19_RCP85_output_D+sd_A-sd_S=mean_BC1_NR120,All_region,Cultivated,All_own,MMT CO2-eq,2010,0,0,Wildfire_CumCH4eq
Alternative_B_10_29_19_RCP85_output_D+sd_A-sd_S=mean_BC1_NR120,All_region,Cultivated,All_own,MMT CO2-eq,2011,0,0,Wildfire_CumCH4eq
Alternative_B_10_29_19_RCP85_output_D+sd_A-sd_S=mean_BC1_NR120,All_region,Cultivated,All_own,MMT CO2-eq,2012,0,0,Wildfire_CumCH4eq
Alternative_B_10_29_19_RCP85_output_D+sd_A-sd_S=mean_BC1_NR120,All_region,Cultivated,All_own,MMT CO2-eq,2013,0,0,Wildfire_CumCH4eq
Alternative_B_10_29_19_RCP85_output_D+sd_A-sd_S=mean_BC1_NR120,All_region,Cultivated,All_own,MMT CO2-eq,2014,0,0,Wildfire_CumCH4eq
Alternative_B_10_29_19_RCP85_output_D+sd_A-sd_S=mean_BC1_NR120,All_region,Cultivated,All_own,MMT CO2-eq,2015,0,0,Wildfire_CumCH4eq
Alternative_B_10_29_19_RCP85_output_D+sd_A-sd_S=mean_BC1_NR120,All_region,Cultivated,All_own,MMT CO2-eq,2016,0,0,Wildfire_CumCH4eq
Alternative_B_10_29_19_RCP85_output_D+sd_A-sd_S=mean_BC1_NR120,All_region,Cultivated,All_own,MMT CO2-eq,2017,0,0,Wildfire_CumCH4eq
Alternative_B_10_29_19_RCP85_output_D+sd_A-sd_S=mean_BC1_NR120,All_region,Cultivated,All_own,MMT CO2-eq,2018,0,0,Wildfire_CumCH4eq
Alternative_B_10_29_19_RCP85_output_D+sd_A-sd_S=mean_BC1_NR120,All_region,Cultivated,All_own,MMT CO2-eq,2019,0,0,Wildfire_CumCH4eq
Alternative_B_10_29_19_RCP85_output_D+sd_A-sd_S=mean_BC1_NR120,All_region,Cultivated,All_own,MMT CO2-eq,2020,0,0,Wildfire_CumCH4eq
Alternative_B_10_29_19_RCP85_output_D+sd_A-sd_S=mean_BC1_NR120,All_region,Cultivated,All_own,MMT CO2-eq,2021,0,0,Wildfire_CumCH4eq
Alternative_B_10_29_19_RCP85_output_D+sd_A-sd_S=mean_BC1_NR120,All_region,Cultivated,All_own,MMT CO2-eq,2022,0,0,Wildfire_CumCH4eq
Alternative_B_10_29_19_RCP85_output_D+sd_A-sd_S=mean_BC1_NR120,All_region,Cultivated,All_own,MMT CO2-eq,2010,0,0,Wildfire_CumCO2
Alternative_B_10_29_19_RCP85_output_D+sd_A-sd_S=mean_BC1_NR120,All_region,Cultivated,All_own,MMT CO2-eq,2011,0,0,Wildfire_CumCO2
Alternative_B_10_29_19_RCP85_output_D+sd_A-sd_S=mean_BC1_NR120,All_region,Cultivated,All_own,MMT CO2-eq,2012,0,0,Wildfire_CumCO2
Alternative_B_10_29_19_RCP85_output_D+sd_A-sd_S=mean_BC1_NR120,All_region,Cultivated,All_own,MMT CO2-eq,2013,0,0,Wildfire_CumCO2
Alternative_B_10_29_19_RCP85_output_D+sd_A-sd_S=mean_BC1_NR120,All_region,Cultivated,All_own,MMT CO2-eq,2014,0,0,Wildfire_CumCO2
Alternative_B_10_29_19_RCP85_output_D+sd_A-sd_S=mean_BC1_NR120,All_region,Cultivated,All_own,MMT CO2-eq,2015,0,0,Wildfire_CumCO2
Alternative_B_10_29_19_RCP85_output_D+sd_A-sd_S=mean_BC1_NR120,All_region,Cultivated,All_own,MMT CO2-eq,2016,0,0,Wildfire_CumCO2
Alternative_B_10_29_19_RCP85_output_D+sd_A-sd_S=mean_BC1_NR120,All_region,Cultivated,All_own,MMT CO2-eq,2017,0,0,Wildfire_CumCO2
Alternative_B_10_29_19_RCP85_output_D+sd_A-sd_S=mean_BC1_NR120,All_region,Cultivated,All_own,MMT CO2-eq,2018,0,0,Wildfire_CumCO2
Alternative_B_10_29_19_RCP85_output_D+sd_A-sd_S=mean_BC1_NR120,All_region,Cultivated,All_own,MMT CO2-eq,2019,0,0,Wildfire_CumCO2
Alternative_B_10_29_19_RCP85_output_D+sd_A-sd_S=mean_BC1_NR120,All_region,Cultivated,All_own,MMT CO2-eq,2020,0,0,Wildfire_CumCO2
Alternative_B_10_29_19_RCP85_output_D+sd_A-sd_S=mean_BC1_NR120,All_region,Cultivated,All_own,MMT CO2-eq,2021,0,0,Wildfire_CumCO2
Alternative_B_10_29_19_RCP85_output_D+sd_A-sd_S=mean_BC1_NR120,All_region,Cultivated,All_own,MMT CO2-eq,2022,0,0,Wildfire_CumCO2
Alternative_B_10_29_19_RCP85_output_D+sd_A-sd_S=mean_BC1_NR120,All_region,Cultivated,All_own,MMT CO2-eq,2010,0,0,Wood_CumCH4eq
Alternative_B_10_29_19_RCP85_output_D+sd_A-sd_S=mean_BC1_NR120,All_region,Cultivated,All_own,MMT CO2-eq,2011,0,0,Wood_CumCH4eq
Alternative_B_10_29_19_RCP85_output_D+sd_A-sd_S=mean_BC1_NR120,All_region,Cultivated,All_own,MMT CO2-eq,2012,0,0,Wood_CumCH4eq
Alternative_B_10_29_19_RCP85_output_D+sd_A-sd_S=mean_BC1_NR120,All_region,Cultivated,All_own,MMT CO2-eq,2013,0,0,Wood_CumCH4eq
Alternative_B_10_29_19_RCP85_output_D+sd_A-sd_S=mean_BC1_NR120,All_region,Cultivated,All_own,MMT CO2-eq,2014,0,0,Wood_CumCH4eq
Alternative_B_10_29_19_RCP85_output_D+sd_A-sd_S=mean_BC1_NR120,All_region,Cultivated,All_own,MMT CO2-eq,2015,0,0,Wood_CumCH4eq
Alternative_B_10_29_19_RCP85_output_D+sd_A-sd_S=mean_BC1_NR120,All_region,Cultivated,All_own,MMT CO2-eq,2016,0,0,Wood_CumCH4eq
Alternative_B_10_29_19_RCP85_output_D+sd_A-sd_S=mean_BC1_NR120,All_region,Cultivated,All_own,MMT CO2-eq,2017,0,0,Wood_CumCH4eq
Alternative_B_10_29_19_RCP85_output_D+sd_A-sd_S=mean_BC1_NR120,All_region,Cultivated,All_own,MMT CO2-eq,2018,0,0,Wood_CumCH4eq
Alternative_B_10_29_19_RCP85_output_D+sd_A-sd_S=mean_BC1_NR120,All_region,Cultivated,All_own,MMT CO2-eq,2019,0,0,Wood_CumCH4eq
Alternative_B_10_29_19_RCP85_output_D+sd_A-sd_S=mean_BC1_NR120,All_region,Cultivated,All_own,MMT CO2-eq,2020,0,0,Wood_CumCH4eq
Alternative_B_10_29_19_RCP85_output_D+sd_A-sd_S=mean_BC1_NR120,All_region,Cultivated,All_own,MMT CO2-eq,2021,0,0,Wood_CumCH4eq
Alternative_B_10_29_19_RCP85_output_D+sd_A-sd_S=mean_BC1_NR120,All_region,Cultivated,All_own,MMT CO2-eq,2022,0,0,Wood_CumCH4eq
Alternative_B_10_29_19_RCP85_output_D+sd_A-sd_S=mean_BC1_NR120,All_region,Cultivated,All_own,MMT CO2-eq,2010,0,0,Wood_CumCO2
Alternative_B_10_29_19_RCP85_output_D+sd_A-sd_S=mean_BC1_NR120,All_region,Cultivated,All_own,MMT CO2-eq,2011,0,0,Wood_CumCO2
Alternative_B_10_29_19_RCP85_output_D+sd_A-sd_S=mean_BC1_NR120,All_region,Cultivated,All_own,MMT CO2-eq,2012,0,0,Wood_CumCO2
Alternative_B_10_29_19_RCP85_output_D+sd_A-sd_S=mean_BC1_NR120,All_region,Cultivated,All_own,MMT CO2-eq,2013,0,0,Wood_CumCO2
Alternative_B_10_29_19_RCP85_output_D+sd_A-sd_S=mean_BC1_NR120,All_region,Cultivated,All_own,MMT CO2-eq,2014,0,0,Wood_CumCO2
Alternative_B_10_29_19_RCP85_output_D+sd_A-sd_S=mean_BC1_NR120,All_region,Cultivated,All_own,MMT CO2-eq,2015,0,0,Wood_CumCO2
Alternative_B_10_29_19_RCP85_output_D+sd_A-sd_S=mean_BC1_NR120,All_region,Cultivated,All_own,MMT CO2-eq,2016,0,0,Wood_CumCO2
Alternative_B_10_29_19_RCP85_output_D+sd_A-sd_S=mean_BC1_NR120,All_region,Cultivated,All_own,MMT CO2-eq,2017,0,0,Wood_CumCO2
Alternative_B_10_29_19_RCP85_output_D+sd_A-sd_S=mean_BC1_NR120,All_region,Cultivated,All_own,MMT CO2-eq,2018,0,0,Wood_CumCO2
Alternative_B_10_29_19_RCP85_output_D+sd_A-sd_S=mean_BC1_NR120,All_region,Cultivated,All_own,MMT CO2-eq,2019,0,0,Wood_CumCO2
Alternative_B_10_29_19_RCP85_output_D+sd_A-sd_S=mean_BC1_NR120,All_region,Cultivated,All_own,MMT CO2-eq,2020,0,0,Wood_CumCO2
Alternative_B_10_29_19_RCP85_output_D+sd_A-sd_S=mean_BC1_NR120,All_region,Cultivated,All_own,MMT CO2-eq,2021,0,0,Wood_CumCO2
Alternative_B_10_29_19_RCP85_output_D+sd_A-sd_S=mean_BC1_NR120,All_region,Cultivated,All_own,MMT CO2-eq,2022,0,0,Wood_CumCO2
