Scenario,Region,Land_Type,Ownership,Units,Year,Value
Alternative_B_10_29_19_RCP85_output_D+sd_A-sd_S=mean_BC1_NR120,All_region,Cultivated,All_own,MMT CO2-eq,2010,0
Alternative_B_10_29_19_RCP85_output_D+sd_A-sd_S=mean_BC1_NR120,All_region,Cultivated,All_own,MMT CO2-eq,2011,0.145825510000001
Alternative_B_10_29_19_RCP85_output_D+sd_A-sd_S=mean_BC1_NR120,All_region,Cultivated,All_own,MMT CO2-eq,2012,0.154043290000001
Alternative_B_10_29_19_RCP85_output_D+sd_A-sd_S=mean_BC1_NR120,All_region,Cultivated,All_own,MMT CO2-eq,2013,0.0265425999999991
Alternative_B_10_29_19_RCP85_output_D+sd_A-sd_S=mean_BC1_NR120,All_region,Cultivated,All_own,MMT CO2-eq,2014,-0.185886350000004
Alternative_B_10_29_19_RCP85_output_D+sd_A-sd_S=mean_BC1_NR120,All_region,Cultivated,All_own,MMT CO2-eq,2015,-0.521966379999999
Alternative_B_10_29_19_RCP85_output_D+sd_A-sd_S=mean_BC1_NR120,All_region,Cultivated,All_own,MMT CO2-eq,2016,-0.980444879999993
Alternative_B_10_29_19_RCP85_output_D+sd_A-sd_S=mean_BC1_NR120,All_region,Cultivated,All_own,MMT CO2-eq,2017,-1.57105676
Alternative_B_10_29_19_RCP85_output_D+sd_A-sd_S=mean_BC1_NR120,All_region,Cultivated,All_own,MMT CO2-eq,2018,-2.2054086
Alternative_B_10_29_19_RCP85_output_D+sd_A-sd_S=mean_BC1_NR120,All_region,Cultivated,All_own,MMT CO2-eq,2019,-3.08469738
Alternative_B_10_29_19_RCP85_output_D+sd_A-sd_S=mean_BC1_NR120,All_region,Cultivated,All_own,MMT CO2-eq,2020,-3.88078577
Alternative_B_10_29_19_RCP85_output_D+sd_A-sd_S=mean_BC1_NR120,All_region,Cultivated,All_own,MMT CO2-eq,2021,-5.04974223
Alternative_B_10_29_19_RCP85_output_D+sd_A-sd_S=mean_BC1_NR120,All_region,Cultivated,All_own,MMT CO2-eq,2022,-6.30931298
