Scenario,Region,Land_Type,Ownership,Units,Year,Value
Alternative_B_10_29_19_RCP85_output_D+sd_A-sd_S=mean_BC1_NR120,All_region,Cultivated,All_own,MMT C,2010,0
Alternative_B_10_29_19_RCP85_output_D+sd_A-sd_S=mean_BC1_NR120,All_region,Cultivated,All_own,MMT C,2011,0.04044338
Alternative_B_10_29_19_RCP85_output_D+sd_A-sd_S=mean_BC1_NR120,All_region,Cultivated,All_own,MMT C,2012,0.05494997
Alternative_B_10_29_19_RCP85_output_D+sd_A-sd_S=mean_BC1_NR120,All_region,Cultivated,All_own,MMT C,2013,0.04370754
Alternative_B_10_29_19_RCP85_output_D+sd_A-sd_S=mean_BC1_NR120,All_region,Cultivated,All_own,MMT C,2014,0.0068335300000002
Alternative_B_10_29_19_RCP85_output_D+sd_A-sd_S=mean_BC1_NR120,All_region,Cultivated,All_own,MMT C,2015,-0.0555244799999999
Alternative_B_10_29_19_RCP85_output_D+sd_A-sd_S=mean_BC1_NR120,All_region,Cultivated,All_own,MMT C,2016,-0.14320315
Alternative_B_10_29_19_RCP85_output_D+sd_A-sd_S=mean_BC1_NR120,All_region,Cultivated,All_own,MMT C,2017,-0.25623721
Alternative_B_10_29_19_RCP85_output_D+sd_A-sd_S=mean_BC1_NR120,All_region,Cultivated,All_own,MMT C,2018,-0.39474123
Alternative_B_10_29_19_RCP85_output_D+sd_A-sd_S=mean_BC1_NR120,All_region,Cultivated,All_own,MMT C,2019,-0.558396469999999
Alternative_B_10_29_19_RCP85_output_D+sd_A-sd_S=mean_BC1_NR120,All_region,Cultivated,All_own,MMT C,2020,-0.74744659
Alternative_B_10_29_19_RCP85_output_D+sd_A-sd_S=mean_BC1_NR120,All_region,Cultivated,All_own,MMT C,2021,-0.961328659999999
Alternative_B_10_29_19_RCP85_output_D+sd_A-sd_S=mean_BC1_NR120,All_region,Cultivated,All_own,MMT C,2022,-1.20075284
