Scenario,Region,Land_Type,Ownership,Component,Units,Year,Value
Baseline,All_region,Cultivated,All_own,Net_Wood_Gain,MMT C,2010,0
Baseline,All_region,Cultivated,All_own,Net_Wood_Gain,MMT C,2011,0
Baseline,All_region,Cultivated,All_own,Net_Wood_Gain,MMT C,2012,0
Baseline,All_region,Cultivated,All_own,Net_Wood_Gain,MMT C,2013,0
Baseline,All_region,Cultivated,All_own,Net_Wood_Gain,MMT C,2014,0
Baseline,All_region,Cultivated,All_own,Net_Wood_Gain,MMT C,2015,0
Baseline,All_region,Cultivated,All_own,Net_Wood_Gain,MMT C,2016,0
Baseline,All_region,Cultivated,All_own,Net_Wood_Gain,MMT C,2017,0
Baseline,All_region,Cultivated,All_own,Net_Wood_Gain,MMT C,2018,0
Baseline,All_region,Cultivated,All_own,Net_Wood_Gain,MMT C,2019,0
Baseline,All_region,Cultivated,All_own,Net_Wood_Gain,MMT C,2020,0
Baseline,All_region,Cultivated,All_own,Net_Wood_Gain,MMT C,2021,0
Baseline,All_region,Cultivated,All_own,Ecosystem_Gain_from_Atmos,MMT C,2010,-1.44591907
Baseline,All_region,Cultivated,All_own,Ecosystem_Gain_from_Atmos,MMT C,2011,-1.41056375
Baseline,All_region,Cultivated,All_own,Ecosystem_Gain_from_Atmos,MMT C,2012,-1.39876128
Baseline,All_region,Cultivated,All_own,Ecosystem_Gain_from_Atmos,MMT C,2013,-0.90732366
Baseline,All_region,Cultivated,All_own,Ecosystem_Gain_from_Atmos,MMT C,2014,-0.91887957
Baseline,All_region,Cultivated,All_own,Ecosystem_Gain_from_Atmos,MMT C,2015,-0.94982901
Baseline,All_region,Cultivated,All_own,Ecosystem_Gain_from_Atmos,MMT C,2016,-0.97960863
Baseline,All_region,Cultivated,All_own,Ecosystem_Gain_from_Atmos,MMT C,2017,-0.59055171
Baseline,All_region,Cultivated,All_own,Ecosystem_Gain_from_Atmos,MMT C,2018,-1.14381638
Baseline,All_region,Cultivated,All_own,Ecosystem_Gain_from_Atmos,MMT C,2019,-0.46794054
Baseline,All_region,Cultivated,All_own,Ecosystem_Gain_from_Atmos,MMT C,2020,-1.30725397
Baseline,All_region,Cultivated,All_own,Ecosystem_Gain_from_Atmos,MMT C,2021,-1.21197138
Baseline,All_region,Cultivated,All_own,Loss_to_Atmos_from_Manage,MMT C,2010,0
Baseline,All_region,Cultivated,All_own,Loss_to_Atmos_from_Manage,MMT C,2011,0
Baseline,All_region,Cultivated,All_own,Loss_to_Atmos_from_Manage,MMT C,2012,0
Baseline,All_region,Cultivated,All_own,Loss_to_Atmos_from_Manage,MMT C,2013,0
Baseline,All_region,Cultivated,All_own,Loss_to_Atmos_from_Manage,MMT C,2014,0
Baseline,All_region,Cultivated,All_own,Loss_to_Atmos_from_Manage,MMT C,2015,0
Baseline,All_region,Cultivated,All_own,Loss_to_Atmos_from_Manage,MMT C,2016,0
Baseline,All_region,Cultivated,All_own,Loss_to_Atmos_from_Manage,MMT C,2017,0
Baseline,All_region,Cultivated,All_own,Loss_to_Atmos_from_Manage,MMT C,2018,0
Baseline,All_region,Cultivated,All_own,Loss_to_Atmos_from_Manage,MMT C,2019,0
Baseline,All_region,Cultivated,All_own,Loss_to_Atmos_from_Manage,MMT C,2020,0
Baseline,All_region,Cultivated,All_own,Loss_to_Atmos_from_Manage,MMT C,2021,0
Baseline,All_region,Cultivated,All_own,Loss_to_Atmos_from_Fire,MMT C,2010,0
Baseline,All_region,Cultivated,All_own,Loss_to_Atmos_from_Fire,MMT C,2011,0
Baseline,All_region,Cultivated,All_own,Loss_to_Atmos_from_Fire,MMT C,2012,0
Baseline,All_region,Cultivated,All_own,Loss_to_Atmos_from_Fire,MMT C,2013,0
Baseline,All_region,Cultivated,All_own,Loss_to_Atmos_from_Fire,MMT C,2014,0
Baseline,All_region,Cultivated,All_own,Loss_to_Atmos_from_Fire,MMT C,2015,0
Baseline,All_region,Cultivated,All_own,Loss_to_Atmos_from_Fire,MMT C,2016,0
Baseline,All_region,Cultivated,All_own,Loss_to_Atmos_from_Fire,MMT C,2017,0
Baseline,All_region,Cultivated,All_own,Loss_to_Atmos_from_Fire,MMT C,2018,0
Baseline,All_region,Cultivated,All_own,Loss_to_Atmos_from_Fire,MMT C,2019,0
Baseline,All_region,Cultivated,All_own,Loss_to_Atmos_from_Fire,MMT C,2020,0
Baseline,All_region,Cultivated,All_own,Loss_to_Atmos_from_Fire,MMT C,2021,0
Baseline,All_region,Cultivated,All_own,Loss_to_Atmos_from_LCC,MMT C,2010,-0.39344072
Baseline,All_region,Cultivated,All_own,Loss_to_Atmos_from_LCC,MMT C,2011,-0.39228494
Baseline,All_region,Cultivated,All_own,Loss_to_Atmos_from_LCC,MMT C,2012,-0.39113296
Baseline,All_region,Cultivated,All_own,Loss_to_Atmos_from_LCC,MMT C,2013,-0.39045805
Baseline,All_region,Cultivated,All_own,Loss_to_Atmos_from_LCC,MMT C,2014,-0.38976126
Baseline,All_region,Cultivated,All_own,Loss_to_Atmos_from_LCC,MMT C,2015,-0.38903387
Baseline,All_region,Cultivated,All_own,Loss_to_Atmos_from_LCC,MMT C,2016,-0.38825152
Baseline,All_region,Cultivated,All_own,Loss_to_Atmos_from_LCC,MMT C,2017,-0.38777585
Baseline,All_region,Cultivated,All_own,Loss_to_Atmos_from_LCC,MMT C,2018,-0.38684787
Baseline,All_region,Cultivated,All_own,Loss_to_Atmos_from_LCC,MMT C,2019,-0.386517
Baseline,All_region,Cultivated,All_own,Loss_to_Atmos_from_LCC,MMT C,2020,-0.38546025
Baseline,All_region,Cultivated,All_own,Loss_to_Atmos_from_LCC,MMT C,2021,-0.38449723
Baseline,All_region,Cultivated,All_own,Loss_to_Atmos_from_Wood,MMT C,2010,0
Baseline,All_region,Cultivated,All_own,Loss_to_Atmos_from_Wood,MMT C,2011,0
Baseline,All_region,Cultivated,All_own,Loss_to_Atmos_from_Wood,MMT C,2012,0
Baseline,All_region,Cultivated,All_own,Loss_to_Atmos_from_Wood,MMT C,2013,0
Baseline,All_region,Cultivated,All_own,Loss_to_Atmos_from_Wood,MMT C,2014,0
Baseline,All_region,Cultivated,All_own,Loss_to_Atmos_from_Wood,MMT C,2015,0
Baseline,All_region,Cultivated,All_own,Loss_to_Atmos_from_Wood,MMT C,2016,0
Baseline,All_region,Cultivated,All_own,Loss_to_Atmos_from_Wood,MMT C,2017,0
Baseline,All_region,Cultivated,All_own,Loss_to_Atmos_from_Wood,MMT C,2018,0
Baseline,All_region,Cultivated,All_own,Loss_to_Atmos_from_Wood,MMT C,2019,0
Baseline,All_region,Cultivated,All_own,Loss_to_Atmos_from_Wood,MMT C,2020,0
Baseline,All_region,Cultivated,All_own,Loss_to_Atmos_from_Wood,MMT C,2021,0
Alternative,All_region,Cultivated,All_own,Net_Wood_Gain,MMT C,2010,0
Alternative,All_region,Cultivated,All_own,Net_Wood_Gain,MMT C,2011,0
Alternative,All_region,Cultivated,All_own,Net_Wood_Gain,MMT C,2012,0
Alternative,All_region,Cultivated,All_own,Net_Wood_Gain,MMT C,2013,0
Alternative,All_region,Cultivated,All_own,Net_Wood_Gain,MMT C,2014,0
Alternative,All_region,Cultivated,All_own,Net_Wood_Gain,MMT C,2015,0
Alternative,All_region,Cultivated,All_own,Net_Wood_Gain,MMT C,2016,0
Alternative,All_region,Cultivated,All_own,Net_Wood_Gain,MMT C,2017,0
Alternative,All_region,Cultivated,All_own,Net_Wood_Gain,MMT C,2018,0
Alternative,All_region,Cultivated,All_own,Net_Wood_Gain,MMT C,2019,0
Alternative,All_region,Cultivated,All_own,Net_Wood_Gain,MMT C,2020,0
Alternative,All_region,Cultivated,All_own,Net_Wood_Gain,MMT C,2021,0
Alternative,All_region,Cultivated,All_own,Ecosystem_Gain_from_Atmos,MMT C,2010,-1.44527271
Alternative,All_region,Cultivated,All_own,Ecosystem_Gain_from_Atmos,MMT C,2011,-1.39829986
Alternative,All_region,Cultivated,All_own,Ecosystem_Gain_from_Atmos,MMT C,2012,-1.37520769
Alternative,All_region,Cultivated,All_own,Ecosystem_Gain_from_Atmos,MMT C,2013,-0.88622402
Alternative,All_region,Cultivated,All_own,Ecosystem_Gain_from_Atmos,MMT C,2014,-0.88951851
Alternative,All_region,Cultivated,All_own,Ecosystem_Gain_from_Atmos,MMT C,2015,-0.91238502
Alternative,All_region,Cultivated,All_own,Ecosystem_Gain_from_Atmos,MMT C,2016,-0.93145973
Alternative,All_region,Cultivated,All_own,Ecosystem_Gain_from_Atmos,MMT C,2017,-0.55593577
Alternative,All_region,Cultivated,All_own,Ecosystem_Gain_from_Atmos,MMT C,2018,-1.06750629
Alternative,All_region,Cultivated,All_own,Ecosystem_Gain_from_Atmos,MMT C,2019,-0.43973142
Alternative,All_region,Cultivated,All_own,Ecosystem_Gain_from_Atmos,MMT C,2020,-1.20211797
Alternative,All_region,Cultivated,All_own,Ecosystem_Gain_from_Atmos,MMT C,2021,-1.10764809
Alternative,All_region,Cultivated,All_own,Loss_to_Atmos_from_Manage,MMT C,2010,0
Alternative,All_region,Cultivated,All_own,Loss_to_Atmos_from_Manage,MMT C,2011,0
Alternative,All_region,Cultivated,All_own,Loss_to_Atmos_from_Manage,MMT C,2012,0
Alternative,All_region,Cultivated,All_own,Loss_to_Atmos_from_Manage,MMT C,2013,0
Alternative,All_region,Cultivated,All_own,Loss_to_Atmos_from_Manage,MMT C,2014,0
Alternative,All_region,Cultivated,All_own,Loss_to_Atmos_from_Manage,MMT C,2015,0
Alternative,All_region,Cultivated,All_own,Loss_to_Atmos_from_Manage,MMT C,2016,0
Alternative,All_region,Cultivated,All_own,Loss_to_Atmos_from_Manage,MMT C,2017,0
Alternative,All_region,Cultivated,All_own,Loss_to_Atmos_from_Manage,MMT C,2018,0
Alternative,All_region,Cultivated,All_own,Loss_to_Atmos_from_Manage,MMT C,2019,0
Alternative,All_region,Cultivated,All_own,Loss_to_Atmos_from_Manage,MMT C,2020,0
Alternative,All_region,Cultivated,All_own,Loss_to_Atmos_from_Manage,MMT C,2021,0
Alternative,All_region,Cultivated,All_own,Loss_to_Atmos_from_Fire,MMT C,2010,0
Alternative,All_region,Cultivated,All_own,Loss_to_Atmos_from_Fire,MMT C,2011,0
Alternative,All_region,Cultivated,All_own,Loss_to_Atmos_from_Fire,MMT C,2012,0
Alternative,All_region,Cultivated,All_own,Loss_to_Atmos_from_Fire,MMT C,2013,0
Alternative,All_region,Cultivated,All_own,Loss_to_Atmos_from_Fire,MMT C,2014,0
Alternative,All_region,Cultivated,All_own,Loss_to_Atmos_from_Fire,MMT C,2015,0
Alternative,All_region,Cultivated,All_own,Loss_to_Atmos_from_Fire,MMT C,2016,0
Alternative,All_region,Cultivated,All_own,Loss_to_Atmos_from_Fire,MMT C,2017,0
Alternative,All_region,Cultivated,All_own,Loss_to_Atmos_from_Fire,MMT C,2018,0
Alternative,All_region,Cultivated,All_own,Loss_to_Atmos_from_Fire,MMT C,2019,0
Alternative,All_region,Cultivated,All_own,Loss_to_Atmos_from_Fire,MMT C,2020,0
Alternative,All_region,Cultivated,All_own,Loss_to_Atmos_from_Fire,MMT C,2021,0
Alternative,All_region,Cultivated,All_own,Loss_to_Atmos_from_LCC,MMT C,2010,-0.4338841
Alternative,All_region,Cultivated,All_own,Loss_to_Atmos_from_LCC,MMT C,2011,-0.40679153
Alternative,All_region,Cultivated,All_own,Loss_to_Atmos_from_LCC,MMT C,2012,-0.37989054
Alternative,All_region,Cultivated,All_own,Loss_to_Atmos_from_LCC,MMT C,2013,-0.35358405
Alternative,All_region,Cultivated,All_own,Loss_to_Atmos_from_LCC,MMT C,2014,-0.32740325
Alternative,All_region,Cultivated,All_own,Loss_to_Atmos_from_LCC,MMT C,2015,-0.30135521
Alternative,All_region,Cultivated,All_own,Loss_to_Atmos_from_LCC,MMT C,2016,-0.27521746
Alternative,All_region,Cultivated,All_own,Loss_to_Atmos_from_LCC,MMT C,2017,-0.24927182
Alternative,All_region,Cultivated,All_own,Loss_to_Atmos_from_LCC,MMT C,2018,-0.22319263
Alternative,All_region,Cultivated,All_own,Loss_to_Atmos_from_LCC,MMT C,2019,-0.19746688
Alternative,All_region,Cultivated,All_own,Loss_to_Atmos_from_LCC,MMT C,2020,-0.17157819
Alternative,All_region,Cultivated,All_own,Loss_to_Atmos_from_LCC,MMT C,2021,-0.14507305
Alternative,All_region,Cultivated,All_own,Loss_to_Atmos_from_Wood,MMT C,2010,0
Alternative,All_region,Cultivated,All_own,Loss_to_Atmos_from_Wood,MMT C,2011,0
Alternative,All_region,Cultivated,All_own,Loss_to_Atmos_from_Wood,MMT C,2012,0
Alternative,All_region,Cultivated,All_own,Loss_to_Atmos_from_Wood,MMT C,2013,0
Alternative,All_region,Cultivated,All_own,Loss_to_Atmos_from_Wood,MMT C,2014,0
Alternative,All_region,Cultivated,All_own,Loss_to_Atmos_from_Wood,MMT C,2015,0
Alternative,All_region,Cultivated,All_own,Loss_to_Atmos_from_Wood,MMT C,2016,0
Alternative,All_region,Cultivated,All_own,Loss_to_Atmos_from_Wood,MMT C,2017,0
Alternative,All_region,Cultivated,All_own,Loss_to_Atmos_from_Wood,MMT C,2018,0
Alternative,All_region,Cultivated,All_own,Loss_to_Atmos_from_Wood,MMT C,2019,0
Alternative,All_region,Cultivated,All_own,Loss_to_Atmos_from_Wood,MMT C,2020,0
Alternative,All_region,Cultivated,All_own,Loss_to_Atmos_from_Wood,MMT C,2021,0
