Scenario,Land_Type,Units,Year,Value
Baseline,Cultivated,MMT C,2010,0
Baseline,Cultivated,MMT C,2011,-1.83935979
Baseline,Cultivated,MMT C,2012,-3.64220848
Baseline,Cultivated,MMT C,2013,-5.43210273
Baseline,Cultivated,MMT C,2014,-6.72988444
Baseline,Cultivated,MMT C,2015,-8.03852527
Baseline,Cultivated,MMT C,2016,-9.37738816
Baseline,Cultivated,MMT C,2017,-10.74524831
Baseline,Cultivated,MMT C,2018,-11.72357585
Baseline,Cultivated,MMT C,2019,-13.2542401
Baseline,Cultivated,MMT C,2020,-14.10869764
Baseline,Cultivated,MMT C,2021,-15.80141187
Baseline,Cultivated,MMT C,2022,-17.39788048
Alternative,Cultivated,MMT C,2010,0
Alternative,Cultivated,MMT C,2011,-1.87915681
Alternative,Cultivated,MMT C,2012,-3.6842482
Alternative,Cultivated,MMT C,2013,-5.43934643
Alternative,Cultivated,MMT C,2014,-6.67915449
Alternative,Cultivated,MMT C,2015,-7.89607625
Alternative,Cultivated,MMT C,2016,-9.10981648
Alternative,Cultivated,MMT C,2017,-10.31649367
Alternative,Cultivated,MMT C,2018,-11.12170126
Alternative,Cultivated,MMT C,2019,-12.41240019
Alternative,Cultivated,MMT C,2020,-13.04959849
Alternative,Cultivated,MMT C,2021,-14.42329464
Alternative,Cultivated,MMT C,2022,-15.67601578
