Scenario,Region,Land_Type,Ownership,Units,Year,Value
Baseline_10_29_19_RCP85_output_D+sd_A-sd_S=mean_BC1_NR120,All_region,Cultivated,All_own,MMT C,2010,0
Baseline_10_29_19_RCP85_output_D+sd_A-sd_S=mean_BC1_NR120,All_region,Cultivated,All_own,MMT C,2011,0.39344072
Baseline_10_29_19_RCP85_output_D+sd_A-sd_S=mean_BC1_NR120,All_region,Cultivated,All_own,MMT C,2012,0.78572566
Baseline_10_29_19_RCP85_output_D+sd_A-sd_S=mean_BC1_NR120,All_region,Cultivated,All_own,MMT C,2013,1.17685863
Baseline_10_29_19_RCP85_output_D+sd_A-sd_S=mean_BC1_NR120,All_region,Cultivated,All_own,MMT C,2014,1.56731668
Baseline_10_29_19_RCP85_output_D+sd_A-sd_S=mean_BC1_NR120,All_region,Cultivated,All_own,MMT C,2015,1.95707794
Baseline_10_29_19_RCP85_output_D+sd_A-sd_S=mean_BC1_NR120,All_region,Cultivated,All_own,MMT C,2016,2.34611182
Baseline_10_29_19_RCP85_output_D+sd_A-sd_S=mean_BC1_NR120,All_region,Cultivated,All_own,MMT C,2017,2.73436334
Baseline_10_29_19_RCP85_output_D+sd_A-sd_S=mean_BC1_NR120,All_region,Cultivated,All_own,MMT C,2018,3.12213918
Baseline_10_29_19_RCP85_output_D+sd_A-sd_S=mean_BC1_NR120,All_region,Cultivated,All_own,MMT C,2019,3.50898705
Baseline_10_29_19_RCP85_output_D+sd_A-sd_S=mean_BC1_NR120,All_region,Cultivated,All_own,MMT C,2020,3.89550405
Baseline_10_29_19_RCP85_output_D+sd_A-sd_S=mean_BC1_NR120,All_region,Cultivated,All_own,MMT C,2021,4.28096431
Baseline_10_29_19_RCP85_output_D+sd_A-sd_S=mean_BC1_NR120,All_region,Cultivated,All_own,MMT C,2022,4.66546154
Alternative_B_10_29_19_RCP85_output_D+sd_A-sd_S=mean_BC1_NR120,All_region,Cultivated,All_own,MMT C,2010,0
Alternative_B_10_29_19_RCP85_output_D+sd_A-sd_S=mean_BC1_NR120,All_region,Cultivated,All_own,MMT C,2011,0.4338841
Alternative_B_10_29_19_RCP85_output_D+sd_A-sd_S=mean_BC1_NR120,All_region,Cultivated,All_own,MMT C,2012,0.84067563
Alternative_B_10_29_19_RCP85_output_D+sd_A-sd_S=mean_BC1_NR120,All_region,Cultivated,All_own,MMT C,2013,1.22056617
Alternative_B_10_29_19_RCP85_output_D+sd_A-sd_S=mean_BC1_NR120,All_region,Cultivated,All_own,MMT C,2014,1.57415021
Alternative_B_10_29_19_RCP85_output_D+sd_A-sd_S=mean_BC1_NR120,All_region,Cultivated,All_own,MMT C,2015,1.90155346
Alternative_B_10_29_19_RCP85_output_D+sd_A-sd_S=mean_BC1_NR120,All_region,Cultivated,All_own,MMT C,2016,2.20290867
Alternative_B_10_29_19_RCP85_output_D+sd_A-sd_S=mean_BC1_NR120,All_region,Cultivated,All_own,MMT C,2017,2.47812613
Alternative_B_10_29_19_RCP85_output_D+sd_A-sd_S=mean_BC1_NR120,All_region,Cultivated,All_own,MMT C,2018,2.72739795
Alternative_B_10_29_19_RCP85_output_D+sd_A-sd_S=mean_BC1_NR120,All_region,Cultivated,All_own,MMT C,2019,2.95059058
Alternative_B_10_29_19_RCP85_output_D+sd_A-sd_S=mean_BC1_NR120,All_region,Cultivated,All_own,MMT C,2020,3.14805746
Alternative_B_10_29_19_RCP85_output_D+sd_A-sd_S=mean_BC1_NR120,All_region,Cultivated,All_own,MMT C,2021,3.31963565
Alternative_B_10_29_19_RCP85_output_D+sd_A-sd_S=mean_BC1_NR120,All_region,Cultivated,All_own,MMT C,2022,3.4647087
