Scenario,Region,Land_Type,Ownership,Units,Year,Value
Alternative_B_10_29_19_RCP85_output_D+sd_A-sd_S=mean_BC1_NR120,All_region,Cultivated,All_own,MgC/ac,2010,0
Alternative_B_10_29_19_RCP85_output_D+sd_A-sd_S=mean_BC1_NR120,All_region,Cultivated,All_own,MgC/ac,2011,-0.121318921809859
Alternative_B_10_29_19_RCP85_output_D+sd_A-sd_S=mean_BC1_NR120,All_region,Cultivated,All_own,MgC/ac,2012,-0.241767875771117
Alternative_B_10_29_19_RCP85_output_D+sd_A-sd_S=mean_BC1_NR120,All_region,Cultivated,All_own,MgC/ac,2013,-0.359625884649844
Alternative_B_10_29_19_RCP85_output_D+sd_A-sd_S=mean_BC1_NR120,All_region,Cultivated,All_own,MgC/ac,2014,-0.477022675021118
Alternative_B_10_29_19_RCP85_output_D+sd_A-sd_S=mean_BC1_NR120,All_region,Cultivated,All_own,MgC/ac,2015,-0.593820782952449
Alternative_B_10_29_19_RCP85_output_D+sd_A-sd_S=mean_BC1_NR120,All_region,Cultivated,All_own,MgC/ac,2016,-0.709115832401878
Alternative_B_10_29_19_RCP85_output_D+sd_A-sd_S=mean_BC1_NR120,All_region,Cultivated,All_own,MgC/ac,2017,-0.822690998913046
Alternative_B_10_29_19_RCP85_output_D+sd_A-sd_S=mean_BC1_NR120,All_region,Cultivated,All_own,MgC/ac,2018,-0.93695129125679
Alternative_B_10_29_19_RCP85_output_D+sd_A-sd_S=mean_BC1_NR120,All_region,Cultivated,All_own,MgC/ac,2019,-1.04756478669867
Alternative_B_10_29_19_RCP85_output_D+sd_A-sd_S=mean_BC1_NR120,All_region,Cultivated,All_own,MgC/ac,2020,-1.16117045312902
Alternative_B_10_29_19_RCP85_output_D+sd_A-sd_S=mean_BC1_NR120,All_region,Cultivated,All_own,MgC/ac,2021,-1.26781789695568
Alternative_B_10_29_19_RCP85_output_D+sd_A-sd_S=mean_BC1_NR120,All_region,Cultivated,All_own,MgC/ac,2022,-1.37365599341773
