Scenario,Region,Land_Type,Ownership,Units,Year,Value,Diff,Component
Baseline_10_29_19_RCP85_output_D+sd_A-sd_S=mean_BC1_NR120,All_region,Cultivated,All_own,MMT CO2-eq,2010,0,0,Eco_CumCH4eq
Baseline_10_29_19_RCP85_output_D+sd_A-sd_S=mean_BC1_NR120,All_region,Cultivated,All_own,MMT CO2-eq,2011,0,0,Eco_CumCH4eq
Baseline_10_29_19_RCP85_output_D+sd_A-sd_S=mean_BC1_NR120,All_region,Cultivated,All_own,MMT CO2-eq,2012,0,0,Eco_CumCH4eq
Baseline_10_29_19_RCP85_output_D+sd_A-sd_S=mean_BC1_NR120,All_region,Cultivated,All_own,MMT CO2-eq,2013,0,0,Eco_CumCH4eq
Baseline_10_29_19_RCP85_output_D+sd_A-sd_S=mean_BC1_NR120,All_region,Cultivated,All_own,MMT CO2-eq,2014,0,0,Eco_CumCH4eq
Baseline_10_29_19_RCP85_output_D+sd_A-sd_S=mean_BC1_NR120,All_region,Cultivated,All_own,MMT CO2-eq,2015,0,0,Eco_CumCH4eq
Baseline_10_29_19_RCP85_output_D+sd_A-sd_S=mean_BC1_NR120,All_region,Cultivated,All_own,MMT CO2-eq,2016,0,0,Eco_CumCH4eq
Baseline_10_29_19_RCP85_output_D+sd_A-sd_S=mean_BC1_NR120,All_region,Cultivated,All_own,MMT CO2-eq,2017,0,0,Eco_CumCH4eq
Baseline_10_29_19_RCP85_output_D+sd_A-sd_S=mean_BC1_NR120,All_region,Cultivated,All_own,MMT CO2-eq,2018,0,0,Eco_CumCH4eq
Baseline_10_29_19_RCP85_output_D+sd_A-sd_S=mean_BC1_NR120,All_region,Cultivated,All_own,MMT CO2-eq,2019,0,0,Eco_CumCH4eq
Baseline_10_29_19_RCP85_output_D+sd_A-sd_S=mean_BC1_NR120,All_region,Cultivated,All_own,MMT CO2-eq,2020,0,0,Eco_CumCH4eq
Baseline_10_29_19_RCP85_output_D+sd_A-sd_S=mean_BC1_NR120,All_region,Cultivated,All_own,MMT CO2-eq,2021,0,0,Eco_CumCH4eq
Baseline_10_29_19_RCP85_output_D+sd_A-sd_S=mean_BC1_NR120,All_region,Cultivated,All_own,MMT CO2-eq,2022,0,0,Eco_CumCH4eq
Baseline_10_29_19_RCP85_output_D+sd_A-sd_S=mean_BC1_NR120,All_region,Cultivated,All_own,MMT CO2-eq,2010,0,0,Eco_CumCO2
Baseline_10_29_19_RCP85_output_D+sd_A-sd_S=mean_BC1_NR120,All_region,Cultivated,All_own,MMT CO2-eq,2011,5.29818397,0,Eco_CumCO2
Baseline_10_29_19_RCP85_output_D+sd_A-sd_S=mean_BC1_NR120,All_region,Cultivated,All_own,MMT CO2-eq,2012,10.46681783,0,Eco_CumCO2
Baseline_10_29_19_RCP85_output_D+sd_A-sd_S=mean_BC1_NR120,All_region,Cultivated,All_own,MMT CO2-eq,2013,15.59220469,0,Eco_CumCO2
Baseline_10_29_19_RCP85_output_D+sd_A-sd_S=mean_BC1_NR120,All_region,Cultivated,All_own,MMT CO2-eq,2014,18.91684975,0,Eco_CumCO2
Baseline_10_29_19_RCP85_output_D+sd_A-sd_S=mean_BC1_NR120,All_region,Cultivated,All_own,MMT CO2-eq,2015,22.28383833,0,Eco_CumCO2
Baseline_10_29_19_RCP85_output_D+sd_A-sd_S=mean_BC1_NR120,All_region,Cultivated,All_own,MMT CO2-eq,2016,25.76423286,0,Eco_CumCO2
Baseline_10_29_19_RCP85_output_D+sd_A-sd_S=mean_BC1_NR120,All_region,Cultivated,All_own,MMT CO2-eq,2017,29.35374686,0,Eco_CumCO2
Baseline_10_29_19_RCP85_output_D+sd_A-sd_S=mean_BC1_NR120,All_region,Cultivated,All_own,MMT CO2-eq,2018,31.51766575,0,Eco_CumCO2
Baseline_10_29_19_RCP85_output_D+sd_A-sd_S=mean_BC1_NR120,All_region,Cultivated,All_own,MMT CO2-eq,2019,35.70887515,0,Eco_CumCO2
Baseline_10_29_19_RCP85_output_D+sd_A-sd_S=mean_BC1_NR120,All_region,Cultivated,All_own,MMT CO2-eq,2020,37.42351817,0,Eco_CumCO2
Baseline_10_29_19_RCP85_output_D+sd_A-sd_S=mean_BC1_NR120,All_region,Cultivated,All_own,MMT CO2-eq,2021,42.21360095,0,Eco_CumCO2
Baseline_10_29_19_RCP85_output_D+sd_A-sd_S=mean_BC1_NR120,All_region,Cultivated,All_own,MMT CO2-eq,2022,46.65454616,0,Eco_CumCO2
Baseline_10_29_19_RCP85_output_D+sd_A-sd_S=mean_BC1_NR120,All_region,Cultivated,All_own,MMT CO2-eq,2010,0,0,LCCFire_CumCH4eq
Baseline_10_29_19_RCP85_output_D+sd_A-sd_S=mean_BC1_NR120,All_region,Cultivated,All_own,MMT CO2-eq,2011,0,0,LCCFire_CumCH4eq
Baseline_10_29_19_RCP85_output_D+sd_A-sd_S=mean_BC1_NR120,All_region,Cultivated,All_own,MMT CO2-eq,2012,0,0,LCCFire_CumCH4eq
Baseline_10_29_19_RCP85_output_D+sd_A-sd_S=mean_BC1_NR120,All_region,Cultivated,All_own,MMT CO2-eq,2013,0,0,LCCFire_CumCH4eq
Baseline_10_29_19_RCP85_output_D+sd_A-sd_S=mean_BC1_NR120,All_region,Cultivated,All_own,MMT CO2-eq,2014,0,0,LCCFire_CumCH4eq
Baseline_10_29_19_RCP85_output_D+sd_A-sd_S=mean_BC1_NR120,All_region,Cultivated,All_own,MMT CO2-eq,2015,0,0,LCCFire_CumCH4eq
Baseline_10_29_19_RCP85_output_D+sd_A-sd_S=mean_BC1_NR120,All_region,Cultivated,All_own,MMT CO2-eq,2016,0,0,LCCFire_CumCH4eq
Baseline_10_29_19_RCP85_output_D+sd_A-sd_S=mean_BC1_NR120,All_region,Cultivated,All_own,MMT CO2-eq,2017,0,0,LCCFire_CumCH4eq
Baseline_10_29_19_RCP85_output_D+sd_A-sd_S=mean_BC1_NR120,All_region,Cultivated,All_own,MMT CO2-eq,2018,0,0,LCCFire_CumCH4eq
Baseline_10_29_19_RCP85_output_D+sd_A-sd_S=mean_BC1_NR120,All_region,Cultivated,All_own,MMT CO2-eq,2019,0,0,LCCFire_CumCH4eq
Baseline_10_29_19_RCP85_output_D+sd_A-sd_S=mean_BC1_NR120,All_region,Cultivated,All_own,MMT CO2-eq,2020,0,0,LCCFire_CumCH4eq
Baseline_10_29_19_RCP85_output_D+sd_A-sd_S=mean_BC1_NR120,All_region,Cultivated,All_own,MMT CO2-eq,2021,0,0,LCCFire_CumCH4eq
Baseline_10_29_19_RCP85_output_D+sd_A-sd_S=mean_BC1_NR120,All_region,Cultivated,All_own,MMT CO2-eq,2022,0,0,LCCFire_CumCH4eq
Baseline_10_29_19_RCP85_output_D+sd_A-sd_S=mean_BC1_NR120,All_region,Cultivated,All_own,MMT CO2-eq,2010,0,0,LCCFire_CumCO2
Baseline_10_29_19_RCP85_output_D+sd_A-sd_S=mean_BC1_NR120,All_region,Cultivated,All_own,MMT CO2-eq,2011,0,0,LCCFire_CumCO2
Baseline_10_29_19_RCP85_output_D+sd_A-sd_S=mean_BC1_NR120,All_region,Cultivated,All_own,MMT CO2-eq,2012,0,0,LCCFire_CumCO2
Baseline_10_29_19_RCP85_output_D+sd_A-sd_S=mean_BC1_NR120,All_region,Cultivated,All_own,MMT CO2-eq,2013,0,0,LCCFire_CumCO2
Baseline_10_29_19_RCP85_output_D+sd_A-sd_S=mean_BC1_NR120,All_region,Cultivated,All_own,MMT CO2-eq,2014,0,0,LCCFire_CumCO2
Baseline_10_29_19_RCP85_output_D+sd_A-sd_S=mean_BC1_NR120,All_region,Cultivated,All_own,MMT CO2-eq,2015,0,0,LCCFire_CumCO2
Baseline_10_29_19_RCP85_output_D+sd_A-sd_S=mean_BC1_NR120,All_region,Cultivated,All_own,MMT CO2-eq,2016,0,0,LCCFire_CumCO2
Baseline_10_29_19_RCP85_output_D+sd_A-sd_S=mean_BC1_NR120,All_region,Cultivated,All_own,MMT CO2-eq,2017,0,0,LCCFire_CumCO2
Baseline_10_29_19_RCP85_output_D+sd_A-sd_S=mean_BC1_NR120,All_region,Cultivated,All_own,MMT CO2-eq,2018,0,0,LCCFire_CumCO2
Baseline_10_29_19_RCP85_output_D+sd_A-sd_S=mean_BC1_NR120,All_region,Cultivated,All_own,MMT CO2-eq,2019,0,0,LCCFire_CumCO2
Baseline_10_29_19_RCP85_output_D+sd_A-sd_S=mean_BC1_NR120,All_region,Cultivated,All_own,MMT CO2-eq,2020,0,0,LCCFire_CumCO2
Baseline_10_29_19_RCP85_output_D+sd_A-sd_S=mean_BC1_NR120,All_region,Cultivated,All_own,MMT CO2-eq,2021,0,0,LCCFire_CumCO2
Baseline_10_29_19_RCP85_output_D+sd_A-sd_S=mean_BC1_NR120,All_region,Cultivated,All_own,MMT CO2-eq,2022,0,0,LCCFire_CumCO2
Baseline_10_29_19_RCP85_output_D+sd_A-sd_S=mean_BC1_NR120,All_region,Cultivated,All_own,MMT CO2-eq,2010,0,0,LCCNonBurn_CumCO2
Baseline_10_29_19_RCP85_output_D+sd_A-sd_S=mean_BC1_NR120,All_region,Cultivated,All_own,MMT CO2-eq,2011,1.44165838,0,LCCNonBurn_CumCO2
Baseline_10_29_19_RCP85_output_D+sd_A-sd_S=mean_BC1_NR120,All_region,Cultivated,All_own,MMT CO2-eq,2012,2.87908169,0,LCCNonBurn_CumCO2
Baseline_10_29_19_RCP85_output_D+sd_A-sd_S=mean_BC1_NR120,All_region,Cultivated,All_own,MMT CO2-eq,2013,4.3122839,0,LCCNonBurn_CumCO2
Baseline_10_29_19_RCP85_output_D+sd_A-sd_S=mean_BC1_NR120,All_region,Cultivated,All_own,MMT CO2-eq,2014,5.74301307,0,LCCNonBurn_CumCO2
Baseline_10_29_19_RCP85_output_D+sd_A-sd_S=mean_BC1_NR120,All_region,Cultivated,All_own,MMT CO2-eq,2015,7.17118905,0,LCCNonBurn_CumCO2
Baseline_10_29_19_RCP85_output_D+sd_A-sd_S=mean_BC1_NR120,All_region,Cultivated,All_own,MMT CO2-eq,2016,8.59669969,0,LCCNonBurn_CumCO2
Baseline_10_29_19_RCP85_output_D+sd_A-sd_S=mean_BC1_NR120,All_region,Cultivated,All_own,MMT CO2-eq,2017,10.01934363,0,LCCNonBurn_CumCO2
Baseline_10_29_19_RCP85_output_D+sd_A-sd_S=mean_BC1_NR120,All_region,Cultivated,All_own,MMT CO2-eq,2018,11.44024457,0,LCCNonBurn_CumCO2
Baseline_10_29_19_RCP85_output_D+sd_A-sd_S=mean_BC1_NR120,All_region,Cultivated,All_own,MMT CO2-eq,2019,12.8577452,0,LCCNonBurn_CumCO2
Baseline_10_29_19_RCP85_output_D+sd_A-sd_S=mean_BC1_NR120,All_region,Cultivated,All_own,MMT CO2-eq,2020,14.27403344,0,LCCNonBurn_CumCO2
Baseline_10_29_19_RCP85_output_D+sd_A-sd_S=mean_BC1_NR120,All_region,Cultivated,All_own,MMT CO2-eq,2021,15.68644951,0,LCCNonBurn_CumCO2
Baseline_10_29_19_RCP85_output_D+sd_A-sd_S=mean_BC1_NR120,All_region,Cultivated,All_own,MMT CO2-eq,2022,17.09533685,0,LCCNonBurn_CumCO2
Baseline_10_29_19_RCP85_output_D+sd_A-sd_S=mean_BC1_NR120,All_region,Cultivated,All_own,MMT CO2-eq,2010,0,0,LCCTotEnergy_CumCH4eq
Baseline_10_29_19_RCP85_output_D+sd_A-sd_S=mean_BC1_NR120,All_region,Cultivated,All_own,MMT CO2-eq,2011,0,0,LCCTotEnergy_CumCH4eq
Baseline_10_29_19_RCP85_output_D+sd_A-sd_S=mean_BC1_NR120,All_region,Cultivated,All_own,MMT CO2-eq,2012,0,0,LCCTotEnergy_CumCH4eq
Baseline_10_29_19_RCP85_output_D+sd_A-sd_S=mean_BC1_NR120,All_region,Cultivated,All_own,MMT CO2-eq,2013,0,0,LCCTotEnergy_CumCH4eq
Baseline_10_29_19_RCP85_output_D+sd_A-sd_S=mean_BC1_NR120,All_region,Cultivated,All_own,MMT CO2-eq,2014,0,0,LCCTotEnergy_CumCH4eq
Baseline_10_29_19_RCP85_output_D+sd_A-sd_S=mean_BC1_NR120,All_region,Cultivated,All_own,MMT CO2-eq,2015,0,0,LCCTotEnergy_CumCH4eq
Baseline_10_29_19_RCP85_output_D+sd_A-sd_S=mean_BC1_NR120,All_region,Cultivated,All_own,MMT CO2-eq,2016,0,0,LCCTotEnergy_CumCH4eq
Baseline_10_29_19_RCP85_output_D+sd_A-sd_S=mean_BC1_NR120,All_region,Cultivated,All_own,MMT CO2-eq,2017,0,0,LCCTotEnergy_CumCH4eq
Baseline_10_29_19_RCP85_output_D+sd_A-sd_S=mean_BC1_NR120,All_region,Cultivated,All_own,MMT CO2-eq,2018,0,0,LCCTotEnergy_CumCH4eq
Baseline_10_29_19_RCP85_output_D+sd_A-sd_S=mean_BC1_NR120,All_region,Cultivated,All_own,MMT CO2-eq,2019,0,0,LCCTotEnergy_CumCH4eq
Baseline_10_29_19_RCP85_output_D+sd_A-sd_S=mean_BC1_NR120,All_region,Cultivated,All_own,MMT CO2-eq,2020,0,0,LCCTotEnergy_CumCH4eq
Baseline_10_29_19_RCP85_output_D+sd_A-sd_S=mean_BC1_NR120,All_region,Cultivated,All_own,MMT CO2-eq,2021,0,0,LCCTotEnergy_CumCH4eq
Baseline_10_29_19_RCP85_output_D+sd_A-sd_S=mean_BC1_NR120,All_region,Cultivated,All_own,MMT CO2-eq,2022,0,0,LCCTotEnergy_CumCH4eq
Baseline_10_29_19_RCP85_output_D+sd_A-sd_S=mean_BC1_NR120,All_region,Cultivated,All_own,MMT CO2-eq,2010,0,0,LCCTotEnergy_CumCO2
Baseline_10_29_19_RCP85_output_D+sd_A-sd_S=mean_BC1_NR120,All_region,Cultivated,All_own,MMT CO2-eq,2011,0,0,LCCTotEnergy_CumCO2
Baseline_10_29_19_RCP85_output_D+sd_A-sd_S=mean_BC1_NR120,All_region,Cultivated,All_own,MMT CO2-eq,2012,0,0,LCCTotEnergy_CumCO2
Baseline_10_29_19_RCP85_output_D+sd_A-sd_S=mean_BC1_NR120,All_region,Cultivated,All_own,MMT CO2-eq,2013,0,0,LCCTotEnergy_CumCO2
Baseline_10_29_19_RCP85_output_D+sd_A-sd_S=mean_BC1_NR120,All_region,Cultivated,All_own,MMT CO2-eq,2014,0,0,LCCTotEnergy_CumCO2
Baseline_10_29_19_RCP85_output_D+sd_A-sd_S=mean_BC1_NR120,All_region,Cultivated,All_own,MMT CO2-eq,2015,0,0,LCCTotEnergy_CumCO2
Baseline_10_29_19_RCP85_output_D+sd_A-sd_S=mean_BC1_NR120,All_region,Cultivated,All_own,MMT CO2-eq,2016,0,0,LCCTotEnergy_CumCO2
Baseline_10_29_19_RCP85_output_D+sd_A-sd_S=mean_BC1_NR120,All_region,Cultivated,All_own,MMT CO2-eq,2017,0,0,LCCTotEnergy_CumCO2
Baseline_10_29_19_RCP85_output_D+sd_A-sd_S=mean_BC1_NR120,All_region,Cultivated,All_own,MMT CO2-eq,2018,0,0,LCCTotEnergy_CumCO2
Baseline_10_29_19_RCP85_output_D+sd_A-sd_S=mean_BC1_NR120,All_region,Cultivated,All_own,MMT CO2-eq,2019,0,0,LCCTotEnergy_CumCO2
Baseline_10_29_19_RCP85_output_D+sd_A-sd_S=mean_BC1_NR120,All_region,Cultivated,All_own,MMT CO2-eq,2020,0,0,LCCTotEnergy_CumCO2
Baseline_10_29_19_RCP85_output_D+sd_A-sd_S=mean_BC1_NR120,All_region,Cultivated,All_own,MMT CO2-eq,2021,0,0,LCCTotEnergy_CumCO2
Baseline_10_29_19_RCP85_output_D+sd_A-sd_S=mean_BC1_NR120,All_region,Cultivated,All_own,MMT CO2-eq,2022,0,0,LCCTotEnergy_CumCO2
Baseline_10_29_19_RCP85_output_D+sd_A-sd_S=mean_BC1_NR120,All_region,Cultivated,All_own,MMT CO2-eq,2010,0,0,ManFire_CumCH4eq
Baseline_10_29_19_RCP85_output_D+sd_A-sd_S=mean_BC1_NR120,All_region,Cultivated,All_own,MMT CO2-eq,2011,0,0,ManFire_CumCH4eq
Baseline_10_29_19_RCP85_output_D+sd_A-sd_S=mean_BC1_NR120,All_region,Cultivated,All_own,MMT CO2-eq,2012,0,0,ManFire_CumCH4eq
Baseline_10_29_19_RCP85_output_D+sd_A-sd_S=mean_BC1_NR120,All_region,Cultivated,All_own,MMT CO2-eq,2013,0,0,ManFire_CumCH4eq
Baseline_10_29_19_RCP85_output_D+sd_A-sd_S=mean_BC1_NR120,All_region,Cultivated,All_own,MMT CO2-eq,2014,0,0,ManFire_CumCH4eq
Baseline_10_29_19_RCP85_output_D+sd_A-sd_S=mean_BC1_NR120,All_region,Cultivated,All_own,MMT CO2-eq,2015,0,0,ManFire_CumCH4eq
Baseline_10_29_19_RCP85_output_D+sd_A-sd_S=mean_BC1_NR120,All_region,Cultivated,All_own,MMT CO2-eq,2016,0,0,ManFire_CumCH4eq
Baseline_10_29_19_RCP85_output_D+sd_A-sd_S=mean_BC1_NR120,All_region,Cultivated,All_own,MMT CO2-eq,2017,0,0,ManFire_CumCH4eq
Baseline_10_29_19_RCP85_output_D+sd_A-sd_S=mean_BC1_NR120,All_region,Cultivated,All_own,MMT CO2-eq,2018,0,0,ManFire_CumCH4eq
Baseline_10_29_19_RCP85_output_D+sd_A-sd_S=mean_BC1_NR120,All_region,Cultivated,All_own,MMT CO2-eq,2019,0,0,ManFire_CumCH4eq
Baseline_10_29_19_RCP85_output_D+sd_A-sd_S=mean_BC1_NR120,All_region,Cultivated,All_own,MMT CO2-eq,2020,0,0,ManFire_CumCH4eq
Baseline_10_29_19_RCP85_output_D+sd_A-sd_S=mean_BC1_NR120,All_region,Cultivated,All_own,MMT CO2-eq,2021,0,0,ManFire_CumCH4eq
Baseline_10_29_19_RCP85_output_D+sd_A-sd_S=mean_BC1_NR120,All_region,Cultivated,All_own,MMT CO2-eq,2022,0,0,ManFire_CumCH4eq
Baseline_10_29_19_RCP85_output_D+sd_A-sd_S=mean_BC1_NR120,All_region,Cultivated,All_own,MMT CO2-eq,2010,0,0,ManFire_CumCO2
Baseline_10_29_19_RCP85_output_D+sd_A-sd_S=mean_BC1_NR120,All_region,Cultivated,All_own,MMT CO2-eq,2011,0,0,ManFire_CumCO2
Baseline_10_29_19_RCP85_output_D+sd_A-sd_S=mean_BC1_NR120,All_region,Cultivated,All_own,MMT CO2-eq,2012,0,0,ManFire_CumCO2
Baseline_10_29_19_RCP85_output_D+sd_A-sd_S=mean_BC1_NR120,All_region,Cultivated,All_own,MMT CO2-eq,2013,0,0,ManFire_CumCO2
Baseline_10_29_19_RCP85_output_D+sd_A-sd_S=mean_BC1_NR120,All_region,Cultivated,All_own,MMT CO2-eq,2014,0,0,ManFire_CumCO2
Baseline_10_29_19_RCP85_output_D+sd_A-sd_S=mean_BC1_NR120,All_region,Cultivated,All_own,MMT CO2-eq,2015,0,0,ManFire_CumCO2
Baseline_10_29_19_RCP85_output_D+sd_A-sd_S=mean_BC1_NR120,All_region,Cultivated,All_own,MMT CO2-eq,2016,0,0,ManFire_CumCO2
Baseline_10_29_19_RCP85_output_D+sd_A-sd_S=mean_BC1_NR120,All_region,Cultivated,All_own,MMT CO2-eq,2017,0,0,ManFire_CumCO2
Baseline_10_29_19_RCP85_output_D+sd_A-sd_S=mean_BC1_NR120,All_region,Cultivated,All_own,MMT CO2-eq,2018,0,0,ManFire_CumCO2
Baseline_10_29_19_RCP85_output_D+sd_A-sd_S=mean_BC1_NR120,All_region,Cultivated,All_own,MMT CO2-eq,2019,0,0,ManFire_CumCO2
Baseline_10_29_19_RCP85_output_D+sd_A-sd_S=mean_BC1_NR120,All_region,Cultivated,All_own,MMT CO2-eq,2020,0,0,ManFire_CumCO2
Baseline_10_29_19_RCP85_output_D+sd_A-sd_S=mean_BC1_NR120,All_region,Cultivated,All_own,MMT CO2-eq,2021,0,0,ManFire_CumCO2
Baseline_10_29_19_RCP85_output_D+sd_A-sd_S=mean_BC1_NR120,All_region,Cultivated,All_own,MMT CO2-eq,2022,0,0,ManFire_CumCO2
Baseline_10_29_19_RCP85_output_D+sd_A-sd_S=mean_BC1_NR120,All_region,Cultivated,All_own,MMT CO2-eq,2010,0,0,ManNonBurn_CumCO2
Baseline_10_29_19_RCP85_output_D+sd_A-sd_S=mean_BC1_NR120,All_region,Cultivated,All_own,MMT CO2-eq,2011,0,0,ManNonBurn_CumCO2
Baseline_10_29_19_RCP85_output_D+sd_A-sd_S=mean_BC1_NR120,All_region,Cultivated,All_own,MMT CO2-eq,2012,0,0,ManNonBurn_CumCO2
Baseline_10_29_19_RCP85_output_D+sd_A-sd_S=mean_BC1_NR120,All_region,Cultivated,All_own,MMT CO2-eq,2013,0,0,ManNonBurn_CumCO2
Baseline_10_29_19_RCP85_output_D+sd_A-sd_S=mean_BC1_NR120,All_region,Cultivated,All_own,MMT CO2-eq,2014,0,0,ManNonBurn_CumCO2
Baseline_10_29_19_RCP85_output_D+sd_A-sd_S=mean_BC1_NR120,All_region,Cultivated,All_own,MMT CO2-eq,2015,0,0,ManNonBurn_CumCO2
Baseline_10_29_19_RCP85_output_D+sd_A-sd_S=mean_BC1_NR120,All_region,Cultivated,All_own,MMT CO2-eq,2016,0,0,ManNonBurn_CumCO2
Baseline_10_29_19_RCP85_output_D+sd_A-sd_S=mean_BC1_NR120,All_region,Cultivated,All_own,MMT CO2-eq,2017,0,0,ManNonBurn_CumCO2
Baseline_10_29_19_RCP85_output_D+sd_A-sd_S=mean_BC1_NR120,All_region,Cultivated,All_own,MMT CO2-eq,2018,0,0,ManNonBurn_CumCO2
Baseline_10_29_19_RCP85_output_D+sd_A-sd_S=mean_BC1_NR120,All_region,Cultivated,All_own,MMT CO2-eq,2019,0,0,ManNonBurn_CumCO2
Baseline_10_29_19_RCP85_output_D+sd_A-sd_S=mean_BC1_NR120,All_region,Cultivated,All_own,MMT CO2-eq,2020,0,0,ManNonBurn_CumCO2
Baseline_10_29_19_RCP85_output_D+sd_A-sd_S=mean_BC1_NR120,All_region,Cultivated,All_own,MMT CO2-eq,2021,0,0,ManNonBurn_CumCO2
Baseline_10_29_19_RCP85_output_D+sd_A-sd_S=mean_BC1_NR120,All_region,Cultivated,All_own,MMT CO2-eq,2022,0,0,ManNonBurn_CumCO2
Baseline_10_29_19_RCP85_output_D+sd_A-sd_S=mean_BC1_NR120,All_region,Cultivated,All_own,MMT CO2-eq,2010,0,0,ManTotEnergy_CumCH4eq
Baseline_10_29_19_RCP85_output_D+sd_A-sd_S=mean_BC1_NR120,All_region,Cultivated,All_own,MMT CO2-eq,2011,0,0,ManTotEnergy_CumCH4eq
Baseline_10_29_19_RCP85_output_D+sd_A-sd_S=mean_BC1_NR120,All_region,Cultivated,All_own,MMT CO2-eq,2012,0,0,ManTotEnergy_CumCH4eq
Baseline_10_29_19_RCP85_output_D+sd_A-sd_S=mean_BC1_NR120,All_region,Cultivated,All_own,MMT CO2-eq,2013,0,0,ManTotEnergy_CumCH4eq
Baseline_10_29_19_RCP85_output_D+sd_A-sd_S=mean_BC1_NR120,All_region,Cultivated,All_own,MMT CO2-eq,2014,0,0,ManTotEnergy_CumCH4eq
Baseline_10_29_19_RCP85_output_D+sd_A-sd_S=mean_BC1_NR120,All_region,Cultivated,All_own,MMT CO2-eq,2015,0,0,ManTotEnergy_CumCH4eq
Baseline_10_29_19_RCP85_output_D+sd_A-sd_S=mean_BC1_NR120,All_region,Cultivated,All_own,MMT CO2-eq,2016,0,0,ManTotEnergy_CumCH4eq
Baseline_10_29_19_RCP85_output_D+sd_A-sd_S=mean_BC1_NR120,All_region,Cultivated,All_own,MMT CO2-eq,2017,0,0,ManTotEnergy_CumCH4eq
Baseline_10_29_19_RCP85_output_D+sd_A-sd_S=mean_BC1_NR120,All_region,Cultivated,All_own,MMT CO2-eq,2018,0,0,ManTotEnergy_CumCH4eq
Baseline_10_29_19_RCP85_output_D+sd_A-sd_S=mean_BC1_NR120,All_region,Cultivated,All_own,MMT CO2-eq,2019,0,0,ManTotEnergy_CumCH4eq
Baseline_10_29_19_RCP85_output_D+sd_A-sd_S=mean_BC1_NR120,All_region,Cultivated,All_own,MMT CO2-eq,2020,0,0,ManTotEnergy_CumCH4eq
Baseline_10_29_19_RCP85_output_D+sd_A-sd_S=mean_BC1_NR120,All_region,Cultivated,All_own,MMT CO2-eq,2021,0,0,ManTotEnergy_CumCH4eq
Baseline_10_29_19_RCP85_output_D+sd_A-sd_S=mean_BC1_NR120,All_region,Cultivated,All_own,MMT CO2-eq,2022,0,0,ManTotEnergy_CumCH4eq
Baseline_10_29_19_RCP85_output_D+sd_A-sd_S=mean_BC1_NR120,All_region,Cultivated,All_own,MMT CO2-eq,2010,0,0,ManTotEnergy_CumCO2
Baseline_10_29_19_RCP85_output_D+sd_A-sd_S=mean_BC1_NR120,All_region,Cultivated,All_own,MMT CO2-eq,2011,0,0,ManTotEnergy_CumCO2
Baseline_10_29_19_RCP85_output_D+sd_A-sd_S=mean_BC1_NR120,All_region,Cultivated,All_own,MMT CO2-eq,2012,0,0,ManTotEnergy_CumCO2
Baseline_10_29_19_RCP85_output_D+sd_A-sd_S=mean_BC1_NR120,All_region,Cultivated,All_own,MMT CO2-eq,2013,0,0,ManTotEnergy_CumCO2
Baseline_10_29_19_RCP85_output_D+sd_A-sd_S=mean_BC1_NR120,All_region,Cultivated,All_own,MMT CO2-eq,2014,0,0,ManTotEnergy_CumCO2
Baseline_10_29_19_RCP85_output_D+sd_A-sd_S=mean_BC1_NR120,All_region,Cultivated,All_own,MMT CO2-eq,2015,0,0,ManTotEnergy_CumCO2
Baseline_10_29_19_RCP85_output_D+sd_A-sd_S=mean_BC1_NR120,All_region,Cultivated,All_own,MMT CO2-eq,2016,0,0,ManTotEnergy_CumCO2
Baseline_10_29_19_RCP85_output_D+sd_A-sd_S=mean_BC1_NR120,All_region,Cultivated,All_own,MMT CO2-eq,2017,0,0,ManTotEnergy_CumCO2
Baseline_10_29_19_RCP85_output_D+sd_A-sd_S=mean_BC1_NR120,All_region,Cultivated,All_own,MMT CO2-eq,2018,0,0,ManTotEnergy_CumCO2
Baseline_10_29_19_RCP85_output_D+sd_A-sd_S=mean_BC1_NR120,All_region,Cultivated,All_own,MMT CO2-eq,2019,0,0,ManTotEnergy_CumCO2
Baseline_10_29_19_RCP85_output_D+sd_A-sd_S=mean_BC1_NR120,All_region,Cultivated,All_own,MMT CO2-eq,2020,0,0,ManTotEnergy_CumCO2
Baseline_10_29_19_RCP85_output_D+sd_A-sd_S=mean_BC1_NR120,All_region,Cultivated,All_own,MMT CO2-eq,2021,0,0,ManTotEnergy_CumCO2
Baseline_10_29_19_RCP85_output_D+sd_A-sd_S=mean_BC1_NR120,All_region,Cultivated,All_own,MMT CO2-eq,2022,0,0,ManTotEnergy_CumCO2
Baseline_10_29_19_RCP85_output_D+sd_A-sd_S=mean_BC1_NR120,All_region,Cultivated,All_own,MMT CO2-eq,2010,0,0,Wildfire_CumCH4eq
Baseline_10_29_19_RCP85_output_D+sd_A-sd_S=mean_BC1_NR120,All_region,Cultivated,All_own,MMT CO2-eq,2011,0,0,Wildfire_CumCH4eq
Baseline_10_29_19_RCP85_output_D+sd_A-sd_S=mean_BC1_NR120,All_region,Cultivated,All_own,MMT CO2-eq,2012,0,0,Wildfire_CumCH4eq
Baseline_10_29_19_RCP85_output_D+sd_A-sd_S=mean_BC1_NR120,All_region,Cultivated,All_own,MMT CO2-eq,2013,0,0,Wildfire_CumCH4eq
Baseline_10_29_19_RCP85_output_D+sd_A-sd_S=mean_BC1_NR120,All_region,Cultivated,All_own,MMT CO2-eq,2014,0,0,Wildfire_CumCH4eq
Baseline_10_29_19_RCP85_output_D+sd_A-sd_S=mean_BC1_NR120,All_region,Cultivated,All_own,MMT CO2-eq,2015,0,0,Wildfire_CumCH4eq
Baseline_10_29_19_RCP85_output_D+sd_A-sd_S=mean_BC1_NR120,All_region,Cultivated,All_own,MMT CO2-eq,2016,0,0,Wildfire_CumCH4eq
Baseline_10_29_19_RCP85_output_D+sd_A-sd_S=mean_BC1_NR120,All_region,Cultivated,All_own,MMT CO2-eq,2017,0,0,Wildfire_CumCH4eq
Baseline_10_29_19_RCP85_output_D+sd_A-sd_S=mean_BC1_NR120,All_region,Cultivated,All_own,MMT CO2-eq,2018,0,0,Wildfire_CumCH4eq
Baseline_10_29_19_RCP85_output_D+sd_A-sd_S=mean_BC1_NR120,All_region,Cultivated,All_own,MMT CO2-eq,2019,0,0,Wildfire_CumCH4eq
Baseline_10_29_19_RCP85_output_D+sd_A-sd_S=mean_BC1_NR120,All_region,Cultivated,All_own,MMT CO2-eq,2020,0,0,Wildfire_CumCH4eq
Baseline_10_29_19_RCP85_output_D+sd_A-sd_S=mean_BC1_NR120,All_region,Cultivated,All_own,MMT CO2-eq,2021,0,0,Wildfire_CumCH4eq
Baseline_10_29_19_RCP85_output_D+sd_A-sd_S=mean_BC1_NR120,All_region,Cultivated,All_own,MMT CO2-eq,2022,0,0,Wildfire_CumCH4eq
Baseline_10_29_19_RCP85_output_D+sd_A-sd_S=mean_BC1_NR120,All_region,Cultivated,All_own,MMT CO2-eq,2010,0,0,Wildfire_CumCO2
Baseline_10_29_19_RCP85_output_D+sd_A-sd_S=mean_BC1_NR120,All_region,Cultivated,All_own,MMT CO2-eq,2011,0,0,Wildfire_CumCO2
Baseline_10_29_19_RCP85_output_D+sd_A-sd_S=mean_BC1_NR120,All_region,Cultivated,All_own,MMT CO2-eq,2012,0,0,Wildfire_CumCO2
Baseline_10_29_19_RCP85_output_D+sd_A-sd_S=mean_BC1_NR120,All_region,Cultivated,All_own,MMT CO2-eq,2013,0,0,Wildfire_CumCO2
Baseline_10_29_19_RCP85_output_D+sd_A-sd_S=mean_BC1_NR120,All_region,Cultivated,All_own,MMT CO2-eq,2014,0,0,Wildfire_CumCO2
Baseline_10_29_19_RCP85_output_D+sd_A-sd_S=mean_BC1_NR120,All_region,Cultivated,All_own,MMT CO2-eq,2015,0,0,Wildfire_CumCO2
Baseline_10_29_19_RCP85_output_D+sd_A-sd_S=mean_BC1_NR120,All_region,Cultivated,All_own,MMT CO2-eq,2016,0,0,Wildfire_CumCO2
Baseline_10_29_19_RCP85_output_D+sd_A-sd_S=mean_BC1_NR120,All_region,Cultivated,All_own,MMT CO2-eq,2017,0,0,Wildfire_CumCO2
Baseline_10_29_19_RCP85_output_D+sd_A-sd_S=mean_BC1_NR120,All_region,Cultivated,All_own,MMT CO2-eq,2018,0,0,Wildfire_CumCO2
Baseline_10_29_19_RCP85_output_D+sd_A-sd_S=mean_BC1_NR120,All_region,Cultivated,All_own,MMT CO2-eq,2019,0,0,Wildfire_CumCO2
Baseline_10_29_19_RCP85_output_D+sd_A-sd_S=mean_BC1_NR120,All_region,Cultivated,All_own,MMT CO2-eq,2020,0,0,Wildfire_CumCO2
Baseline_10_29_19_RCP85_output_D+sd_A-sd_S=mean_BC1_NR120,All_region,Cultivated,All_own,MMT CO2-eq,2021,0,0,Wildfire_CumCO2
Baseline_10_29_19_RCP85_output_D+sd_A-sd_S=mean_BC1_NR120,All_region,Cultivated,All_own,MMT CO2-eq,2022,0,0,Wildfire_CumCO2
Baseline_10_29_19_RCP85_output_D+sd_A-sd_S=mean_BC1_NR120,All_region,Cultivated,All_own,MMT CO2-eq,2010,0,0,Wood_CumCH4eq
Baseline_10_29_19_RCP85_output_D+sd_A-sd_S=mean_BC1_NR120,All_region,Cultivated,All_own,MMT CO2-eq,2011,0,0,Wood_CumCH4eq
Baseline_10_29_19_RCP85_output_D+sd_A-sd_S=mean_BC1_NR120,All_region,Cultivated,All_own,MMT CO2-eq,2012,0,0,Wood_CumCH4eq
Baseline_10_29_19_RCP85_output_D+sd_A-sd_S=mean_BC1_NR120,All_region,Cultivated,All_own,MMT CO2-eq,2013,0,0,Wood_CumCH4eq
Baseline_10_29_19_RCP85_output_D+sd_A-sd_S=mean_BC1_NR120,All_region,Cultivated,All_own,MMT CO2-eq,2014,0,0,Wood_CumCH4eq
Baseline_10_29_19_RCP85_output_D+sd_A-sd_S=mean_BC1_NR120,All_region,Cultivated,All_own,MMT CO2-eq,2015,0,0,Wood_CumCH4eq
Baseline_10_29_19_RCP85_output_D+sd_A-sd_S=mean_BC1_NR120,All_region,Cultivated,All_own,MMT CO2-eq,2016,0,0,Wood_CumCH4eq
Baseline_10_29_19_RCP85_output_D+sd_A-sd_S=mean_BC1_NR120,All_region,Cultivated,All_own,MMT CO2-eq,2017,0,0,Wood_CumCH4eq
Baseline_10_29_19_RCP85_output_D+sd_A-sd_S=mean_BC1_NR120,All_region,Cultivated,All_own,MMT CO2-eq,2018,0,0,Wood_CumCH4eq
Baseline_10_29_19_RCP85_output_D+sd_A-sd_S=mean_BC1_NR120,All_region,Cultivated,All_own,MMT CO2-eq,2019,0,0,Wood_CumCH4eq
Baseline_10_29_19_RCP85_output_D+sd_A-sd_S=mean_BC1_NR120,All_region,Cultivated,All_own,MMT CO2-eq,2020,0,0,Wood_CumCH4eq
Baseline_10_29_19_RCP85_output_D+sd_A-sd_S=mean_BC1_NR120,All_region,Cultivated,All_own,MMT CO2-eq,2021,0,0,Wood_CumCH4eq
Baseline_10_29_19_RCP85_output_D+sd_A-sd_S=mean_BC1_NR120,All_region,Cultivated,All_own,MMT CO2-eq,2022,0,0,Wood_CumCH4eq
Baseline_10_29_19_RCP85_output_D+sd_A-sd_S=mean_BC1_NR120,All_region,Cultivated,All_own,MMT CO2-eq,2010,0,0,Wood_CumCO2
Baseline_10_29_19_RCP85_output_D+sd_A-sd_S=mean_BC1_NR120,All_region,Cultivated,All_own,MMT CO2-eq,2011,0,0,Wood_CumCO2
Baseline_10_29_19_RCP85_output_D+sd_A-sd_S=mean_BC1_NR120,All_region,Cultivated,All_own,MMT CO2-eq,2012,0,0,Wood_CumCO2
Baseline_10_29_19_RCP85_output_D+sd_A-sd_S=mean_BC1_NR120,All_region,Cultivated,All_own,MMT CO2-eq,2013,0,0,Wood_CumCO2
Baseline_10_29_19_RCP85_output_D+sd_A-sd_S=mean_BC1_NR120,All_region,Cultivated,All_own,MMT CO2-eq,2014,0,0,Wood_CumCO2
Baseline_10_29_19_RCP85_output_D+sd_A-sd_S=mean_BC1_NR120,All_region,Cultivated,All_own,MMT CO2-eq,2015,0,0,Wood_CumCO2
Baseline_10_29_19_RCP85_output_D+sd_A-sd_S=mean_BC1_NR120,All_region,Cultivated,All_own,MMT CO2-eq,2016,0,0,Wood_CumCO2
Baseline_10_29_19_RCP85_output_D+sd_A-sd_S=mean_BC1_NR120,All_region,Cultivated,All_own,MMT CO2-eq,2017,0,0,Wood_CumCO2
Baseline_10_29_19_RCP85_output_D+sd_A-sd_S=mean_BC1_NR120,All_region,Cultivated,All_own,MMT CO2-eq,2018,0,0,Wood_CumCO2
Baseline_10_29_19_RCP85_output_D+sd_A-sd_S=mean_BC1_NR120,All_region,Cultivated,All_own,MMT CO2-eq,2019,0,0,Wood_CumCO2
Baseline_10_29_19_RCP85_output_D+sd_A-sd_S=mean_BC1_NR120,All_region,Cultivated,All_own,MMT CO2-eq,2020,0,0,Wood_CumCO2
Baseline_10_29_19_RCP85_output_D+sd_A-sd_S=mean_BC1_NR120,All_region,Cultivated,All_own,MMT CO2-eq,2021,0,0,Wood_CumCO2
Baseline_10_29_19_RCP85_output_D+sd_A-sd_S=mean_BC1_NR120,All_region,Cultivated,All_own,MMT CO2-eq,2022,0,0,Wood_CumCO2
