Scenario,Region,Land_Type,Ownership,Component,Units,Year,Value
Baseline,All_region,Cultivated,All_own,Net_Wood_Gain,MMT C,2010,0
Baseline,All_region,Cultivated,All_own,Net_Wood_Gain,MMT C,2011,0
Baseline,All_region,Cultivated,All_own,Net_Wood_Gain,MMT C,2012,0
Baseline,All_region,Cultivated,All_own,Net_Wood_Gain,MMT C,2013,0
Baseline,All_region,Cultivated,All_own,Net_Wood_Gain,MMT C,2014,0
Baseline,All_region,Cultivated,All_own,Net_Wood_Gain,MMT C,2015,0
Baseline,All_region,Cultivated,All_own,Net_Wood_Gain,MMT C,2016,0
Baseline,All_region,Cultivated,All_own,Net_Wood_Gain,MMT C,2017,0
Baseline,All_region,Cultivated,All_own,Net_Wood_Gain,MMT C,2018,0
Baseline,All_region,Cultivated,All_own,Net_Wood_Gain,MMT C,2019,0
Baseline,All_region,Cultivated,All_own,Net_Wood_Gain,MMT C,2020,0
Baseline,All_region,Cultivated,All_own,Net_Wood_Gain,MMT C,2021,0
Baseline,All_region,Cultivated,All_own,Net_Wood_Gain,MMT C,2022,0
Baseline,All_region,Cultivated,All_own,Ecosystem_Gain_from_Atmos,MMT C,2010,0
Baseline,All_region,Cultivated,All_own,Ecosystem_Gain_from_Atmos,MMT C,2011,-1.44591907
Baseline,All_region,Cultivated,All_own,Ecosystem_Gain_from_Atmos,MMT C,2012,-2.85648282
Baseline,All_region,Cultivated,All_own,Ecosystem_Gain_from_Atmos,MMT C,2013,-4.2552441
Baseline,All_region,Cultivated,All_own,Ecosystem_Gain_from_Atmos,MMT C,2014,-5.16256776
Baseline,All_region,Cultivated,All_own,Ecosystem_Gain_from_Atmos,MMT C,2015,-6.08144733
Baseline,All_region,Cultivated,All_own,Ecosystem_Gain_from_Atmos,MMT C,2016,-7.03127634
Baseline,All_region,Cultivated,All_own,Ecosystem_Gain_from_Atmos,MMT C,2017,-8.01088497
Baseline,All_region,Cultivated,All_own,Ecosystem_Gain_from_Atmos,MMT C,2018,-8.60143667
Baseline,All_region,Cultivated,All_own,Ecosystem_Gain_from_Atmos,MMT C,2019,-9.74525305
Baseline,All_region,Cultivated,All_own,Ecosystem_Gain_from_Atmos,MMT C,2020,-10.21319359
Baseline,All_region,Cultivated,All_own,Ecosystem_Gain_from_Atmos,MMT C,2021,-11.52044756
Baseline,All_region,Cultivated,All_own,Ecosystem_Gain_from_Atmos,MMT C,2022,-12.73241894
Baseline,All_region,Cultivated,All_own,Loss_to_Atmos_from_Manage,MMT C,2010,0
Baseline,All_region,Cultivated,All_own,Loss_to_Atmos_from_Manage,MMT C,2011,0
Baseline,All_region,Cultivated,All_own,Loss_to_Atmos_from_Manage,MMT C,2012,0
Baseline,All_region,Cultivated,All_own,Loss_to_Atmos_from_Manage,MMT C,2013,0
Baseline,All_region,Cultivated,All_own,Loss_to_Atmos_from_Manage,MMT C,2014,0
Baseline,All_region,Cultivated,All_own,Loss_to_Atmos_from_Manage,MMT C,2015,0
Baseline,All_region,Cultivated,All_own,Loss_to_Atmos_from_Manage,MMT C,2016,0
Baseline,All_region,Cultivated,All_own,Loss_to_Atmos_from_Manage,MMT C,2017,0
Baseline,All_region,Cultivated,All_own,Loss_to_Atmos_from_Manage,MMT C,2018,0
Baseline,All_region,Cultivated,All_own,Loss_to_Atmos_from_Manage,MMT C,2019,0
Baseline,All_region,Cultivated,All_own,Loss_to_Atmos_from_Manage,MMT C,2020,0
Baseline,All_region,Cultivated,All_own,Loss_to_Atmos_from_Manage,MMT C,2021,0
Baseline,All_region,Cultivated,All_own,Loss_to_Atmos_from_Manage,MMT C,2022,0
Baseline,All_region,Cultivated,All_own,Loss_to_Atmos_from_Fire,MMT C,2010,0
Baseline,All_region,Cultivated,All_own,Loss_to_Atmos_from_Fire,MMT C,2011,0
Baseline,All_region,Cultivated,All_own,Loss_to_Atmos_from_Fire,MMT C,2012,0
Baseline,All_region,Cultivated,All_own,Loss_to_Atmos_from_Fire,MMT C,2013,0
Baseline,All_region,Cultivated,All_own,Loss_to_Atmos_from_Fire,MMT C,2014,0
Baseline,All_region,Cultivated,All_own,Loss_to_Atmos_from_Fire,MMT C,2015,0
Baseline,All_region,Cultivated,All_own,Loss_to_Atmos_from_Fire,MMT C,2016,0
Baseline,All_region,Cultivated,All_own,Loss_to_Atmos_from_Fire,MMT C,2017,0
Baseline,All_region,Cultivated,All_own,Loss_to_Atmos_from_Fire,MMT C,2018,0
Baseline,All_region,Cultivated,All_own,Loss_to_Atmos_from_Fire,MMT C,2019,0
Baseline,All_region,Cultivated,All_own,Loss_to_Atmos_from_Fire,MMT C,2020,0
Baseline,All_region,Cultivated,All_own,Loss_to_Atmos_from_Fire,MMT C,2021,0
Baseline,All_region,Cultivated,All_own,Loss_to_Atmos_from_Fire,MMT C,2022,0
Baseline,All_region,Cultivated,All_own,Loss_to_Atmos_from_LCC,MMT C,2010,0
Baseline,All_region,Cultivated,All_own,Loss_to_Atmos_from_LCC,MMT C,2011,-0.39344072
Baseline,All_region,Cultivated,All_own,Loss_to_Atmos_from_LCC,MMT C,2012,-0.78572566
Baseline,All_region,Cultivated,All_own,Loss_to_Atmos_from_LCC,MMT C,2013,-1.17685863
Baseline,All_region,Cultivated,All_own,Loss_to_Atmos_from_LCC,MMT C,2014,-1.56731668
Baseline,All_region,Cultivated,All_own,Loss_to_Atmos_from_LCC,MMT C,2015,-1.95707794
Baseline,All_region,Cultivated,All_own,Loss_to_Atmos_from_LCC,MMT C,2016,-2.34611182
Baseline,All_region,Cultivated,All_own,Loss_to_Atmos_from_LCC,MMT C,2017,-2.73436334
Baseline,All_region,Cultivated,All_own,Loss_to_Atmos_from_LCC,MMT C,2018,-3.12213918
Baseline,All_region,Cultivated,All_own,Loss_to_Atmos_from_LCC,MMT C,2019,-3.50898705
Baseline,All_region,Cultivated,All_own,Loss_to_Atmos_from_LCC,MMT C,2020,-3.89550405
Baseline,All_region,Cultivated,All_own,Loss_to_Atmos_from_LCC,MMT C,2021,-4.28096431
Baseline,All_region,Cultivated,All_own,Loss_to_Atmos_from_LCC,MMT C,2022,-4.66546154
Baseline,All_region,Cultivated,All_own,Loss_to_Atmos_from_Wood,MMT C,2010,0
Baseline,All_region,Cultivated,All_own,Loss_to_Atmos_from_Wood,MMT C,2011,0
Baseline,All_region,Cultivated,All_own,Loss_to_Atmos_from_Wood,MMT C,2012,0
Baseline,All_region,Cultivated,All_own,Loss_to_Atmos_from_Wood,MMT C,2013,0
Baseline,All_region,Cultivated,All_own,Loss_to_Atmos_from_Wood,MMT C,2014,0
Baseline,All_region,Cultivated,All_own,Loss_to_Atmos_from_Wood,MMT C,2015,0
Baseline,All_region,Cultivated,All_own,Loss_to_Atmos_from_Wood,MMT C,2016,0
Baseline,All_region,Cultivated,All_own,Loss_to_Atmos_from_Wood,MMT C,2017,0
Baseline,All_region,Cultivated,All_own,Loss_to_Atmos_from_Wood,MMT C,2018,0
Baseline,All_region,Cultivated,All_own,Loss_to_Atmos_from_Wood,MMT C,2019,0
Baseline,All_region,Cultivated,All_own,Loss_to_Atmos_from_Wood,MMT C,2020,0
Baseline,All_region,Cultivated,All_own,Loss_to_Atmos_from_Wood,MMT C,2021,0
Baseline,All_region,Cultivated,All_own,Loss_to_Atmos_from_Wood,MMT C,2022,0
Alternative,All_region,Cultivated,All_own,Net_Wood_Gain,MMT C,2010,0
Alternative,All_region,Cultivated,All_own,Net_Wood_Gain,MMT C,2011,0
Alternative,All_region,Cultivated,All_own,Net_Wood_Gain,MMT C,2012,0
Alternative,All_region,Cultivated,All_own,Net_Wood_Gain,MMT C,2013,0
Alternative,All_region,Cultivated,All_own,Net_Wood_Gain,MMT C,2014,0
Alternative,All_region,Cultivated,All_own,Net_Wood_Gain,MMT C,2015,0
Alternative,All_region,Cultivated,All_own,Net_Wood_Gain,MMT C,2016,0
Alternative,All_region,Cultivated,All_own,Net_Wood_Gain,MMT C,2017,0
Alternative,All_region,Cultivated,All_own,Net_Wood_Gain,MMT C,2018,0
Alternative,All_region,Cultivated,All_own,Net_Wood_Gain,MMT C,2019,0
Alternative,All_region,Cultivated,All_own,Net_Wood_Gain,MMT C,2020,0
Alternative,All_region,Cultivated,All_own,Net_Wood_Gain,MMT C,2021,0
Alternative,All_region,Cultivated,All_own,Net_Wood_Gain,MMT C,2022,0
Alternative,All_region,Cultivated,All_own,Ecosystem_Gain_from_Atmos,MMT C,2010,0
Alternative,All_region,Cultivated,All_own,Ecosystem_Gain_from_Atmos,MMT C,2011,-1.44527271
Alternative,All_region,Cultivated,All_own,Ecosystem_Gain_from_Atmos,MMT C,2012,-2.84357257
Alternative,All_region,Cultivated,All_own,Ecosystem_Gain_from_Atmos,MMT C,2013,-4.21878026
Alternative,All_region,Cultivated,All_own,Ecosystem_Gain_from_Atmos,MMT C,2014,-5.10500428
Alternative,All_region,Cultivated,All_own,Ecosystem_Gain_from_Atmos,MMT C,2015,-5.99452279
Alternative,All_region,Cultivated,All_own,Ecosystem_Gain_from_Atmos,MMT C,2016,-6.90690781
Alternative,All_region,Cultivated,All_own,Ecosystem_Gain_from_Atmos,MMT C,2017,-7.83836754
Alternative,All_region,Cultivated,All_own,Ecosystem_Gain_from_Atmos,MMT C,2018,-8.39430331
Alternative,All_region,Cultivated,All_own,Ecosystem_Gain_from_Atmos,MMT C,2019,-9.46180961
Alternative,All_region,Cultivated,All_own,Ecosystem_Gain_from_Atmos,MMT C,2020,-9.90154103
Alternative,All_region,Cultivated,All_own,Ecosystem_Gain_from_Atmos,MMT C,2021,-11.10365899
Alternative,All_region,Cultivated,All_own,Ecosystem_Gain_from_Atmos,MMT C,2022,-12.21130708
Alternative,All_region,Cultivated,All_own,Loss_to_Atmos_from_Manage,MMT C,2010,0
Alternative,All_region,Cultivated,All_own,Loss_to_Atmos_from_Manage,MMT C,2011,0
Alternative,All_region,Cultivated,All_own,Loss_to_Atmos_from_Manage,MMT C,2012,0
Alternative,All_region,Cultivated,All_own,Loss_to_Atmos_from_Manage,MMT C,2013,0
Alternative,All_region,Cultivated,All_own,Loss_to_Atmos_from_Manage,MMT C,2014,0
Alternative,All_region,Cultivated,All_own,Loss_to_Atmos_from_Manage,MMT C,2015,0
Alternative,All_region,Cultivated,All_own,Loss_to_Atmos_from_Manage,MMT C,2016,0
Alternative,All_region,Cultivated,All_own,Loss_to_Atmos_from_Manage,MMT C,2017,0
Alternative,All_region,Cultivated,All_own,Loss_to_Atmos_from_Manage,MMT C,2018,0
Alternative,All_region,Cultivated,All_own,Loss_to_Atmos_from_Manage,MMT C,2019,0
Alternative,All_region,Cultivated,All_own,Loss_to_Atmos_from_Manage,MMT C,2020,0
Alternative,All_region,Cultivated,All_own,Loss_to_Atmos_from_Manage,MMT C,2021,0
Alternative,All_region,Cultivated,All_own,Loss_to_Atmos_from_Manage,MMT C,2022,0
Alternative,All_region,Cultivated,All_own,Loss_to_Atmos_from_Fire,MMT C,2010,0
Alternative,All_region,Cultivated,All_own,Loss_to_Atmos_from_Fire,MMT C,2011,0
Alternative,All_region,Cultivated,All_own,Loss_to_Atmos_from_Fire,MMT C,2012,0
Alternative,All_region,Cultivated,All_own,Loss_to_Atmos_from_Fire,MMT C,2013,0
Alternative,All_region,Cultivated,All_own,Loss_to_Atmos_from_Fire,MMT C,2014,0
Alternative,All_region,Cultivated,All_own,Loss_to_Atmos_from_Fire,MMT C,2015,0
Alternative,All_region,Cultivated,All_own,Loss_to_Atmos_from_Fire,MMT C,2016,0
Alternative,All_region,Cultivated,All_own,Loss_to_Atmos_from_Fire,MMT C,2017,0
Alternative,All_region,Cultivated,All_own,Loss_to_Atmos_from_Fire,MMT C,2018,0
Alternative,All_region,Cultivated,All_own,Loss_to_Atmos_from_Fire,MMT C,2019,0
Alternative,All_region,Cultivated,All_own,Loss_to_Atmos_from_Fire,MMT C,2020,0
Alternative,All_region,Cultivated,All_own,Loss_to_Atmos_from_Fire,MMT C,2021,0
Alternative,All_region,Cultivated,All_own,Loss_to_Atmos_from_Fire,MMT C,2022,0
Alternative,All_region,Cultivated,All_own,Loss_to_Atmos_from_LCC,MMT C,2010,0
Alternative,All_region,Cultivated,All_own,Loss_to_Atmos_from_LCC,MMT C,2011,-0.4338841
Alternative,All_region,Cultivated,All_own,Loss_to_Atmos_from_LCC,MMT C,2012,-0.84067563
Alternative,All_region,Cultivated,All_own,Loss_to_Atmos_from_LCC,MMT C,2013,-1.22056617
Alternative,All_region,Cultivated,All_own,Loss_to_Atmos_from_LCC,MMT C,2014,-1.57415021
Alternative,All_region,Cultivated,All_own,Loss_to_Atmos_from_LCC,MMT C,2015,-1.90155346
Alternative,All_region,Cultivated,All_own,Loss_to_Atmos_from_LCC,MMT C,2016,-2.20290867
Alternative,All_region,Cultivated,All_own,Loss_to_Atmos_from_LCC,MMT C,2017,-2.47812613
Alternative,All_region,Cultivated,All_own,Loss_to_Atmos_from_LCC,MMT C,2018,-2.72739795
Alternative,All_region,Cultivated,All_own,Loss_to_Atmos_from_LCC,MMT C,2019,-2.95059058
Alternative,All_region,Cultivated,All_own,Loss_to_Atmos_from_LCC,MMT C,2020,-3.14805746
Alternative,All_region,Cultivated,All_own,Loss_to_Atmos_from_LCC,MMT C,2021,-3.31963565
Alternative,All_region,Cultivated,All_own,Loss_to_Atmos_from_LCC,MMT C,2022,-3.4647087
Alternative,All_region,Cultivated,All_own,Loss_to_Atmos_from_Wood,MMT C,2010,0
Alternative,All_region,Cultivated,All_own,Loss_to_Atmos_from_Wood,MMT C,2011,0
Alternative,All_region,Cultivated,All_own,Loss_to_Atmos_from_Wood,MMT C,2012,0
Alternative,All_region,Cultivated,All_own,Loss_to_Atmos_from_Wood,MMT C,2013,0
Alternative,All_region,Cultivated,All_own,Loss_to_Atmos_from_Wood,MMT C,2014,0
Alternative,All_region,Cultivated,All_own,Loss_to_Atmos_from_Wood,MMT C,2015,0
Alternative,All_region,Cultivated,All_own,Loss_to_Atmos_from_Wood,MMT C,2016,0
Alternative,All_region,Cultivated,All_own,Loss_to_Atmos_from_Wood,MMT C,2017,0
Alternative,All_region,Cultivated,All_own,Loss_to_Atmos_from_Wood,MMT C,2018,0
Alternative,All_region,Cultivated,All_own,Loss_to_Atmos_from_Wood,MMT C,2019,0
Alternative,All_region,Cultivated,All_own,Loss_to_Atmos_from_Wood,MMT C,2020,0
Alternative,All_region,Cultivated,All_own,Loss_to_Atmos_from_Wood,MMT C,2021,0
Alternative,All_region,Cultivated,All_own,Loss_to_Atmos_from_Wood,MMT C,2022,0
