Scenario,Land_Type,Units,Year,Value
Baseline,Cultivated,MMT C,2010,-1.83935979
Baseline,Cultivated,MMT C,2011,-1.80284869
Baseline,Cultivated,MMT C,2012,-1.78989424
Baseline,Cultivated,MMT C,2013,-1.29778171
Baseline,Cultivated,MMT C,2014,-1.30864083
Baseline,Cultivated,MMT C,2015,-1.33886288
Baseline,Cultivated,MMT C,2016,-1.36786015
Baseline,Cultivated,MMT C,2017,-0.97832756
Baseline,Cultivated,MMT C,2018,-1.53066425
Baseline,Cultivated,MMT C,2019,-0.85445754
Baseline,Cultivated,MMT C,2020,-1.69271422
Baseline,Cultivated,MMT C,2021,-1.59646861
Alternative,Cultivated,MMT C,2010,-1.87915681
Alternative,Cultivated,MMT C,2011,-1.80509139
Alternative,Cultivated,MMT C,2012,-1.75509823
Alternative,Cultivated,MMT C,2013,-1.23980807
Alternative,Cultivated,MMT C,2014,-1.21692176
Alternative,Cultivated,MMT C,2015,-1.21374023
Alternative,Cultivated,MMT C,2016,-1.20667719
Alternative,Cultivated,MMT C,2017,-0.80520759
Alternative,Cultivated,MMT C,2018,-1.29069892
Alternative,Cultivated,MMT C,2019,-0.6371983
Alternative,Cultivated,MMT C,2020,-1.37369616
Alternative,Cultivated,MMT C,2021,-1.25272114
