Scenario,Land_Type,Units,Year,Value
Alternative,Cultivated,MMT C,2010,0
Alternative,Cultivated,MMT C,2011,-0.0397970199999997
Alternative,Cultivated,MMT C,2012,-0.04203972
Alternative,Cultivated,MMT C,2013,-0.00724370000000008
Alternative,Cultivated,MMT C,2014,0.0507299499999991
Alternative,Cultivated,MMT C,2015,0.14244902
Alternative,Cultivated,MMT C,2016,0.26757168
Alternative,Cultivated,MMT C,2017,0.428754639999999
Alternative,Cultivated,MMT C,2018,0.60187459
Alternative,Cultivated,MMT C,2019,0.841839910000001
Alternative,Cultivated,MMT C,2020,1.05909915
Alternative,Cultivated,MMT C,2021,1.37811723
Alternative,Cultivated,MMT C,2022,1.7218647
