Scenario,Land_Type,Units,Year,Value
Alternative,Cultivated,MMT C,2010,-0.0397970199999997
Alternative,Cultivated,MMT C,2011,-0.00224270000000026
Alternative,Cultivated,MMT C,2012,0.0347960100000002
Alternative,Cultivated,MMT C,2013,0.0579736399999999
Alternative,Cultivated,MMT C,2014,0.0917190699999999
Alternative,Cultivated,MMT C,2015,0.12512265
Alternative,Cultivated,MMT C,2016,0.16118296
Alternative,Cultivated,MMT C,2017,0.17311997
Alternative,Cultivated,MMT C,2018,0.23996533
Alternative,Cultivated,MMT C,2019,0.21725924
Alternative,Cultivated,MMT C,2020,0.31901806
Alternative,Cultivated,MMT C,2021,0.34374747
