Scenario,Region,Land_Type,Ownership,Component,Units,Year,Value
Baseline,All_region,Cultivated,All_own,Net_Wood_Gain,MMT C,2020,0
Baseline,All_region,Cultivated,All_own,Ecosystem_Gain_minus_NWG,MMT C,2020,-1.30725397
Baseline,All_region,Cultivated,All_own,Loss_to_Atmos_from_Manage,MMT C,2020,0
Baseline,All_region,Cultivated,All_own,Loss_to_Atmos_from_Fire,MMT C,2020,0
Baseline,All_region,Cultivated,All_own,Loss_to_Atmos_from_LCC,MMT C,2020,-0.38546025
Baseline,All_region,Cultivated,All_own,Loss_to_Atmos_from_Wood,MMT C,2020,0
Alternative,All_region,Cultivated,All_own,Net_Wood_Gain,MMT C,2020,0
Alternative,All_region,Cultivated,All_own,Ecosystem_Gain_minus_NWG,MMT C,2020,-1.20211797
Alternative,All_region,Cultivated,All_own,Loss_to_Atmos_from_Manage,MMT C,2020,0
Alternative,All_region,Cultivated,All_own,Loss_to_Atmos_from_Fire,MMT C,2020,0
Alternative,All_region,Cultivated,All_own,Loss_to_Atmos_from_LCC,MMT C,2020,-0.17157819
Alternative,All_region,Cultivated,All_own,Loss_to_Atmos_from_Wood,MMT C,2020,0
