Scenario,Region,Land_Type,Ownership,Units,Year,Value
Alternative_B_10_29_19_RCP85_output_D+sd_A-sd_S=mean_BC1_NR120,All_region,Cultivated,All_own,kac,2010,0
Alternative_B_10_29_19_RCP85_output_D+sd_A-sd_S=mean_BC1_NR120,All_region,Cultivated,All_own,kac,2011,-24.5668578635014
Alternative_B_10_29_19_RCP85_output_D+sd_A-sd_S=mean_BC1_NR120,All_region,Cultivated,All_own,kac,2012,-48.2280017705016
Alternative_B_10_29_19_RCP85_output_D+sd_A-sd_S=mean_BC1_NR120,All_region,Cultivated,All_own,kac,2013,-70.9874595324982
Alternative_B_10_29_19_RCP85_output_D+sd_A-sd_S=mean_BC1_NR120,All_region,Cultivated,All_own,kac,2014,-92.8493330924994
Alternative_B_10_29_19_RCP85_output_D+sd_A-sd_S=mean_BC1_NR120,All_region,Cultivated,All_own,kac,2015,-113.817674972501
Alternative_B_10_29_19_RCP85_output_D+sd_A-sd_S=mean_BC1_NR120,All_region,Cultivated,All_own,kac,2016,-133.896710667999
Alternative_B_10_29_19_RCP85_output_D+sd_A-sd_S=mean_BC1_NR120,All_region,Cultivated,All_own,kac,2017,-153.090542122001
Alternative_B_10_29_19_RCP85_output_D+sd_A-sd_S=mean_BC1_NR120,All_region,Cultivated,All_own,kac,2018,-171.4034689615
Alternative_B_10_29_19_RCP85_output_D+sd_A-sd_S=mean_BC1_NR120,All_region,Cultivated,All_own,kac,2019,-188.839691971501
Alternative_B_10_29_19_RCP85_output_D+sd_A-sd_S=mean_BC1_NR120,All_region,Cultivated,All_own,kac,2020,-205.403510778999
Alternative_B_10_29_19_RCP85_output_D+sd_A-sd_S=mean_BC1_NR120,All_region,Cultivated,All_own,kac,2021,-221.099299142499
Alternative_B_10_29_19_RCP85_output_D+sd_A-sd_S=mean_BC1_NR120,All_region,Cultivated,All_own,kac,2022,-235.9313813995
