Scenario,Region,Land_Type,Ownership,Units,Year,Value,Diff,Component
Baseline_10_29_19_RCP85_output_D+sd_A-sd_S=mean_BC1_NR120,All_region,Coastal_marsh,All_own,MMT CO2-eq,2010,0,0,Eco_CumCH4eq
Baseline_10_29_19_RCP85_output_D+sd_A-sd_S=mean_BC1_NR120,All_region,Coastal_marsh,All_own,MMT CO2-eq,2011,0,0,Eco_CumCH4eq
Baseline_10_29_19_RCP85_output_D+sd_A-sd_S=mean_BC1_NR120,All_region,Coastal_marsh,All_own,MMT CO2-eq,2012,0,0,Eco_CumCH4eq
Baseline_10_29_19_RCP85_output_D+sd_A-sd_S=mean_BC1_NR120,All_region,Coastal_marsh,All_own,MMT CO2-eq,2013,0,0,Eco_CumCH4eq
Baseline_10_29_19_RCP85_output_D+sd_A-sd_S=mean_BC1_NR120,All_region,Coastal_marsh,All_own,MMT CO2-eq,2014,0,0,Eco_CumCH4eq
Baseline_10_29_19_RCP85_output_D+sd_A-sd_S=mean_BC1_NR120,All_region,Coastal_marsh,All_own,MMT CO2-eq,2015,0,0,Eco_CumCH4eq
Baseline_10_29_19_RCP85_output_D+sd_A-sd_S=mean_BC1_NR120,All_region,Coastal_marsh,All_own,MMT CO2-eq,2016,0,0,Eco_CumCH4eq
Baseline_10_29_19_RCP85_output_D+sd_A-sd_S=mean_BC1_NR120,All_region,Coastal_marsh,All_own,MMT CO2-eq,2017,0,0,Eco_CumCH4eq
Baseline_10_29_19_RCP85_output_D+sd_A-sd_S=mean_BC1_NR120,All_region,Coastal_marsh,All_own,MMT CO2-eq,2018,0,0,Eco_CumCH4eq
Baseline_10_29_19_RCP85_output_D+sd_A-sd_S=mean_BC1_NR120,All_region,Coastal_marsh,All_own,MMT CO2-eq,2019,0,0,Eco_CumCH4eq
Baseline_10_29_19_RCP85_output_D+sd_A-sd_S=mean_BC1_NR120,All_region,Coastal_marsh,All_own,MMT CO2-eq,2020,0,0,Eco_CumCH4eq
Baseline_10_29_19_RCP85_output_D+sd_A-sd_S=mean_BC1_NR120,All_region,Coastal_marsh,All_own,MMT CO2-eq,2021,0,0,Eco_CumCH4eq
Baseline_10_29_19_RCP85_output_D+sd_A-sd_S=mean_BC1_NR120,All_region,Coastal_marsh,All_own,MMT CO2-eq,2022,0,0,Eco_CumCH4eq
Baseline_10_29_19_RCP85_output_D+sd_A-sd_S=mean_BC1_NR120,All_region,Coastal_marsh,All_own,MMT CO2-eq,2010,0,0,Eco_CumCO2
Baseline_10_29_19_RCP85_output_D+sd_A-sd_S=mean_BC1_NR120,All_region,Coastal_marsh,All_own,MMT CO2-eq,2011,-0.02409042,0,Eco_CumCO2
Baseline_10_29_19_RCP85_output_D+sd_A-sd_S=mean_BC1_NR120,All_region,Coastal_marsh,All_own,MMT CO2-eq,2012,-0.04829446,0,Eco_CumCO2
Baseline_10_29_19_RCP85_output_D+sd_A-sd_S=mean_BC1_NR120,All_region,Coastal_marsh,All_own,MMT CO2-eq,2013,-0.07241942,0,Eco_CumCO2
Baseline_10_29_19_RCP85_output_D+sd_A-sd_S=mean_BC1_NR120,All_region,Coastal_marsh,All_own,MMT CO2-eq,2014,-0.08942038,0,Eco_CumCO2
Baseline_10_29_19_RCP85_output_D+sd_A-sd_S=mean_BC1_NR120,All_region,Coastal_marsh,All_own,MMT CO2-eq,2015,-0.1072174,0,Eco_CumCO2
Baseline_10_29_19_RCP85_output_D+sd_A-sd_S=mean_BC1_NR120,All_region,Coastal_marsh,All_own,MMT CO2-eq,2016,-0.12624214,0,Eco_CumCO2
Baseline_10_29_19_RCP85_output_D+sd_A-sd_S=mean_BC1_NR120,All_region,Coastal_marsh,All_own,MMT CO2-eq,2017,-0.14555972,0,Eco_CumCO2
Baseline_10_29_19_RCP85_output_D+sd_A-sd_S=mean_BC1_NR120,All_region,Coastal_marsh,All_own,MMT CO2-eq,2018,-0.1585132,0,Eco_CumCO2
Baseline_10_29_19_RCP85_output_D+sd_A-sd_S=mean_BC1_NR120,All_region,Coastal_marsh,All_own,MMT CO2-eq,2019,-0.18153847,0,Eco_CumCO2
Baseline_10_29_19_RCP85_output_D+sd_A-sd_S=mean_BC1_NR120,All_region,Coastal_marsh,All_own,MMT CO2-eq,2020,-0.19262244,0,Eco_CumCO2
Baseline_10_29_19_RCP85_output_D+sd_A-sd_S=mean_BC1_NR120,All_region,Coastal_marsh,All_own,MMT CO2-eq,2021,-0.21057501,0,Eco_CumCO2
Baseline_10_29_19_RCP85_output_D+sd_A-sd_S=mean_BC1_NR120,All_region,Coastal_marsh,All_own,MMT CO2-eq,2022,-0.23441076,0,Eco_CumCO2
Baseline_10_29_19_RCP85_output_D+sd_A-sd_S=mean_BC1_NR120,All_region,Coastal_marsh,All_own,MMT CO2-eq,2010,0,0,LCCFire_CumCH4eq
Baseline_10_29_19_RCP85_output_D+sd_A-sd_S=mean_BC1_NR120,All_region,Coastal_marsh,All_own,MMT CO2-eq,2011,0,0,LCCFire_CumCH4eq
Baseline_10_29_19_RCP85_output_D+sd_A-sd_S=mean_BC1_NR120,All_region,Coastal_marsh,All_own,MMT CO2-eq,2012,0,0,LCCFire_CumCH4eq
Baseline_10_29_19_RCP85_output_D+sd_A-sd_S=mean_BC1_NR120,All_region,Coastal_marsh,All_own,MMT CO2-eq,2013,0,0,LCCFire_CumCH4eq
Baseline_10_29_19_RCP85_output_D+sd_A-sd_S=mean_BC1_NR120,All_region,Coastal_marsh,All_own,MMT CO2-eq,2014,0,0,LCCFire_CumCH4eq
Baseline_10_29_19_RCP85_output_D+sd_A-sd_S=mean_BC1_NR120,All_region,Coastal_marsh,All_own,MMT CO2-eq,2015,0,0,LCCFire_CumCH4eq
Baseline_10_29_19_RCP85_output_D+sd_A-sd_S=mean_BC1_NR120,All_region,Coastal_marsh,All_own,MMT CO2-eq,2016,0,0,LCCFire_CumCH4eq
Baseline_10_29_19_RCP85_output_D+sd_A-sd_S=mean_BC1_NR120,All_region,Coastal_marsh,All_own,MMT CO2-eq,2017,0,0,LCCFire_CumCH4eq
Baseline_10_29_19_RCP85_output_D+sd_A-sd_S=mean_BC1_NR120,All_region,Coastal_marsh,All_own,MMT CO2-eq,2018,0,0,LCCFire_CumCH4eq
Baseline_10_29_19_RCP85_output_D+sd_A-sd_S=mean_BC1_NR120,All_region,Coastal_marsh,All_own,MMT CO2-eq,2019,0,0,LCCFire_CumCH4eq
Baseline_10_29_19_RCP85_output_D+sd_A-sd_S=mean_BC1_NR120,All_region,Coastal_marsh,All_own,MMT CO2-eq,2020,0,0,LCCFire_CumCH4eq
Baseline_10_29_19_RCP85_output_D+sd_A-sd_S=mean_BC1_NR120,All_region,Coastal_marsh,All_own,MMT CO2-eq,2021,0,0,LCCFire_CumCH4eq
Baseline_10_29_19_RCP85_output_D+sd_A-sd_S=mean_BC1_NR120,All_region,Coastal_marsh,All_own,MMT CO2-eq,2022,0,0,LCCFire_CumCH4eq
Baseline_10_29_19_RCP85_output_D+sd_A-sd_S=mean_BC1_NR120,All_region,Coastal_marsh,All_own,MMT CO2-eq,2010,0,0,LCCFire_CumCO2
Baseline_10_29_19_RCP85_output_D+sd_A-sd_S=mean_BC1_NR120,All_region,Coastal_marsh,All_own,MMT CO2-eq,2011,0,0,LCCFire_CumCO2
Baseline_10_29_19_RCP85_output_D+sd_A-sd_S=mean_BC1_NR120,All_region,Coastal_marsh,All_own,MMT CO2-eq,2012,0,0,LCCFire_CumCO2
Baseline_10_29_19_RCP85_output_D+sd_A-sd_S=mean_BC1_NR120,All_region,Coastal_marsh,All_own,MMT CO2-eq,2013,0,0,LCCFire_CumCO2
Baseline_10_29_19_RCP85_output_D+sd_A-sd_S=mean_BC1_NR120,All_region,Coastal_marsh,All_own,MMT CO2-eq,2014,0,0,LCCFire_CumCO2
Baseline_10_29_19_RCP85_output_D+sd_A-sd_S=mean_BC1_NR120,All_region,Coastal_marsh,All_own,MMT CO2-eq,2015,0,0,LCCFire_CumCO2
Baseline_10_29_19_RCP85_output_D+sd_A-sd_S=mean_BC1_NR120,All_region,Coastal_marsh,All_own,MMT CO2-eq,2016,0,0,LCCFire_CumCO2
Baseline_10_29_19_RCP85_output_D+sd_A-sd_S=mean_BC1_NR120,All_region,Coastal_marsh,All_own,MMT CO2-eq,2017,0,0,LCCFire_CumCO2
Baseline_10_29_19_RCP85_output_D+sd_A-sd_S=mean_BC1_NR120,All_region,Coastal_marsh,All_own,MMT CO2-eq,2018,0,0,LCCFire_CumCO2
Baseline_10_29_19_RCP85_output_D+sd_A-sd_S=mean_BC1_NR120,All_region,Coastal_marsh,All_own,MMT CO2-eq,2019,0,0,LCCFire_CumCO2
Baseline_10_29_19_RCP85_output_D+sd_A-sd_S=mean_BC1_NR120,All_region,Coastal_marsh,All_own,MMT CO2-eq,2020,0,0,LCCFire_CumCO2
Baseline_10_29_19_RCP85_output_D+sd_A-sd_S=mean_BC1_NR120,All_region,Coastal_marsh,All_own,MMT CO2-eq,2021,0,0,LCCFire_CumCO2
Baseline_10_29_19_RCP85_output_D+sd_A-sd_S=mean_BC1_NR120,All_region,Coastal_marsh,All_own,MMT CO2-eq,2022,0,0,LCCFire_CumCO2
Baseline_10_29_19_RCP85_output_D+sd_A-sd_S=mean_BC1_NR120,All_region,Coastal_marsh,All_own,MMT CO2-eq,2010,0,0,LCCNonBurn_CumCO2
Baseline_10_29_19_RCP85_output_D+sd_A-sd_S=mean_BC1_NR120,All_region,Coastal_marsh,All_own,MMT CO2-eq,2011,0.0045503,0,LCCNonBurn_CumCO2
Baseline_10_29_19_RCP85_output_D+sd_A-sd_S=mean_BC1_NR120,All_region,Coastal_marsh,All_own,MMT CO2-eq,2012,0.00910324,0,LCCNonBurn_CumCO2
Baseline_10_29_19_RCP85_output_D+sd_A-sd_S=mean_BC1_NR120,All_region,Coastal_marsh,All_own,MMT CO2-eq,2013,0.01365879,0,LCCNonBurn_CumCO2
Baseline_10_29_19_RCP85_output_D+sd_A-sd_S=mean_BC1_NR120,All_region,Coastal_marsh,All_own,MMT CO2-eq,2014,0.01821647,0,LCCNonBurn_CumCO2
Baseline_10_29_19_RCP85_output_D+sd_A-sd_S=mean_BC1_NR120,All_region,Coastal_marsh,All_own,MMT CO2-eq,2015,0.02277639,0,LCCNonBurn_CumCO2
Baseline_10_29_19_RCP85_output_D+sd_A-sd_S=mean_BC1_NR120,All_region,Coastal_marsh,All_own,MMT CO2-eq,2016,0.02733815,0,LCCNonBurn_CumCO2
Baseline_10_29_19_RCP85_output_D+sd_A-sd_S=mean_BC1_NR120,All_region,Coastal_marsh,All_own,MMT CO2-eq,2017,0.03190168,0,LCCNonBurn_CumCO2
Baseline_10_29_19_RCP85_output_D+sd_A-sd_S=mean_BC1_NR120,All_region,Coastal_marsh,All_own,MMT CO2-eq,2018,0.03646716,0,LCCNonBurn_CumCO2
Baseline_10_29_19_RCP85_output_D+sd_A-sd_S=mean_BC1_NR120,All_region,Coastal_marsh,All_own,MMT CO2-eq,2019,0.04103498,0,LCCNonBurn_CumCO2
Baseline_10_29_19_RCP85_output_D+sd_A-sd_S=mean_BC1_NR120,All_region,Coastal_marsh,All_own,MMT CO2-eq,2020,0.04560419,0,LCCNonBurn_CumCO2
Baseline_10_29_19_RCP85_output_D+sd_A-sd_S=mean_BC1_NR120,All_region,Coastal_marsh,All_own,MMT CO2-eq,2021,0.05017494,0,LCCNonBurn_CumCO2
Baseline_10_29_19_RCP85_output_D+sd_A-sd_S=mean_BC1_NR120,All_region,Coastal_marsh,All_own,MMT CO2-eq,2022,0.05474861,0,LCCNonBurn_CumCO2
Baseline_10_29_19_RCP85_output_D+sd_A-sd_S=mean_BC1_NR120,All_region,Coastal_marsh,All_own,MMT CO2-eq,2010,0,0,LCCTotEnergy_CumCH4eq
Baseline_10_29_19_RCP85_output_D+sd_A-sd_S=mean_BC1_NR120,All_region,Coastal_marsh,All_own,MMT CO2-eq,2011,0,0,LCCTotEnergy_CumCH4eq
Baseline_10_29_19_RCP85_output_D+sd_A-sd_S=mean_BC1_NR120,All_region,Coastal_marsh,All_own,MMT CO2-eq,2012,0,0,LCCTotEnergy_CumCH4eq
Baseline_10_29_19_RCP85_output_D+sd_A-sd_S=mean_BC1_NR120,All_region,Coastal_marsh,All_own,MMT CO2-eq,2013,0,0,LCCTotEnergy_CumCH4eq
Baseline_10_29_19_RCP85_output_D+sd_A-sd_S=mean_BC1_NR120,All_region,Coastal_marsh,All_own,MMT CO2-eq,2014,0,0,LCCTotEnergy_CumCH4eq
Baseline_10_29_19_RCP85_output_D+sd_A-sd_S=mean_BC1_NR120,All_region,Coastal_marsh,All_own,MMT CO2-eq,2015,0,0,LCCTotEnergy_CumCH4eq
Baseline_10_29_19_RCP85_output_D+sd_A-sd_S=mean_BC1_NR120,All_region,Coastal_marsh,All_own,MMT CO2-eq,2016,0,0,LCCTotEnergy_CumCH4eq
Baseline_10_29_19_RCP85_output_D+sd_A-sd_S=mean_BC1_NR120,All_region,Coastal_marsh,All_own,MMT CO2-eq,2017,0,0,LCCTotEnergy_CumCH4eq
Baseline_10_29_19_RCP85_output_D+sd_A-sd_S=mean_BC1_NR120,All_region,Coastal_marsh,All_own,MMT CO2-eq,2018,0,0,LCCTotEnergy_CumCH4eq
Baseline_10_29_19_RCP85_output_D+sd_A-sd_S=mean_BC1_NR120,All_region,Coastal_marsh,All_own,MMT CO2-eq,2019,0,0,LCCTotEnergy_CumCH4eq
Baseline_10_29_19_RCP85_output_D+sd_A-sd_S=mean_BC1_NR120,All_region,Coastal_marsh,All_own,MMT CO2-eq,2020,0,0,LCCTotEnergy_CumCH4eq
Baseline_10_29_19_RCP85_output_D+sd_A-sd_S=mean_BC1_NR120,All_region,Coastal_marsh,All_own,MMT CO2-eq,2021,0,0,LCCTotEnergy_CumCH4eq
Baseline_10_29_19_RCP85_output_D+sd_A-sd_S=mean_BC1_NR120,All_region,Coastal_marsh,All_own,MMT CO2-eq,2022,0,0,LCCTotEnergy_CumCH4eq
Baseline_10_29_19_RCP85_output_D+sd_A-sd_S=mean_BC1_NR120,All_region,Coastal_marsh,All_own,MMT CO2-eq,2010,0,0,LCCTotEnergy_CumCO2
Baseline_10_29_19_RCP85_output_D+sd_A-sd_S=mean_BC1_NR120,All_region,Coastal_marsh,All_own,MMT CO2-eq,2011,0,0,LCCTotEnergy_CumCO2
Baseline_10_29_19_RCP85_output_D+sd_A-sd_S=mean_BC1_NR120,All_region,Coastal_marsh,All_own,MMT CO2-eq,2012,0,0,LCCTotEnergy_CumCO2
Baseline_10_29_19_RCP85_output_D+sd_A-sd_S=mean_BC1_NR120,All_region,Coastal_marsh,All_own,MMT CO2-eq,2013,0,0,LCCTotEnergy_CumCO2
Baseline_10_29_19_RCP85_output_D+sd_A-sd_S=mean_BC1_NR120,All_region,Coastal_marsh,All_own,MMT CO2-eq,2014,0,0,LCCTotEnergy_CumCO2
Baseline_10_29_19_RCP85_output_D+sd_A-sd_S=mean_BC1_NR120,All_region,Coastal_marsh,All_own,MMT CO2-eq,2015,0,0,LCCTotEnergy_CumCO2
Baseline_10_29_19_RCP85_output_D+sd_A-sd_S=mean_BC1_NR120,All_region,Coastal_marsh,All_own,MMT CO2-eq,2016,0,0,LCCTotEnergy_CumCO2
Baseline_10_29_19_RCP85_output_D+sd_A-sd_S=mean_BC1_NR120,All_region,Coastal_marsh,All_own,MMT CO2-eq,2017,0,0,LCCTotEnergy_CumCO2
Baseline_10_29_19_RCP85_output_D+sd_A-sd_S=mean_BC1_NR120,All_region,Coastal_marsh,All_own,MMT CO2-eq,2018,0,0,LCCTotEnergy_CumCO2
Baseline_10_29_19_RCP85_output_D+sd_A-sd_S=mean_BC1_NR120,All_region,Coastal_marsh,All_own,MMT CO2-eq,2019,0,0,LCCTotEnergy_CumCO2
Baseline_10_29_19_RCP85_output_D+sd_A-sd_S=mean_BC1_NR120,All_region,Coastal_marsh,All_own,MMT CO2-eq,2020,0,0,LCCTotEnergy_CumCO2
Baseline_10_29_19_RCP85_output_D+sd_A-sd_S=mean_BC1_NR120,All_region,Coastal_marsh,All_own,MMT CO2-eq,2021,0,0,LCCTotEnergy_CumCO2
Baseline_10_29_19_RCP85_output_D+sd_A-sd_S=mean_BC1_NR120,All_region,Coastal_marsh,All_own,MMT CO2-eq,2022,0,0,LCCTotEnergy_CumCO2
Baseline_10_29_19_RCP85_output_D+sd_A-sd_S=mean_BC1_NR120,All_region,Coastal_marsh,All_own,MMT CO2-eq,2010,0,0,ManFire_CumCH4eq
Baseline_10_29_19_RCP85_output_D+sd_A-sd_S=mean_BC1_NR120,All_region,Coastal_marsh,All_own,MMT CO2-eq,2011,0,0,ManFire_CumCH4eq
Baseline_10_29_19_RCP85_output_D+sd_A-sd_S=mean_BC1_NR120,All_region,Coastal_marsh,All_own,MMT CO2-eq,2012,0,0,ManFire_CumCH4eq
Baseline_10_29_19_RCP85_output_D+sd_A-sd_S=mean_BC1_NR120,All_region,Coastal_marsh,All_own,MMT CO2-eq,2013,0,0,ManFire_CumCH4eq
Baseline_10_29_19_RCP85_output_D+sd_A-sd_S=mean_BC1_NR120,All_region,Coastal_marsh,All_own,MMT CO2-eq,2014,0,0,ManFire_CumCH4eq
Baseline_10_29_19_RCP85_output_D+sd_A-sd_S=mean_BC1_NR120,All_region,Coastal_marsh,All_own,MMT CO2-eq,2015,0,0,ManFire_CumCH4eq
Baseline_10_29_19_RCP85_output_D+sd_A-sd_S=mean_BC1_NR120,All_region,Coastal_marsh,All_own,MMT CO2-eq,2016,0,0,ManFire_CumCH4eq
Baseline_10_29_19_RCP85_output_D+sd_A-sd_S=mean_BC1_NR120,All_region,Coastal_marsh,All_own,MMT CO2-eq,2017,0,0,ManFire_CumCH4eq
Baseline_10_29_19_RCP85_output_D+sd_A-sd_S=mean_BC1_NR120,All_region,Coastal_marsh,All_own,MMT CO2-eq,2018,0,0,ManFire_CumCH4eq
Baseline_10_29_19_RCP85_output_D+sd_A-sd_S=mean_BC1_NR120,All_region,Coastal_marsh,All_own,MMT CO2-eq,2019,0,0,ManFire_CumCH4eq
Baseline_10_29_19_RCP85_output_D+sd_A-sd_S=mean_BC1_NR120,All_region,Coastal_marsh,All_own,MMT CO2-eq,2020,0,0,ManFire_CumCH4eq
Baseline_10_29_19_RCP85_output_D+sd_A-sd_S=mean_BC1_NR120,All_region,Coastal_marsh,All_own,MMT CO2-eq,2021,0,0,ManFire_CumCH4eq
Baseline_10_29_19_RCP85_output_D+sd_A-sd_S=mean_BC1_NR120,All_region,Coastal_marsh,All_own,MMT CO2-eq,2022,0,0,ManFire_CumCH4eq
Baseline_10_29_19_RCP85_output_D+sd_A-sd_S=mean_BC1_NR120,All_region,Coastal_marsh,All_own,MMT CO2-eq,2010,0,0,ManFire_CumCO2
Baseline_10_29_19_RCP85_output_D+sd_A-sd_S=mean_BC1_NR120,All_region,Coastal_marsh,All_own,MMT CO2-eq,2011,0,0,ManFire_CumCO2
Baseline_10_29_19_RCP85_output_D+sd_A-sd_S=mean_BC1_NR120,All_region,Coastal_marsh,All_own,MMT CO2-eq,2012,0,0,ManFire_CumCO2
Baseline_10_29_19_RCP85_output_D+sd_A-sd_S=mean_BC1_NR120,All_region,Coastal_marsh,All_own,MMT CO2-eq,2013,0,0,ManFire_CumCO2
Baseline_10_29_19_RCP85_output_D+sd_A-sd_S=mean_BC1_NR120,All_region,Coastal_marsh,All_own,MMT CO2-eq,2014,0,0,ManFire_CumCO2
Baseline_10_29_19_RCP85_output_D+sd_A-sd_S=mean_BC1_NR120,All_region,Coastal_marsh,All_own,MMT CO2-eq,2015,0,0,ManFire_CumCO2
Baseline_10_29_19_RCP85_output_D+sd_A-sd_S=mean_BC1_NR120,All_region,Coastal_marsh,All_own,MMT CO2-eq,2016,0,0,ManFire_CumCO2
Baseline_10_29_19_RCP85_output_D+sd_A-sd_S=mean_BC1_NR120,All_region,Coastal_marsh,All_own,MMT CO2-eq,2017,0,0,ManFire_CumCO2
Baseline_10_29_19_RCP85_output_D+sd_A-sd_S=mean_BC1_NR120,All_region,Coastal_marsh,All_own,MMT CO2-eq,2018,0,0,ManFire_CumCO2
Baseline_10_29_19_RCP85_output_D+sd_A-sd_S=mean_BC1_NR120,All_region,Coastal_marsh,All_own,MMT CO2-eq,2019,0,0,ManFire_CumCO2
Baseline_10_29_19_RCP85_output_D+sd_A-sd_S=mean_BC1_NR120,All_region,Coastal_marsh,All_own,MMT CO2-eq,2020,0,0,ManFire_CumCO2
Baseline_10_29_19_RCP85_output_D+sd_A-sd_S=mean_BC1_NR120,All_region,Coastal_marsh,All_own,MMT CO2-eq,2021,0,0,ManFire_CumCO2
Baseline_10_29_19_RCP85_output_D+sd_A-sd_S=mean_BC1_NR120,All_region,Coastal_marsh,All_own,MMT CO2-eq,2022,0,0,ManFire_CumCO2
Baseline_10_29_19_RCP85_output_D+sd_A-sd_S=mean_BC1_NR120,All_region,Coastal_marsh,All_own,MMT CO2-eq,2010,0,0,ManNonBurn_CumCO2
Baseline_10_29_19_RCP85_output_D+sd_A-sd_S=mean_BC1_NR120,All_region,Coastal_marsh,All_own,MMT CO2-eq,2011,0,0,ManNonBurn_CumCO2
Baseline_10_29_19_RCP85_output_D+sd_A-sd_S=mean_BC1_NR120,All_region,Coastal_marsh,All_own,MMT CO2-eq,2012,0,0,ManNonBurn_CumCO2
Baseline_10_29_19_RCP85_output_D+sd_A-sd_S=mean_BC1_NR120,All_region,Coastal_marsh,All_own,MMT CO2-eq,2013,0,0,ManNonBurn_CumCO2
Baseline_10_29_19_RCP85_output_D+sd_A-sd_S=mean_BC1_NR120,All_region,Coastal_marsh,All_own,MMT CO2-eq,2014,0,0,ManNonBurn_CumCO2
Baseline_10_29_19_RCP85_output_D+sd_A-sd_S=mean_BC1_NR120,All_region,Coastal_marsh,All_own,MMT CO2-eq,2015,0,0,ManNonBurn_CumCO2
Baseline_10_29_19_RCP85_output_D+sd_A-sd_S=mean_BC1_NR120,All_region,Coastal_marsh,All_own,MMT CO2-eq,2016,0,0,ManNonBurn_CumCO2
Baseline_10_29_19_RCP85_output_D+sd_A-sd_S=mean_BC1_NR120,All_region,Coastal_marsh,All_own,MMT CO2-eq,2017,0,0,ManNonBurn_CumCO2
Baseline_10_29_19_RCP85_output_D+sd_A-sd_S=mean_BC1_NR120,All_region,Coastal_marsh,All_own,MMT CO2-eq,2018,0,0,ManNonBurn_CumCO2
Baseline_10_29_19_RCP85_output_D+sd_A-sd_S=mean_BC1_NR120,All_region,Coastal_marsh,All_own,MMT CO2-eq,2019,0,0,ManNonBurn_CumCO2
Baseline_10_29_19_RCP85_output_D+sd_A-sd_S=mean_BC1_NR120,All_region,Coastal_marsh,All_own,MMT CO2-eq,2020,0,0,ManNonBurn_CumCO2
Baseline_10_29_19_RCP85_output_D+sd_A-sd_S=mean_BC1_NR120,All_region,Coastal_marsh,All_own,MMT CO2-eq,2021,0,0,ManNonBurn_CumCO2
Baseline_10_29_19_RCP85_output_D+sd_A-sd_S=mean_BC1_NR120,All_region,Coastal_marsh,All_own,MMT CO2-eq,2022,0,0,ManNonBurn_CumCO2
Baseline_10_29_19_RCP85_output_D+sd_A-sd_S=mean_BC1_NR120,All_region,Coastal_marsh,All_own,MMT CO2-eq,2010,0,0,ManTotEnergy_CumCH4eq
Baseline_10_29_19_RCP85_output_D+sd_A-sd_S=mean_BC1_NR120,All_region,Coastal_marsh,All_own,MMT CO2-eq,2011,0,0,ManTotEnergy_CumCH4eq
Baseline_10_29_19_RCP85_output_D+sd_A-sd_S=mean_BC1_NR120,All_region,Coastal_marsh,All_own,MMT CO2-eq,2012,0,0,ManTotEnergy_CumCH4eq
Baseline_10_29_19_RCP85_output_D+sd_A-sd_S=mean_BC1_NR120,All_region,Coastal_marsh,All_own,MMT CO2-eq,2013,0,0,ManTotEnergy_CumCH4eq
Baseline_10_29_19_RCP85_output_D+sd_A-sd_S=mean_BC1_NR120,All_region,Coastal_marsh,All_own,MMT CO2-eq,2014,0,0,ManTotEnergy_CumCH4eq
Baseline_10_29_19_RCP85_output_D+sd_A-sd_S=mean_BC1_NR120,All_region,Coastal_marsh,All_own,MMT CO2-eq,2015,0,0,ManTotEnergy_CumCH4eq
Baseline_10_29_19_RCP85_output_D+sd_A-sd_S=mean_BC1_NR120,All_region,Coastal_marsh,All_own,MMT CO2-eq,2016,0,0,ManTotEnergy_CumCH4eq
Baseline_10_29_19_RCP85_output_D+sd_A-sd_S=mean_BC1_NR120,All_region,Coastal_marsh,All_own,MMT CO2-eq,2017,0,0,ManTotEnergy_CumCH4eq
Baseline_10_29_19_RCP85_output_D+sd_A-sd_S=mean_BC1_NR120,All_region,Coastal_marsh,All_own,MMT CO2-eq,2018,0,0,ManTotEnergy_CumCH4eq
Baseline_10_29_19_RCP85_output_D+sd_A-sd_S=mean_BC1_NR120,All_region,Coastal_marsh,All_own,MMT CO2-eq,2019,0,0,ManTotEnergy_CumCH4eq
Baseline_10_29_19_RCP85_output_D+sd_A-sd_S=mean_BC1_NR120,All_region,Coastal_marsh,All_own,MMT CO2-eq,2020,0,0,ManTotEnergy_CumCH4eq
Baseline_10_29_19_RCP85_output_D+sd_A-sd_S=mean_BC1_NR120,All_region,Coastal_marsh,All_own,MMT CO2-eq,2021,0,0,ManTotEnergy_CumCH4eq
Baseline_10_29_19_RCP85_output_D+sd_A-sd_S=mean_BC1_NR120,All_region,Coastal_marsh,All_own,MMT CO2-eq,2022,0,0,ManTotEnergy_CumCH4eq
Baseline_10_29_19_RCP85_output_D+sd_A-sd_S=mean_BC1_NR120,All_region,Coastal_marsh,All_own,MMT CO2-eq,2010,0,0,ManTotEnergy_CumCO2
Baseline_10_29_19_RCP85_output_D+sd_A-sd_S=mean_BC1_NR120,All_region,Coastal_marsh,All_own,MMT CO2-eq,2011,0,0,ManTotEnergy_CumCO2
Baseline_10_29_19_RCP85_output_D+sd_A-sd_S=mean_BC1_NR120,All_region,Coastal_marsh,All_own,MMT CO2-eq,2012,0,0,ManTotEnergy_CumCO2
Baseline_10_29_19_RCP85_output_D+sd_A-sd_S=mean_BC1_NR120,All_region,Coastal_marsh,All_own,MMT CO2-eq,2013,0,0,ManTotEnergy_CumCO2
Baseline_10_29_19_RCP85_output_D+sd_A-sd_S=mean_BC1_NR120,All_region,Coastal_marsh,All_own,MMT CO2-eq,2014,0,0,ManTotEnergy_CumCO2
Baseline_10_29_19_RCP85_output_D+sd_A-sd_S=mean_BC1_NR120,All_region,Coastal_marsh,All_own,MMT CO2-eq,2015,0,0,ManTotEnergy_CumCO2
Baseline_10_29_19_RCP85_output_D+sd_A-sd_S=mean_BC1_NR120,All_region,Coastal_marsh,All_own,MMT CO2-eq,2016,0,0,ManTotEnergy_CumCO2
Baseline_10_29_19_RCP85_output_D+sd_A-sd_S=mean_BC1_NR120,All_region,Coastal_marsh,All_own,MMT CO2-eq,2017,0,0,ManTotEnergy_CumCO2
Baseline_10_29_19_RCP85_output_D+sd_A-sd_S=mean_BC1_NR120,All_region,Coastal_marsh,All_own,MMT CO2-eq,2018,0,0,ManTotEnergy_CumCO2
Baseline_10_29_19_RCP85_output_D+sd_A-sd_S=mean_BC1_NR120,All_region,Coastal_marsh,All_own,MMT CO2-eq,2019,0,0,ManTotEnergy_CumCO2
Baseline_10_29_19_RCP85_output_D+sd_A-sd_S=mean_BC1_NR120,All_region,Coastal_marsh,All_own,MMT CO2-eq,2020,0,0,ManTotEnergy_CumCO2
Baseline_10_29_19_RCP85_output_D+sd_A-sd_S=mean_BC1_NR120,All_region,Coastal_marsh,All_own,MMT CO2-eq,2021,0,0,ManTotEnergy_CumCO2
Baseline_10_29_19_RCP85_output_D+sd_A-sd_S=mean_BC1_NR120,All_region,Coastal_marsh,All_own,MMT CO2-eq,2022,0,0,ManTotEnergy_CumCO2
Baseline_10_29_19_RCP85_output_D+sd_A-sd_S=mean_BC1_NR120,All_region,Coastal_marsh,All_own,MMT CO2-eq,2010,0,0,Wildfire_CumCH4eq
Baseline_10_29_19_RCP85_output_D+sd_A-sd_S=mean_BC1_NR120,All_region,Coastal_marsh,All_own,MMT CO2-eq,2011,0,0,Wildfire_CumCH4eq
Baseline_10_29_19_RCP85_output_D+sd_A-sd_S=mean_BC1_NR120,All_region,Coastal_marsh,All_own,MMT CO2-eq,2012,0,0,Wildfire_CumCH4eq
Baseline_10_29_19_RCP85_output_D+sd_A-sd_S=mean_BC1_NR120,All_region,Coastal_marsh,All_own,MMT CO2-eq,2013,0,0,Wildfire_CumCH4eq
Baseline_10_29_19_RCP85_output_D+sd_A-sd_S=mean_BC1_NR120,All_region,Coastal_marsh,All_own,MMT CO2-eq,2014,0,0,Wildfire_CumCH4eq
Baseline_10_29_19_RCP85_output_D+sd_A-sd_S=mean_BC1_NR120,All_region,Coastal_marsh,All_own,MMT CO2-eq,2015,0,0,Wildfire_CumCH4eq
Baseline_10_29_19_RCP85_output_D+sd_A-sd_S=mean_BC1_NR120,All_region,Coastal_marsh,All_own,MMT CO2-eq,2016,0,0,Wildfire_CumCH4eq
Baseline_10_29_19_RCP85_output_D+sd_A-sd_S=mean_BC1_NR120,All_region,Coastal_marsh,All_own,MMT CO2-eq,2017,0,0,Wildfire_CumCH4eq
Baseline_10_29_19_RCP85_output_D+sd_A-sd_S=mean_BC1_NR120,All_region,Coastal_marsh,All_own,MMT CO2-eq,2018,0,0,Wildfire_CumCH4eq
Baseline_10_29_19_RCP85_output_D+sd_A-sd_S=mean_BC1_NR120,All_region,Coastal_marsh,All_own,MMT CO2-eq,2019,0,0,Wildfire_CumCH4eq
Baseline_10_29_19_RCP85_output_D+sd_A-sd_S=mean_BC1_NR120,All_region,Coastal_marsh,All_own,MMT CO2-eq,2020,0,0,Wildfire_CumCH4eq
Baseline_10_29_19_RCP85_output_D+sd_A-sd_S=mean_BC1_NR120,All_region,Coastal_marsh,All_own,MMT CO2-eq,2021,0,0,Wildfire_CumCH4eq
Baseline_10_29_19_RCP85_output_D+sd_A-sd_S=mean_BC1_NR120,All_region,Coastal_marsh,All_own,MMT CO2-eq,2022,0,0,Wildfire_CumCH4eq
Baseline_10_29_19_RCP85_output_D+sd_A-sd_S=mean_BC1_NR120,All_region,Coastal_marsh,All_own,MMT CO2-eq,2010,0,0,Wildfire_CumCO2
Baseline_10_29_19_RCP85_output_D+sd_A-sd_S=mean_BC1_NR120,All_region,Coastal_marsh,All_own,MMT CO2-eq,2011,0,0,Wildfire_CumCO2
Baseline_10_29_19_RCP85_output_D+sd_A-sd_S=mean_BC1_NR120,All_region,Coastal_marsh,All_own,MMT CO2-eq,2012,0,0,Wildfire_CumCO2
Baseline_10_29_19_RCP85_output_D+sd_A-sd_S=mean_BC1_NR120,All_region,Coastal_marsh,All_own,MMT CO2-eq,2013,0,0,Wildfire_CumCO2
Baseline_10_29_19_RCP85_output_D+sd_A-sd_S=mean_BC1_NR120,All_region,Coastal_marsh,All_own,MMT CO2-eq,2014,0,0,Wildfire_CumCO2
Baseline_10_29_19_RCP85_output_D+sd_A-sd_S=mean_BC1_NR120,All_region,Coastal_marsh,All_own,MMT CO2-eq,2015,0,0,Wildfire_CumCO2
Baseline_10_29_19_RCP85_output_D+sd_A-sd_S=mean_BC1_NR120,All_region,Coastal_marsh,All_own,MMT CO2-eq,2016,0,0,Wildfire_CumCO2
Baseline_10_29_19_RCP85_output_D+sd_A-sd_S=mean_BC1_NR120,All_region,Coastal_marsh,All_own,MMT CO2-eq,2017,0,0,Wildfire_CumCO2
Baseline_10_29_19_RCP85_output_D+sd_A-sd_S=mean_BC1_NR120,All_region,Coastal_marsh,All_own,MMT CO2-eq,2018,0,0,Wildfire_CumCO2
Baseline_10_29_19_RCP85_output_D+sd_A-sd_S=mean_BC1_NR120,All_region,Coastal_marsh,All_own,MMT CO2-eq,2019,0,0,Wildfire_CumCO2
Baseline_10_29_19_RCP85_output_D+sd_A-sd_S=mean_BC1_NR120,All_region,Coastal_marsh,All_own,MMT CO2-eq,2020,0,0,Wildfire_CumCO2
Baseline_10_29_19_RCP85_output_D+sd_A-sd_S=mean_BC1_NR120,All_region,Coastal_marsh,All_own,MMT CO2-eq,2021,0,0,Wildfire_CumCO2
Baseline_10_29_19_RCP85_output_D+sd_A-sd_S=mean_BC1_NR120,All_region,Coastal_marsh,All_own,MMT CO2-eq,2022,0,0,Wildfire_CumCO2
Baseline_10_29_19_RCP85_output_D+sd_A-sd_S=mean_BC1_NR120,All_region,Coastal_marsh,All_own,MMT CO2-eq,2010,0,0,Wood_CumCH4eq
Baseline_10_29_19_RCP85_output_D+sd_A-sd_S=mean_BC1_NR120,All_region,Coastal_marsh,All_own,MMT CO2-eq,2011,0,0,Wood_CumCH4eq
Baseline_10_29_19_RCP85_output_D+sd_A-sd_S=mean_BC1_NR120,All_region,Coastal_marsh,All_own,MMT CO2-eq,2012,0,0,Wood_CumCH4eq
Baseline_10_29_19_RCP85_output_D+sd_A-sd_S=mean_BC1_NR120,All_region,Coastal_marsh,All_own,MMT CO2-eq,2013,0,0,Wood_CumCH4eq
Baseline_10_29_19_RCP85_output_D+sd_A-sd_S=mean_BC1_NR120,All_region,Coastal_marsh,All_own,MMT CO2-eq,2014,0,0,Wood_CumCH4eq
Baseline_10_29_19_RCP85_output_D+sd_A-sd_S=mean_BC1_NR120,All_region,Coastal_marsh,All_own,MMT CO2-eq,2015,0,0,Wood_CumCH4eq
Baseline_10_29_19_RCP85_output_D+sd_A-sd_S=mean_BC1_NR120,All_region,Coastal_marsh,All_own,MMT CO2-eq,2016,0,0,Wood_CumCH4eq
Baseline_10_29_19_RCP85_output_D+sd_A-sd_S=mean_BC1_NR120,All_region,Coastal_marsh,All_own,MMT CO2-eq,2017,0,0,Wood_CumCH4eq
Baseline_10_29_19_RCP85_output_D+sd_A-sd_S=mean_BC1_NR120,All_region,Coastal_marsh,All_own,MMT CO2-eq,2018,0,0,Wood_CumCH4eq
Baseline_10_29_19_RCP85_output_D+sd_A-sd_S=mean_BC1_NR120,All_region,Coastal_marsh,All_own,MMT CO2-eq,2019,0,0,Wood_CumCH4eq
Baseline_10_29_19_RCP85_output_D+sd_A-sd_S=mean_BC1_NR120,All_region,Coastal_marsh,All_own,MMT CO2-eq,2020,0,0,Wood_CumCH4eq
Baseline_10_29_19_RCP85_output_D+sd_A-sd_S=mean_BC1_NR120,All_region,Coastal_marsh,All_own,MMT CO2-eq,2021,0,0,Wood_CumCH4eq
Baseline_10_29_19_RCP85_output_D+sd_A-sd_S=mean_BC1_NR120,All_region,Coastal_marsh,All_own,MMT CO2-eq,2022,0,0,Wood_CumCH4eq
Baseline_10_29_19_RCP85_output_D+sd_A-sd_S=mean_BC1_NR120,All_region,Coastal_marsh,All_own,MMT CO2-eq,2010,0,0,Wood_CumCO2
Baseline_10_29_19_RCP85_output_D+sd_A-sd_S=mean_BC1_NR120,All_region,Coastal_marsh,All_own,MMT CO2-eq,2011,0,0,Wood_CumCO2
Baseline_10_29_19_RCP85_output_D+sd_A-sd_S=mean_BC1_NR120,All_region,Coastal_marsh,All_own,MMT CO2-eq,2012,0,0,Wood_CumCO2
Baseline_10_29_19_RCP85_output_D+sd_A-sd_S=mean_BC1_NR120,All_region,Coastal_marsh,All_own,MMT CO2-eq,2013,0,0,Wood_CumCO2
Baseline_10_29_19_RCP85_output_D+sd_A-sd_S=mean_BC1_NR120,All_region,Coastal_marsh,All_own,MMT CO2-eq,2014,0,0,Wood_CumCO2
Baseline_10_29_19_RCP85_output_D+sd_A-sd_S=mean_BC1_NR120,All_region,Coastal_marsh,All_own,MMT CO2-eq,2015,0,0,Wood_CumCO2
Baseline_10_29_19_RCP85_output_D+sd_A-sd_S=mean_BC1_NR120,All_region,Coastal_marsh,All_own,MMT CO2-eq,2016,0,0,Wood_CumCO2
Baseline_10_29_19_RCP85_output_D+sd_A-sd_S=mean_BC1_NR120,All_region,Coastal_marsh,All_own,MMT CO2-eq,2017,0,0,Wood_CumCO2
Baseline_10_29_19_RCP85_output_D+sd_A-sd_S=mean_BC1_NR120,All_region,Coastal_marsh,All_own,MMT CO2-eq,2018,0,0,Wood_CumCO2
Baseline_10_29_19_RCP85_output_D+sd_A-sd_S=mean_BC1_NR120,All_region,Coastal_marsh,All_own,MMT CO2-eq,2019,0,0,Wood_CumCO2
Baseline_10_29_19_RCP85_output_D+sd_A-sd_S=mean_BC1_NR120,All_region,Coastal_marsh,All_own,MMT CO2-eq,2020,0,0,Wood_CumCO2
Baseline_10_29_19_RCP85_output_D+sd_A-sd_S=mean_BC1_NR120,All_region,Coastal_marsh,All_own,MMT CO2-eq,2021,0,0,Wood_CumCO2
Baseline_10_29_19_RCP85_output_D+sd_A-sd_S=mean_BC1_NR120,All_region,Coastal_marsh,All_own,MMT CO2-eq,2022,0,0,Wood_CumCO2
