Scenario,Land_Type,Units,Year,Value
Alternative,Coastal_marsh,MMT C,2010,0.00012654
Alternative,Coastal_marsh,MMT C,2011,0.0008018
Alternative,Coastal_marsh,MMT C,2012,0.00136822
Alternative,Coastal_marsh,MMT C,2013,0.00162367
Alternative,Coastal_marsh,MMT C,2014,0.00214899
Alternative,Coastal_marsh,MMT C,2015,0.00247493
Alternative,Coastal_marsh,MMT C,2016,0.00293863
Alternative,Coastal_marsh,MMT C,2017,0.0030803
Alternative,Coastal_marsh,MMT C,2018,0.0043701
Alternative,Coastal_marsh,MMT C,2019,0.00310039
Alternative,Coastal_marsh,MMT C,2020,0.00401665
Alternative,Coastal_marsh,MMT C,2021,0.0067069
