Scenario,Land_Type,Units,Year,Value
Baseline,Coastal_marsh,MMT C,2010,0
Baseline,Coastal_marsh,MMT C,2011,0.00533266
Baseline,Coastal_marsh,MMT C,2012,0.01069562
Baseline,Coastal_marsh,MMT C,2013,0.01603627
Baseline,Coastal_marsh,MMT C,2014,0.01943215
Baseline,Coastal_marsh,MMT C,2015,0.02304466
Baseline,Coastal_marsh,MMT C,2016,0.02699173
Baseline,Coastal_marsh,MMT C,2017,0.03101824
Baseline,Coastal_marsh,MMT C,2018,0.0333074
Baseline,Coastal_marsh,MMT C,2019,0.03834459
Baseline,Coastal_marsh,MMT C,2020,0.04012252
Baseline,Coastal_marsh,MMT C,2021,0.04377452
Baseline,Coastal_marsh,MMT C,2022,0.04903131
Alternative,Coastal_marsh,MMT C,2010,0
Alternative,Coastal_marsh,MMT C,2011,0.0054592
Alternative,Coastal_marsh,MMT C,2012,0.01162395
Alternative,Coastal_marsh,MMT C,2013,0.01833282
Alternative,Coastal_marsh,MMT C,2014,0.02335237
Alternative,Coastal_marsh,MMT C,2015,0.02911389
Alternative,Coastal_marsh,MMT C,2016,0.0355359
Alternative,Coastal_marsh,MMT C,2017,0.04250103
Alternative,Coastal_marsh,MMT C,2018,0.04787047
Alternative,Coastal_marsh,MMT C,2019,0.05727776
Alternative,Coastal_marsh,MMT C,2020,0.06215608
Alternative,Coastal_marsh,MMT C,2021,0.06982474
Alternative,Coastal_marsh,MMT C,2022,0.08178843
