Scenario,Region,Land_Type,Ownership,Component,Units,Year,Value
Baseline,All_region,Coastal_marsh,All_own,Net_Wood_Gain,MMT C,2020,0
Baseline,All_region,Coastal_marsh,All_own,Ecosystem_Gain_minus_NWG,MMT C,2020,0.05256829
Baseline,All_region,Coastal_marsh,All_own,Loss_to_Atmos_from_Manage,MMT C,2020,0
Baseline,All_region,Coastal_marsh,All_own,Loss_to_Atmos_from_Fire,MMT C,2020,0
Baseline,All_region,Coastal_marsh,All_own,Loss_to_Atmos_from_LCC,MMT C,2020,-0.01244577
Baseline,All_region,Coastal_marsh,All_own,Loss_to_Atmos_from_Wood,MMT C,2020,0
Alternative,All_region,Coastal_marsh,All_own,Net_Wood_Gain,MMT C,2020,0
Alternative,All_region,Coastal_marsh,All_own,Ecosystem_Gain_minus_NWG,MMT C,2020,0.06842471
Alternative,All_region,Coastal_marsh,All_own,Loss_to_Atmos_from_Manage,MMT C,2020,0
Alternative,All_region,Coastal_marsh,All_own,Loss_to_Atmos_from_Fire,MMT C,2020,0
Alternative,All_region,Coastal_marsh,All_own,Loss_to_Atmos_from_LCC,MMT C,2020,-0.00626863
Alternative,All_region,Coastal_marsh,All_own,Loss_to_Atmos_from_Wood,MMT C,2020,0
