Scenario,Land_Type,Units,Year,Value
Baseline,Coastal_marsh,MMT C,2010,0.00533266
Baseline,Coastal_marsh,MMT C,2011,0.00536295
Baseline,Coastal_marsh,MMT C,2012,0.00534065
Baseline,Coastal_marsh,MMT C,2013,0.00339588
Baseline,Coastal_marsh,MMT C,2014,0.00361252
Baseline,Coastal_marsh,MMT C,2015,0.00394707
Baseline,Coastal_marsh,MMT C,2016,0.0040265
Baseline,Coastal_marsh,MMT C,2017,0.00228915
Baseline,Coastal_marsh,MMT C,2018,0.00503719
Baseline,Coastal_marsh,MMT C,2019,0.00177793
Baseline,Coastal_marsh,MMT C,2020,0.00365201
Baseline,Coastal_marsh,MMT C,2021,0.00525679
Alternative,Coastal_marsh,MMT C,2010,0.0054592
Alternative,Coastal_marsh,MMT C,2011,0.00616475
Alternative,Coastal_marsh,MMT C,2012,0.00670887
Alternative,Coastal_marsh,MMT C,2013,0.00501955
Alternative,Coastal_marsh,MMT C,2014,0.00576151
Alternative,Coastal_marsh,MMT C,2015,0.006422
Alternative,Coastal_marsh,MMT C,2016,0.00696513
Alternative,Coastal_marsh,MMT C,2017,0.00536945
Alternative,Coastal_marsh,MMT C,2018,0.00940729
Alternative,Coastal_marsh,MMT C,2019,0.00487832
Alternative,Coastal_marsh,MMT C,2020,0.00766866
Alternative,Coastal_marsh,MMT C,2021,0.01196369
