Scenario,Region,Land_Type,Ownership,Units,Year,Value,Diff,Component
Alternative_B_10_29_19_RCP85_output_D+sd_A-sd_S=mean_BC1_NR120,All_region,Coastal_marsh,All_own,MMT CO2-eq,2010,0,0,Eco_AnnCH4eq
Alternative_B_10_29_19_RCP85_output_D+sd_A-sd_S=mean_BC1_NR120,All_region,Coastal_marsh,All_own,MMT CO2-eq,2011,0,0,Eco_AnnCH4eq
Alternative_B_10_29_19_RCP85_output_D+sd_A-sd_S=mean_BC1_NR120,All_region,Coastal_marsh,All_own,MMT CO2-eq,2012,0,0,Eco_AnnCH4eq
Alternative_B_10_29_19_RCP85_output_D+sd_A-sd_S=mean_BC1_NR120,All_region,Coastal_marsh,All_own,MMT CO2-eq,2013,0,0,Eco_AnnCH4eq
Alternative_B_10_29_19_RCP85_output_D+sd_A-sd_S=mean_BC1_NR120,All_region,Coastal_marsh,All_own,MMT CO2-eq,2014,0,0,Eco_AnnCH4eq
Alternative_B_10_29_19_RCP85_output_D+sd_A-sd_S=mean_BC1_NR120,All_region,Coastal_marsh,All_own,MMT CO2-eq,2015,0,0,Eco_AnnCH4eq
Alternative_B_10_29_19_RCP85_output_D+sd_A-sd_S=mean_BC1_NR120,All_region,Coastal_marsh,All_own,MMT CO2-eq,2016,0,0,Eco_AnnCH4eq
Alternative_B_10_29_19_RCP85_output_D+sd_A-sd_S=mean_BC1_NR120,All_region,Coastal_marsh,All_own,MMT CO2-eq,2017,0,0,Eco_AnnCH4eq
Alternative_B_10_29_19_RCP85_output_D+sd_A-sd_S=mean_BC1_NR120,All_region,Coastal_marsh,All_own,MMT CO2-eq,2018,0,0,Eco_AnnCH4eq
Alternative_B_10_29_19_RCP85_output_D+sd_A-sd_S=mean_BC1_NR120,All_region,Coastal_marsh,All_own,MMT CO2-eq,2019,0,0,Eco_AnnCH4eq
Alternative_B_10_29_19_RCP85_output_D+sd_A-sd_S=mean_BC1_NR120,All_region,Coastal_marsh,All_own,MMT CO2-eq,2020,0,0,Eco_AnnCH4eq
Alternative_B_10_29_19_RCP85_output_D+sd_A-sd_S=mean_BC1_NR120,All_region,Coastal_marsh,All_own,MMT CO2-eq,2021,0,0,Eco_AnnCH4eq
Alternative_B_10_29_19_RCP85_output_D+sd_A-sd_S=mean_BC1_NR120,All_region,Coastal_marsh,All_own,MMT CO2-eq,2010,-0.02409042,0,Eco_AnnCO2
Alternative_B_10_29_19_RCP85_output_D+sd_A-sd_S=mean_BC1_NR120,All_region,Coastal_marsh,All_own,MMT CO2-eq,2011,-0.02594098,-0.00173694,Eco_AnnCO2
Alternative_B_10_29_19_RCP85_output_D+sd_A-sd_S=mean_BC1_NR120,All_region,Coastal_marsh,All_own,MMT CO2-eq,2012,-0.02756482,-0.00343986,Eco_AnnCO2
Alternative_B_10_29_19_RCP85_output_D+sd_A-sd_S=mean_BC1_NR120,All_region,Coastal_marsh,All_own,MMT CO2-eq,2013,-0.02101097,-0.00401,Eco_AnnCO2
Alternative_B_10_29_19_RCP85_output_D+sd_A-sd_S=mean_BC1_NR120,All_region,Coastal_marsh,All_own,MMT CO2-eq,2014,-0.02342069,-0.00562367,Eco_AnnCO2
Alternative_B_10_29_19_RCP85_output_D+sd_A-sd_S=mean_BC1_NR120,All_region,Coastal_marsh,All_own,MMT CO2-eq,2015,-0.02552035,-0.00649561,Eco_AnnCO2
Alternative_B_10_29_19_RCP85_output_D+sd_A-sd_S=mean_BC1_NR120,All_region,Coastal_marsh,All_own,MMT CO2-eq,2016,-0.02719654,-0.00787895,Eco_AnnCO2
Alternative_B_10_29_19_RCP85_output_D+sd_A-sd_S=mean_BC1_NR120,All_region,Coastal_marsh,All_own,MMT CO2-eq,2017,-0.02116887,-0.0082154,Eco_AnnCO2
Alternative_B_10_29_19_RCP85_output_D+sd_A-sd_S=mean_BC1_NR120,All_region,Coastal_marsh,All_own,MMT CO2-eq,2018,-0.03578768,-0.0127624,Eco_AnnCO2
Alternative_B_10_29_19_RCP85_output_D+sd_A-sd_S=mean_BC1_NR120,All_region,Coastal_marsh,All_own,MMT CO2-eq,2019,-0.01902276,-0.00793879,Eco_AnnCO2
Alternative_B_10_29_19_RCP85_output_D+sd_A-sd_S=mean_BC1_NR120,All_region,Coastal_marsh,All_own,MMT CO2-eq,2020,-0.02914739,-0.01119482,Eco_AnnCO2
Alternative_B_10_29_19_RCP85_output_D+sd_A-sd_S=mean_BC1_NR120,All_region,Coastal_marsh,All_own,MMT CO2-eq,2021,-0.04481817,-0.02098242,Eco_AnnCO2
Alternative_B_10_29_19_RCP85_output_D+sd_A-sd_S=mean_BC1_NR120,All_region,Coastal_marsh,All_own,MMT CO2-eq,2010,0,0,LCCFire_AnnCH4eq
Alternative_B_10_29_19_RCP85_output_D+sd_A-sd_S=mean_BC1_NR120,All_region,Coastal_marsh,All_own,MMT CO2-eq,2011,0,0,LCCFire_AnnCH4eq
Alternative_B_10_29_19_RCP85_output_D+sd_A-sd_S=mean_BC1_NR120,All_region,Coastal_marsh,All_own,MMT CO2-eq,2012,0,0,LCCFire_AnnCH4eq
Alternative_B_10_29_19_RCP85_output_D+sd_A-sd_S=mean_BC1_NR120,All_region,Coastal_marsh,All_own,MMT CO2-eq,2013,0,0,LCCFire_AnnCH4eq
Alternative_B_10_29_19_RCP85_output_D+sd_A-sd_S=mean_BC1_NR120,All_region,Coastal_marsh,All_own,MMT CO2-eq,2014,0,0,LCCFire_AnnCH4eq
Alternative_B_10_29_19_RCP85_output_D+sd_A-sd_S=mean_BC1_NR120,All_region,Coastal_marsh,All_own,MMT CO2-eq,2015,0,0,LCCFire_AnnCH4eq
Alternative_B_10_29_19_RCP85_output_D+sd_A-sd_S=mean_BC1_NR120,All_region,Coastal_marsh,All_own,MMT CO2-eq,2016,0,0,LCCFire_AnnCH4eq
Alternative_B_10_29_19_RCP85_output_D+sd_A-sd_S=mean_BC1_NR120,All_region,Coastal_marsh,All_own,MMT CO2-eq,2017,0,0,LCCFire_AnnCH4eq
Alternative_B_10_29_19_RCP85_output_D+sd_A-sd_S=mean_BC1_NR120,All_region,Coastal_marsh,All_own,MMT CO2-eq,2018,0,0,LCCFire_AnnCH4eq
Alternative_B_10_29_19_RCP85_output_D+sd_A-sd_S=mean_BC1_NR120,All_region,Coastal_marsh,All_own,MMT CO2-eq,2019,0,0,LCCFire_AnnCH4eq
Alternative_B_10_29_19_RCP85_output_D+sd_A-sd_S=mean_BC1_NR120,All_region,Coastal_marsh,All_own,MMT CO2-eq,2020,0,0,LCCFire_AnnCH4eq
Alternative_B_10_29_19_RCP85_output_D+sd_A-sd_S=mean_BC1_NR120,All_region,Coastal_marsh,All_own,MMT CO2-eq,2021,0,0,LCCFire_AnnCH4eq
Alternative_B_10_29_19_RCP85_output_D+sd_A-sd_S=mean_BC1_NR120,All_region,Coastal_marsh,All_own,MMT CO2-eq,2010,0,0,LCCFire_AnnCO2
Alternative_B_10_29_19_RCP85_output_D+sd_A-sd_S=mean_BC1_NR120,All_region,Coastal_marsh,All_own,MMT CO2-eq,2011,0,0,LCCFire_AnnCO2
Alternative_B_10_29_19_RCP85_output_D+sd_A-sd_S=mean_BC1_NR120,All_region,Coastal_marsh,All_own,MMT CO2-eq,2012,0,0,LCCFire_AnnCO2
Alternative_B_10_29_19_RCP85_output_D+sd_A-sd_S=mean_BC1_NR120,All_region,Coastal_marsh,All_own,MMT CO2-eq,2013,0,0,LCCFire_AnnCO2
Alternative_B_10_29_19_RCP85_output_D+sd_A-sd_S=mean_BC1_NR120,All_region,Coastal_marsh,All_own,MMT CO2-eq,2014,0,0,LCCFire_AnnCO2
Alternative_B_10_29_19_RCP85_output_D+sd_A-sd_S=mean_BC1_NR120,All_region,Coastal_marsh,All_own,MMT CO2-eq,2015,0,0,LCCFire_AnnCO2
Alternative_B_10_29_19_RCP85_output_D+sd_A-sd_S=mean_BC1_NR120,All_region,Coastal_marsh,All_own,MMT CO2-eq,2016,0,0,LCCFire_AnnCO2
Alternative_B_10_29_19_RCP85_output_D+sd_A-sd_S=mean_BC1_NR120,All_region,Coastal_marsh,All_own,MMT CO2-eq,2017,0,0,LCCFire_AnnCO2
Alternative_B_10_29_19_RCP85_output_D+sd_A-sd_S=mean_BC1_NR120,All_region,Coastal_marsh,All_own,MMT CO2-eq,2018,0,0,LCCFire_AnnCO2
Alternative_B_10_29_19_RCP85_output_D+sd_A-sd_S=mean_BC1_NR120,All_region,Coastal_marsh,All_own,MMT CO2-eq,2019,0,0,LCCFire_AnnCO2
Alternative_B_10_29_19_RCP85_output_D+sd_A-sd_S=mean_BC1_NR120,All_region,Coastal_marsh,All_own,MMT CO2-eq,2020,0,0,LCCFire_AnnCO2
Alternative_B_10_29_19_RCP85_output_D+sd_A-sd_S=mean_BC1_NR120,All_region,Coastal_marsh,All_own,MMT CO2-eq,2021,0,0,LCCFire_AnnCO2
Alternative_B_10_29_19_RCP85_output_D+sd_A-sd_S=mean_BC1_NR120,All_region,Coastal_marsh,All_own,MMT CO2-eq,2010,0.00408663,-0.00046367,LCCNonBurn_AnnCO2
Alternative_B_10_29_19_RCP85_output_D+sd_A-sd_S=mean_BC1_NR120,All_region,Coastal_marsh,All_own,MMT CO2-eq,2011,0.00335191,-0.00120103,LCCNonBurn_AnnCO2
Alternative_B_10_29_19_RCP85_output_D+sd_A-sd_S=mean_BC1_NR120,All_region,Coastal_marsh,All_own,MMT CO2-eq,2012,0.00298194,-0.00157361,LCCNonBurn_AnnCO2
Alternative_B_10_29_19_RCP85_output_D+sd_A-sd_S=mean_BC1_NR120,All_region,Coastal_marsh,All_own,MMT CO2-eq,2013,0.00261817,-0.00193951,LCCNonBurn_AnnCO2
Alternative_B_10_29_19_RCP85_output_D+sd_A-sd_S=mean_BC1_NR120,All_region,Coastal_marsh,All_own,MMT CO2-eq,2014,0.00230915,-0.00225077,LCCNonBurn_AnnCO2
Alternative_B_10_29_19_RCP85_output_D+sd_A-sd_S=mean_BC1_NR120,All_region,Coastal_marsh,All_own,MMT CO2-eq,2015,0.00198864,-0.00257312,LCCNonBurn_AnnCO2
Alternative_B_10_29_19_RCP85_output_D+sd_A-sd_S=mean_BC1_NR120,All_region,Coastal_marsh,All_own,MMT CO2-eq,2016,0.00167468,-0.00288885,LCCNonBurn_AnnCO2
Alternative_B_10_29_19_RCP85_output_D+sd_A-sd_S=mean_BC1_NR120,All_region,Coastal_marsh,All_own,MMT CO2-eq,2017,0.00149396,-0.00307152,LCCNonBurn_AnnCO2
Alternative_B_10_29_19_RCP85_output_D+sd_A-sd_S=mean_BC1_NR120,All_region,Coastal_marsh,All_own,MMT CO2-eq,2018,0.00131717,-0.00325065,LCCNonBurn_AnnCO2
Alternative_B_10_29_19_RCP85_output_D+sd_A-sd_S=mean_BC1_NR120,All_region,Coastal_marsh,All_own,MMT CO2-eq,2019,0.00114747,-0.00342175,LCCNonBurn_AnnCO2
Alternative_B_10_29_19_RCP85_output_D+sd_A-sd_S=mean_BC1_NR120,All_region,Coastal_marsh,All_own,MMT CO2-eq,2020,0.00104762,-0.00352313,LCCNonBurn_AnnCO2
Alternative_B_10_29_19_RCP85_output_D+sd_A-sd_S=mean_BC1_NR120,All_region,Coastal_marsh,All_own,MMT CO2-eq,2021,0.00098045,-0.00359322,LCCNonBurn_AnnCO2
Alternative_B_10_29_19_RCP85_output_D+sd_A-sd_S=mean_BC1_NR120,All_region,Coastal_marsh,All_own,MMT CO2-eq,2010,0,0,LCCTotEnergy_AnnCH4eq
Alternative_B_10_29_19_RCP85_output_D+sd_A-sd_S=mean_BC1_NR120,All_region,Coastal_marsh,All_own,MMT CO2-eq,2011,0,0,LCCTotEnergy_AnnCH4eq
Alternative_B_10_29_19_RCP85_output_D+sd_A-sd_S=mean_BC1_NR120,All_region,Coastal_marsh,All_own,MMT CO2-eq,2012,0,0,LCCTotEnergy_AnnCH4eq
Alternative_B_10_29_19_RCP85_output_D+sd_A-sd_S=mean_BC1_NR120,All_region,Coastal_marsh,All_own,MMT CO2-eq,2013,0,0,LCCTotEnergy_AnnCH4eq
Alternative_B_10_29_19_RCP85_output_D+sd_A-sd_S=mean_BC1_NR120,All_region,Coastal_marsh,All_own,MMT CO2-eq,2014,0,0,LCCTotEnergy_AnnCH4eq
Alternative_B_10_29_19_RCP85_output_D+sd_A-sd_S=mean_BC1_NR120,All_region,Coastal_marsh,All_own,MMT CO2-eq,2015,0,0,LCCTotEnergy_AnnCH4eq
Alternative_B_10_29_19_RCP85_output_D+sd_A-sd_S=mean_BC1_NR120,All_region,Coastal_marsh,All_own,MMT CO2-eq,2016,0,0,LCCTotEnergy_AnnCH4eq
Alternative_B_10_29_19_RCP85_output_D+sd_A-sd_S=mean_BC1_NR120,All_region,Coastal_marsh,All_own,MMT CO2-eq,2017,0,0,LCCTotEnergy_AnnCH4eq
Alternative_B_10_29_19_RCP85_output_D+sd_A-sd_S=mean_BC1_NR120,All_region,Coastal_marsh,All_own,MMT CO2-eq,2018,0,0,LCCTotEnergy_AnnCH4eq
Alternative_B_10_29_19_RCP85_output_D+sd_A-sd_S=mean_BC1_NR120,All_region,Coastal_marsh,All_own,MMT CO2-eq,2019,0,0,LCCTotEnergy_AnnCH4eq
Alternative_B_10_29_19_RCP85_output_D+sd_A-sd_S=mean_BC1_NR120,All_region,Coastal_marsh,All_own,MMT CO2-eq,2020,0,0,LCCTotEnergy_AnnCH4eq
Alternative_B_10_29_19_RCP85_output_D+sd_A-sd_S=mean_BC1_NR120,All_region,Coastal_marsh,All_own,MMT CO2-eq,2021,0,0,LCCTotEnergy_AnnCH4eq
Alternative_B_10_29_19_RCP85_output_D+sd_A-sd_S=mean_BC1_NR120,All_region,Coastal_marsh,All_own,MMT CO2-eq,2010,0,0,LCCTotEnergy_AnnCO2
Alternative_B_10_29_19_RCP85_output_D+sd_A-sd_S=mean_BC1_NR120,All_region,Coastal_marsh,All_own,MMT CO2-eq,2011,0,0,LCCTotEnergy_AnnCO2
Alternative_B_10_29_19_RCP85_output_D+sd_A-sd_S=mean_BC1_NR120,All_region,Coastal_marsh,All_own,MMT CO2-eq,2012,0,0,LCCTotEnergy_AnnCO2
Alternative_B_10_29_19_RCP85_output_D+sd_A-sd_S=mean_BC1_NR120,All_region,Coastal_marsh,All_own,MMT CO2-eq,2013,0,0,LCCTotEnergy_AnnCO2
Alternative_B_10_29_19_RCP85_output_D+sd_A-sd_S=mean_BC1_NR120,All_region,Coastal_marsh,All_own,MMT CO2-eq,2014,0,0,LCCTotEnergy_AnnCO2
Alternative_B_10_29_19_RCP85_output_D+sd_A-sd_S=mean_BC1_NR120,All_region,Coastal_marsh,All_own,MMT CO2-eq,2015,0,0,LCCTotEnergy_AnnCO2
Alternative_B_10_29_19_RCP85_output_D+sd_A-sd_S=mean_BC1_NR120,All_region,Coastal_marsh,All_own,MMT CO2-eq,2016,0,0,LCCTotEnergy_AnnCO2
Alternative_B_10_29_19_RCP85_output_D+sd_A-sd_S=mean_BC1_NR120,All_region,Coastal_marsh,All_own,MMT CO2-eq,2017,0,0,LCCTotEnergy_AnnCO2
Alternative_B_10_29_19_RCP85_output_D+sd_A-sd_S=mean_BC1_NR120,All_region,Coastal_marsh,All_own,MMT CO2-eq,2018,0,0,LCCTotEnergy_AnnCO2
Alternative_B_10_29_19_RCP85_output_D+sd_A-sd_S=mean_BC1_NR120,All_region,Coastal_marsh,All_own,MMT CO2-eq,2019,0,0,LCCTotEnergy_AnnCO2
Alternative_B_10_29_19_RCP85_output_D+sd_A-sd_S=mean_BC1_NR120,All_region,Coastal_marsh,All_own,MMT CO2-eq,2020,0,0,LCCTotEnergy_AnnCO2
Alternative_B_10_29_19_RCP85_output_D+sd_A-sd_S=mean_BC1_NR120,All_region,Coastal_marsh,All_own,MMT CO2-eq,2021,0,0,LCCTotEnergy_AnnCO2
Alternative_B_10_29_19_RCP85_output_D+sd_A-sd_S=mean_BC1_NR120,All_region,Coastal_marsh,All_own,MMT CO2-eq,2010,0,0,ManFire_AnnCH4eq
Alternative_B_10_29_19_RCP85_output_D+sd_A-sd_S=mean_BC1_NR120,All_region,Coastal_marsh,All_own,MMT CO2-eq,2011,0,0,ManFire_AnnCH4eq
Alternative_B_10_29_19_RCP85_output_D+sd_A-sd_S=mean_BC1_NR120,All_region,Coastal_marsh,All_own,MMT CO2-eq,2012,0,0,ManFire_AnnCH4eq
Alternative_B_10_29_19_RCP85_output_D+sd_A-sd_S=mean_BC1_NR120,All_region,Coastal_marsh,All_own,MMT CO2-eq,2013,0,0,ManFire_AnnCH4eq
Alternative_B_10_29_19_RCP85_output_D+sd_A-sd_S=mean_BC1_NR120,All_region,Coastal_marsh,All_own,MMT CO2-eq,2014,0,0,ManFire_AnnCH4eq
Alternative_B_10_29_19_RCP85_output_D+sd_A-sd_S=mean_BC1_NR120,All_region,Coastal_marsh,All_own,MMT CO2-eq,2015,0,0,ManFire_AnnCH4eq
Alternative_B_10_29_19_RCP85_output_D+sd_A-sd_S=mean_BC1_NR120,All_region,Coastal_marsh,All_own,MMT CO2-eq,2016,0,0,ManFire_AnnCH4eq
Alternative_B_10_29_19_RCP85_output_D+sd_A-sd_S=mean_BC1_NR120,All_region,Coastal_marsh,All_own,MMT CO2-eq,2017,0,0,ManFire_AnnCH4eq
Alternative_B_10_29_19_RCP85_output_D+sd_A-sd_S=mean_BC1_NR120,All_region,Coastal_marsh,All_own,MMT CO2-eq,2018,0,0,ManFire_AnnCH4eq
Alternative_B_10_29_19_RCP85_output_D+sd_A-sd_S=mean_BC1_NR120,All_region,Coastal_marsh,All_own,MMT CO2-eq,2019,0,0,ManFire_AnnCH4eq
Alternative_B_10_29_19_RCP85_output_D+sd_A-sd_S=mean_BC1_NR120,All_region,Coastal_marsh,All_own,MMT CO2-eq,2020,0,0,ManFire_AnnCH4eq
Alternative_B_10_29_19_RCP85_output_D+sd_A-sd_S=mean_BC1_NR120,All_region,Coastal_marsh,All_own,MMT CO2-eq,2021,0,0,ManFire_AnnCH4eq
Alternative_B_10_29_19_RCP85_output_D+sd_A-sd_S=mean_BC1_NR120,All_region,Coastal_marsh,All_own,MMT CO2-eq,2010,0,0,ManFire_AnnCO2
Alternative_B_10_29_19_RCP85_output_D+sd_A-sd_S=mean_BC1_NR120,All_region,Coastal_marsh,All_own,MMT CO2-eq,2011,0,0,ManFire_AnnCO2
Alternative_B_10_29_19_RCP85_output_D+sd_A-sd_S=mean_BC1_NR120,All_region,Coastal_marsh,All_own,MMT CO2-eq,2012,0,0,ManFire_AnnCO2
Alternative_B_10_29_19_RCP85_output_D+sd_A-sd_S=mean_BC1_NR120,All_region,Coastal_marsh,All_own,MMT CO2-eq,2013,0,0,ManFire_AnnCO2
Alternative_B_10_29_19_RCP85_output_D+sd_A-sd_S=mean_BC1_NR120,All_region,Coastal_marsh,All_own,MMT CO2-eq,2014,0,0,ManFire_AnnCO2
Alternative_B_10_29_19_RCP85_output_D+sd_A-sd_S=mean_BC1_NR120,All_region,Coastal_marsh,All_own,MMT CO2-eq,2015,0,0,ManFire_AnnCO2
Alternative_B_10_29_19_RCP85_output_D+sd_A-sd_S=mean_BC1_NR120,All_region,Coastal_marsh,All_own,MMT CO2-eq,2016,0,0,ManFire_AnnCO2
Alternative_B_10_29_19_RCP85_output_D+sd_A-sd_S=mean_BC1_NR120,All_region,Coastal_marsh,All_own,MMT CO2-eq,2017,0,0,ManFire_AnnCO2
Alternative_B_10_29_19_RCP85_output_D+sd_A-sd_S=mean_BC1_NR120,All_region,Coastal_marsh,All_own,MMT CO2-eq,2018,0,0,ManFire_AnnCO2
Alternative_B_10_29_19_RCP85_output_D+sd_A-sd_S=mean_BC1_NR120,All_region,Coastal_marsh,All_own,MMT CO2-eq,2019,0,0,ManFire_AnnCO2
Alternative_B_10_29_19_RCP85_output_D+sd_A-sd_S=mean_BC1_NR120,All_region,Coastal_marsh,All_own,MMT CO2-eq,2020,0,0,ManFire_AnnCO2
Alternative_B_10_29_19_RCP85_output_D+sd_A-sd_S=mean_BC1_NR120,All_region,Coastal_marsh,All_own,MMT CO2-eq,2021,0,0,ManFire_AnnCO2
Alternative_B_10_29_19_RCP85_output_D+sd_A-sd_S=mean_BC1_NR120,All_region,Coastal_marsh,All_own,MMT CO2-eq,2010,0,0,ManNonBurn_AnnCO2
Alternative_B_10_29_19_RCP85_output_D+sd_A-sd_S=mean_BC1_NR120,All_region,Coastal_marsh,All_own,MMT CO2-eq,2011,0,0,ManNonBurn_AnnCO2
Alternative_B_10_29_19_RCP85_output_D+sd_A-sd_S=mean_BC1_NR120,All_region,Coastal_marsh,All_own,MMT CO2-eq,2012,0,0,ManNonBurn_AnnCO2
Alternative_B_10_29_19_RCP85_output_D+sd_A-sd_S=mean_BC1_NR120,All_region,Coastal_marsh,All_own,MMT CO2-eq,2013,0,0,ManNonBurn_AnnCO2
Alternative_B_10_29_19_RCP85_output_D+sd_A-sd_S=mean_BC1_NR120,All_region,Coastal_marsh,All_own,MMT CO2-eq,2014,0,0,ManNonBurn_AnnCO2
Alternative_B_10_29_19_RCP85_output_D+sd_A-sd_S=mean_BC1_NR120,All_region,Coastal_marsh,All_own,MMT CO2-eq,2015,0,0,ManNonBurn_AnnCO2
Alternative_B_10_29_19_RCP85_output_D+sd_A-sd_S=mean_BC1_NR120,All_region,Coastal_marsh,All_own,MMT CO2-eq,2016,0,0,ManNonBurn_AnnCO2
Alternative_B_10_29_19_RCP85_output_D+sd_A-sd_S=mean_BC1_NR120,All_region,Coastal_marsh,All_own,MMT CO2-eq,2017,0,0,ManNonBurn_AnnCO2
Alternative_B_10_29_19_RCP85_output_D+sd_A-sd_S=mean_BC1_NR120,All_region,Coastal_marsh,All_own,MMT CO2-eq,2018,0,0,ManNonBurn_AnnCO2
Alternative_B_10_29_19_RCP85_output_D+sd_A-sd_S=mean_BC1_NR120,All_region,Coastal_marsh,All_own,MMT CO2-eq,2019,0,0,ManNonBurn_AnnCO2
Alternative_B_10_29_19_RCP85_output_D+sd_A-sd_S=mean_BC1_NR120,All_region,Coastal_marsh,All_own,MMT CO2-eq,2020,0,0,ManNonBurn_AnnCO2
Alternative_B_10_29_19_RCP85_output_D+sd_A-sd_S=mean_BC1_NR120,All_region,Coastal_marsh,All_own,MMT CO2-eq,2021,0,0,ManNonBurn_AnnCO2
Alternative_B_10_29_19_RCP85_output_D+sd_A-sd_S=mean_BC1_NR120,All_region,Coastal_marsh,All_own,MMT CO2-eq,2010,0,0,ManTotEnergy_AnnCH4eq
Alternative_B_10_29_19_RCP85_output_D+sd_A-sd_S=mean_BC1_NR120,All_region,Coastal_marsh,All_own,MMT CO2-eq,2011,0,0,ManTotEnergy_AnnCH4eq
Alternative_B_10_29_19_RCP85_output_D+sd_A-sd_S=mean_BC1_NR120,All_region,Coastal_marsh,All_own,MMT CO2-eq,2012,0,0,ManTotEnergy_AnnCH4eq
Alternative_B_10_29_19_RCP85_output_D+sd_A-sd_S=mean_BC1_NR120,All_region,Coastal_marsh,All_own,MMT CO2-eq,2013,0,0,ManTotEnergy_AnnCH4eq
Alternative_B_10_29_19_RCP85_output_D+sd_A-sd_S=mean_BC1_NR120,All_region,Coastal_marsh,All_own,MMT CO2-eq,2014,0,0,ManTotEnergy_AnnCH4eq
Alternative_B_10_29_19_RCP85_output_D+sd_A-sd_S=mean_BC1_NR120,All_region,Coastal_marsh,All_own,MMT CO2-eq,2015,0,0,ManTotEnergy_AnnCH4eq
Alternative_B_10_29_19_RCP85_output_D+sd_A-sd_S=mean_BC1_NR120,All_region,Coastal_marsh,All_own,MMT CO2-eq,2016,0,0,ManTotEnergy_AnnCH4eq
Alternative_B_10_29_19_RCP85_output_D+sd_A-sd_S=mean_BC1_NR120,All_region,Coastal_marsh,All_own,MMT CO2-eq,2017,0,0,ManTotEnergy_AnnCH4eq
Alternative_B_10_29_19_RCP85_output_D+sd_A-sd_S=mean_BC1_NR120,All_region,Coastal_marsh,All_own,MMT CO2-eq,2018,0,0,ManTotEnergy_AnnCH4eq
Alternative_B_10_29_19_RCP85_output_D+sd_A-sd_S=mean_BC1_NR120,All_region,Coastal_marsh,All_own,MMT CO2-eq,2019,0,0,ManTotEnergy_AnnCH4eq
Alternative_B_10_29_19_RCP85_output_D+sd_A-sd_S=mean_BC1_NR120,All_region,Coastal_marsh,All_own,MMT CO2-eq,2020,0,0,ManTotEnergy_AnnCH4eq
Alternative_B_10_29_19_RCP85_output_D+sd_A-sd_S=mean_BC1_NR120,All_region,Coastal_marsh,All_own,MMT CO2-eq,2021,0,0,ManTotEnergy_AnnCH4eq
Alternative_B_10_29_19_RCP85_output_D+sd_A-sd_S=mean_BC1_NR120,All_region,Coastal_marsh,All_own,MMT CO2-eq,2010,0,0,ManTotEnergy_AnnCO2
Alternative_B_10_29_19_RCP85_output_D+sd_A-sd_S=mean_BC1_NR120,All_region,Coastal_marsh,All_own,MMT CO2-eq,2011,0,0,ManTotEnergy_AnnCO2
Alternative_B_10_29_19_RCP85_output_D+sd_A-sd_S=mean_BC1_NR120,All_region,Coastal_marsh,All_own,MMT CO2-eq,2012,0,0,ManTotEnergy_AnnCO2
Alternative_B_10_29_19_RCP85_output_D+sd_A-sd_S=mean_BC1_NR120,All_region,Coastal_marsh,All_own,MMT CO2-eq,2013,0,0,ManTotEnergy_AnnCO2
Alternative_B_10_29_19_RCP85_output_D+sd_A-sd_S=mean_BC1_NR120,All_region,Coastal_marsh,All_own,MMT CO2-eq,2014,0,0,ManTotEnergy_AnnCO2
Alternative_B_10_29_19_RCP85_output_D+sd_A-sd_S=mean_BC1_NR120,All_region,Coastal_marsh,All_own,MMT CO2-eq,2015,0,0,ManTotEnergy_AnnCO2
Alternative_B_10_29_19_RCP85_output_D+sd_A-sd_S=mean_BC1_NR120,All_region,Coastal_marsh,All_own,MMT CO2-eq,2016,0,0,ManTotEnergy_AnnCO2
Alternative_B_10_29_19_RCP85_output_D+sd_A-sd_S=mean_BC1_NR120,All_region,Coastal_marsh,All_own,MMT CO2-eq,2017,0,0,ManTotEnergy_AnnCO2
Alternative_B_10_29_19_RCP85_output_D+sd_A-sd_S=mean_BC1_NR120,All_region,Coastal_marsh,All_own,MMT CO2-eq,2018,0,0,ManTotEnergy_AnnCO2
Alternative_B_10_29_19_RCP85_output_D+sd_A-sd_S=mean_BC1_NR120,All_region,Coastal_marsh,All_own,MMT CO2-eq,2019,0,0,ManTotEnergy_AnnCO2
Alternative_B_10_29_19_RCP85_output_D+sd_A-sd_S=mean_BC1_NR120,All_region,Coastal_marsh,All_own,MMT CO2-eq,2020,0,0,ManTotEnergy_AnnCO2
Alternative_B_10_29_19_RCP85_output_D+sd_A-sd_S=mean_BC1_NR120,All_region,Coastal_marsh,All_own,MMT CO2-eq,2021,0,0,ManTotEnergy_AnnCO2
Alternative_B_10_29_19_RCP85_output_D+sd_A-sd_S=mean_BC1_NR120,All_region,Coastal_marsh,All_own,MMT CO2-eq,2010,0,0,Wildfire_AnnCH4eq
Alternative_B_10_29_19_RCP85_output_D+sd_A-sd_S=mean_BC1_NR120,All_region,Coastal_marsh,All_own,MMT CO2-eq,2011,0,0,Wildfire_AnnCH4eq
Alternative_B_10_29_19_RCP85_output_D+sd_A-sd_S=mean_BC1_NR120,All_region,Coastal_marsh,All_own,MMT CO2-eq,2012,0,0,Wildfire_AnnCH4eq
Alternative_B_10_29_19_RCP85_output_D+sd_A-sd_S=mean_BC1_NR120,All_region,Coastal_marsh,All_own,MMT CO2-eq,2013,0,0,Wildfire_AnnCH4eq
Alternative_B_10_29_19_RCP85_output_D+sd_A-sd_S=mean_BC1_NR120,All_region,Coastal_marsh,All_own,MMT CO2-eq,2014,0,0,Wildfire_AnnCH4eq
Alternative_B_10_29_19_RCP85_output_D+sd_A-sd_S=mean_BC1_NR120,All_region,Coastal_marsh,All_own,MMT CO2-eq,2015,0,0,Wildfire_AnnCH4eq
Alternative_B_10_29_19_RCP85_output_D+sd_A-sd_S=mean_BC1_NR120,All_region,Coastal_marsh,All_own,MMT CO2-eq,2016,0,0,Wildfire_AnnCH4eq
Alternative_B_10_29_19_RCP85_output_D+sd_A-sd_S=mean_BC1_NR120,All_region,Coastal_marsh,All_own,MMT CO2-eq,2017,0,0,Wildfire_AnnCH4eq
Alternative_B_10_29_19_RCP85_output_D+sd_A-sd_S=mean_BC1_NR120,All_region,Coastal_marsh,All_own,MMT CO2-eq,2018,0,0,Wildfire_AnnCH4eq
Alternative_B_10_29_19_RCP85_output_D+sd_A-sd_S=mean_BC1_NR120,All_region,Coastal_marsh,All_own,MMT CO2-eq,2019,0,0,Wildfire_AnnCH4eq
Alternative_B_10_29_19_RCP85_output_D+sd_A-sd_S=mean_BC1_NR120,All_region,Coastal_marsh,All_own,MMT CO2-eq,2020,0,0,Wildfire_AnnCH4eq
Alternative_B_10_29_19_RCP85_output_D+sd_A-sd_S=mean_BC1_NR120,All_region,Coastal_marsh,All_own,MMT CO2-eq,2021,0,0,Wildfire_AnnCH4eq
Alternative_B_10_29_19_RCP85_output_D+sd_A-sd_S=mean_BC1_NR120,All_region,Coastal_marsh,All_own,MMT CO2-eq,2010,0,0,Wildfire_AnnCO2
Alternative_B_10_29_19_RCP85_output_D+sd_A-sd_S=mean_BC1_NR120,All_region,Coastal_marsh,All_own,MMT CO2-eq,2011,0,0,Wildfire_AnnCO2
Alternative_B_10_29_19_RCP85_output_D+sd_A-sd_S=mean_BC1_NR120,All_region,Coastal_marsh,All_own,MMT CO2-eq,2012,0,0,Wildfire_AnnCO2
Alternative_B_10_29_19_RCP85_output_D+sd_A-sd_S=mean_BC1_NR120,All_region,Coastal_marsh,All_own,MMT CO2-eq,2013,0,0,Wildfire_AnnCO2
Alternative_B_10_29_19_RCP85_output_D+sd_A-sd_S=mean_BC1_NR120,All_region,Coastal_marsh,All_own,MMT CO2-eq,2014,0,0,Wildfire_AnnCO2
Alternative_B_10_29_19_RCP85_output_D+sd_A-sd_S=mean_BC1_NR120,All_region,Coastal_marsh,All_own,MMT CO2-eq,2015,0,0,Wildfire_AnnCO2
Alternative_B_10_29_19_RCP85_output_D+sd_A-sd_S=mean_BC1_NR120,All_region,Coastal_marsh,All_own,MMT CO2-eq,2016,0,0,Wildfire_AnnCO2
Alternative_B_10_29_19_RCP85_output_D+sd_A-sd_S=mean_BC1_NR120,All_region,Coastal_marsh,All_own,MMT CO2-eq,2017,0,0,Wildfire_AnnCO2
Alternative_B_10_29_19_RCP85_output_D+sd_A-sd_S=mean_BC1_NR120,All_region,Coastal_marsh,All_own,MMT CO2-eq,2018,0,0,Wildfire_AnnCO2
Alternative_B_10_29_19_RCP85_output_D+sd_A-sd_S=mean_BC1_NR120,All_region,Coastal_marsh,All_own,MMT CO2-eq,2019,0,0,Wildfire_AnnCO2
Alternative_B_10_29_19_RCP85_output_D+sd_A-sd_S=mean_BC1_NR120,All_region,Coastal_marsh,All_own,MMT CO2-eq,2020,0,0,Wildfire_AnnCO2
Alternative_B_10_29_19_RCP85_output_D+sd_A-sd_S=mean_BC1_NR120,All_region,Coastal_marsh,All_own,MMT CO2-eq,2021,0,0,Wildfire_AnnCO2
Alternative_B_10_29_19_RCP85_output_D+sd_A-sd_S=mean_BC1_NR120,All_region,Coastal_marsh,All_own,MMT CO2-eq,2010,0,0,Wood_AnnCH4eq
Alternative_B_10_29_19_RCP85_output_D+sd_A-sd_S=mean_BC1_NR120,All_region,Coastal_marsh,All_own,MMT CO2-eq,2011,0,0,Wood_AnnCH4eq
Alternative_B_10_29_19_RCP85_output_D+sd_A-sd_S=mean_BC1_NR120,All_region,Coastal_marsh,All_own,MMT CO2-eq,2012,0,0,Wood_AnnCH4eq
Alternative_B_10_29_19_RCP85_output_D+sd_A-sd_S=mean_BC1_NR120,All_region,Coastal_marsh,All_own,MMT CO2-eq,2013,0,0,Wood_AnnCH4eq
Alternative_B_10_29_19_RCP85_output_D+sd_A-sd_S=mean_BC1_NR120,All_region,Coastal_marsh,All_own,MMT CO2-eq,2014,0,0,Wood_AnnCH4eq
Alternative_B_10_29_19_RCP85_output_D+sd_A-sd_S=mean_BC1_NR120,All_region,Coastal_marsh,All_own,MMT CO2-eq,2015,0,0,Wood_AnnCH4eq
Alternative_B_10_29_19_RCP85_output_D+sd_A-sd_S=mean_BC1_NR120,All_region,Coastal_marsh,All_own,MMT CO2-eq,2016,0,0,Wood_AnnCH4eq
Alternative_B_10_29_19_RCP85_output_D+sd_A-sd_S=mean_BC1_NR120,All_region,Coastal_marsh,All_own,MMT CO2-eq,2017,0,0,Wood_AnnCH4eq
Alternative_B_10_29_19_RCP85_output_D+sd_A-sd_S=mean_BC1_NR120,All_region,Coastal_marsh,All_own,MMT CO2-eq,2018,0,0,Wood_AnnCH4eq
Alternative_B_10_29_19_RCP85_output_D+sd_A-sd_S=mean_BC1_NR120,All_region,Coastal_marsh,All_own,MMT CO2-eq,2019,0,0,Wood_AnnCH4eq
Alternative_B_10_29_19_RCP85_output_D+sd_A-sd_S=mean_BC1_NR120,All_region,Coastal_marsh,All_own,MMT CO2-eq,2020,0,0,Wood_AnnCH4eq
Alternative_B_10_29_19_RCP85_output_D+sd_A-sd_S=mean_BC1_NR120,All_region,Coastal_marsh,All_own,MMT CO2-eq,2021,0,0,Wood_AnnCH4eq
Alternative_B_10_29_19_RCP85_output_D+sd_A-sd_S=mean_BC1_NR120,All_region,Coastal_marsh,All_own,MMT CO2-eq,2010,0,0,Wood_AnnCO2
Alternative_B_10_29_19_RCP85_output_D+sd_A-sd_S=mean_BC1_NR120,All_region,Coastal_marsh,All_own,MMT CO2-eq,2011,0,0,Wood_AnnCO2
Alternative_B_10_29_19_RCP85_output_D+sd_A-sd_S=mean_BC1_NR120,All_region,Coastal_marsh,All_own,MMT CO2-eq,2012,0,0,Wood_AnnCO2
Alternative_B_10_29_19_RCP85_output_D+sd_A-sd_S=mean_BC1_NR120,All_region,Coastal_marsh,All_own,MMT CO2-eq,2013,0,0,Wood_AnnCO2
Alternative_B_10_29_19_RCP85_output_D+sd_A-sd_S=mean_BC1_NR120,All_region,Coastal_marsh,All_own,MMT CO2-eq,2014,0,0,Wood_AnnCO2
Alternative_B_10_29_19_RCP85_output_D+sd_A-sd_S=mean_BC1_NR120,All_region,Coastal_marsh,All_own,MMT CO2-eq,2015,0,0,Wood_AnnCO2
Alternative_B_10_29_19_RCP85_output_D+sd_A-sd_S=mean_BC1_NR120,All_region,Coastal_marsh,All_own,MMT CO2-eq,2016,0,0,Wood_AnnCO2
Alternative_B_10_29_19_RCP85_output_D+sd_A-sd_S=mean_BC1_NR120,All_region,Coastal_marsh,All_own,MMT CO2-eq,2017,0,0,Wood_AnnCO2
Alternative_B_10_29_19_RCP85_output_D+sd_A-sd_S=mean_BC1_NR120,All_region,Coastal_marsh,All_own,MMT CO2-eq,2018,0,0,Wood_AnnCO2
Alternative_B_10_29_19_RCP85_output_D+sd_A-sd_S=mean_BC1_NR120,All_region,Coastal_marsh,All_own,MMT CO2-eq,2019,0,0,Wood_AnnCO2
Alternative_B_10_29_19_RCP85_output_D+sd_A-sd_S=mean_BC1_NR120,All_region,Coastal_marsh,All_own,MMT CO2-eq,2020,0,0,Wood_AnnCO2
Alternative_B_10_29_19_RCP85_output_D+sd_A-sd_S=mean_BC1_NR120,All_region,Coastal_marsh,All_own,MMT CO2-eq,2021,0,0,Wood_AnnCO2
