Scenario,Region,Land_Type,Ownership,Component,Units,Year,Value
Baseline,All_region,Coastal_marsh,All_own,Net_Wood_Gain,MMT C,2010,0
Baseline,All_region,Coastal_marsh,All_own,Net_Wood_Gain,MMT C,2011,0
Baseline,All_region,Coastal_marsh,All_own,Net_Wood_Gain,MMT C,2012,0
Baseline,All_region,Coastal_marsh,All_own,Net_Wood_Gain,MMT C,2013,0
Baseline,All_region,Coastal_marsh,All_own,Net_Wood_Gain,MMT C,2014,0
Baseline,All_region,Coastal_marsh,All_own,Net_Wood_Gain,MMT C,2015,0
Baseline,All_region,Coastal_marsh,All_own,Net_Wood_Gain,MMT C,2016,0
Baseline,All_region,Coastal_marsh,All_own,Net_Wood_Gain,MMT C,2017,0
Baseline,All_region,Coastal_marsh,All_own,Net_Wood_Gain,MMT C,2018,0
Baseline,All_region,Coastal_marsh,All_own,Net_Wood_Gain,MMT C,2019,0
Baseline,All_region,Coastal_marsh,All_own,Net_Wood_Gain,MMT C,2020,0
Baseline,All_region,Coastal_marsh,All_own,Net_Wood_Gain,MMT C,2021,0
Baseline,All_region,Coastal_marsh,All_own,Net_Wood_Gain,MMT C,2022,0
Baseline,All_region,Coastal_marsh,All_own,Ecosystem_Gain_from_Atmos,MMT C,2010,0
Baseline,All_region,Coastal_marsh,All_own,Ecosystem_Gain_from_Atmos,MMT C,2011,0.00657448
Baseline,All_region,Coastal_marsh,All_own,Ecosystem_Gain_from_Atmos,MMT C,2012,0.01317997
Baseline,All_region,Coastal_marsh,All_own,Ecosystem_Gain_from_Atmos,MMT C,2013,0.01976387
Baseline,All_region,Coastal_marsh,All_own,Ecosystem_Gain_from_Atmos,MMT C,2014,0.02440358
Baseline,All_region,Coastal_marsh,All_own,Ecosystem_Gain_from_Atmos,MMT C,2015,0.02926053
Baseline,All_region,Coastal_marsh,All_own,Ecosystem_Gain_from_Atmos,MMT C,2016,0.03445254
Baseline,All_region,Coastal_marsh,All_own,Ecosystem_Gain_from_Atmos,MMT C,2017,0.03972448
Baseline,All_region,Coastal_marsh,All_own,Ecosystem_Gain_from_Atmos,MMT C,2018,0.04325959
Baseline,All_region,Coastal_marsh,All_own,Ecosystem_Gain_from_Atmos,MMT C,2019,0.04954338
Baseline,All_region,Coastal_marsh,All_own,Ecosystem_Gain_from_Atmos,MMT C,2020,0.05256829
Baseline,All_region,Coastal_marsh,All_own,Ecosystem_Gain_from_Atmos,MMT C,2021,0.05746769
Baseline,All_region,Coastal_marsh,All_own,Ecosystem_Gain_from_Atmos,MMT C,2022,0.06397267
Baseline,All_region,Coastal_marsh,All_own,Loss_to_Atmos_from_Manage,MMT C,2010,0
Baseline,All_region,Coastal_marsh,All_own,Loss_to_Atmos_from_Manage,MMT C,2011,0
Baseline,All_region,Coastal_marsh,All_own,Loss_to_Atmos_from_Manage,MMT C,2012,0
Baseline,All_region,Coastal_marsh,All_own,Loss_to_Atmos_from_Manage,MMT C,2013,0
Baseline,All_region,Coastal_marsh,All_own,Loss_to_Atmos_from_Manage,MMT C,2014,0
Baseline,All_region,Coastal_marsh,All_own,Loss_to_Atmos_from_Manage,MMT C,2015,0
Baseline,All_region,Coastal_marsh,All_own,Loss_to_Atmos_from_Manage,MMT C,2016,0
Baseline,All_region,Coastal_marsh,All_own,Loss_to_Atmos_from_Manage,MMT C,2017,0
Baseline,All_region,Coastal_marsh,All_own,Loss_to_Atmos_from_Manage,MMT C,2018,0
Baseline,All_region,Coastal_marsh,All_own,Loss_to_Atmos_from_Manage,MMT C,2019,0
Baseline,All_region,Coastal_marsh,All_own,Loss_to_Atmos_from_Manage,MMT C,2020,0
Baseline,All_region,Coastal_marsh,All_own,Loss_to_Atmos_from_Manage,MMT C,2021,0
Baseline,All_region,Coastal_marsh,All_own,Loss_to_Atmos_from_Manage,MMT C,2022,0
Baseline,All_region,Coastal_marsh,All_own,Loss_to_Atmos_from_Fire,MMT C,2010,0
Baseline,All_region,Coastal_marsh,All_own,Loss_to_Atmos_from_Fire,MMT C,2011,0
Baseline,All_region,Coastal_marsh,All_own,Loss_to_Atmos_from_Fire,MMT C,2012,0
Baseline,All_region,Coastal_marsh,All_own,Loss_to_Atmos_from_Fire,MMT C,2013,0
Baseline,All_region,Coastal_marsh,All_own,Loss_to_Atmos_from_Fire,MMT C,2014,0
Baseline,All_region,Coastal_marsh,All_own,Loss_to_Atmos_from_Fire,MMT C,2015,0
Baseline,All_region,Coastal_marsh,All_own,Loss_to_Atmos_from_Fire,MMT C,2016,0
Baseline,All_region,Coastal_marsh,All_own,Loss_to_Atmos_from_Fire,MMT C,2017,0
Baseline,All_region,Coastal_marsh,All_own,Loss_to_Atmos_from_Fire,MMT C,2018,0
Baseline,All_region,Coastal_marsh,All_own,Loss_to_Atmos_from_Fire,MMT C,2019,0
Baseline,All_region,Coastal_marsh,All_own,Loss_to_Atmos_from_Fire,MMT C,2020,0
Baseline,All_region,Coastal_marsh,All_own,Loss_to_Atmos_from_Fire,MMT C,2021,0
Baseline,All_region,Coastal_marsh,All_own,Loss_to_Atmos_from_Fire,MMT C,2022,0
Baseline,All_region,Coastal_marsh,All_own,Loss_to_Atmos_from_LCC,MMT C,2010,0
Baseline,All_region,Coastal_marsh,All_own,Loss_to_Atmos_from_LCC,MMT C,2011,-0.00124182
Baseline,All_region,Coastal_marsh,All_own,Loss_to_Atmos_from_LCC,MMT C,2012,-0.00248435
Baseline,All_region,Coastal_marsh,All_own,Loss_to_Atmos_from_LCC,MMT C,2013,-0.0037276
Baseline,All_region,Coastal_marsh,All_own,Loss_to_Atmos_from_LCC,MMT C,2014,-0.00497143
Baseline,All_region,Coastal_marsh,All_own,Loss_to_Atmos_from_LCC,MMT C,2015,-0.00621587
Baseline,All_region,Coastal_marsh,All_own,Loss_to_Atmos_from_LCC,MMT C,2016,-0.00746081
Baseline,All_region,Coastal_marsh,All_own,Loss_to_Atmos_from_LCC,MMT C,2017,-0.00870624
Baseline,All_region,Coastal_marsh,All_own,Loss_to_Atmos_from_LCC,MMT C,2018,-0.00995219
Baseline,All_region,Coastal_marsh,All_own,Loss_to_Atmos_from_LCC,MMT C,2019,-0.01119879
Baseline,All_region,Coastal_marsh,All_own,Loss_to_Atmos_from_LCC,MMT C,2020,-0.01244577
Baseline,All_region,Coastal_marsh,All_own,Loss_to_Atmos_from_LCC,MMT C,2021,-0.01369317
Baseline,All_region,Coastal_marsh,All_own,Loss_to_Atmos_from_LCC,MMT C,2022,-0.01494136
Baseline,All_region,Coastal_marsh,All_own,Loss_to_Atmos_from_Wood,MMT C,2010,0
Baseline,All_region,Coastal_marsh,All_own,Loss_to_Atmos_from_Wood,MMT C,2011,0
Baseline,All_region,Coastal_marsh,All_own,Loss_to_Atmos_from_Wood,MMT C,2012,0
Baseline,All_region,Coastal_marsh,All_own,Loss_to_Atmos_from_Wood,MMT C,2013,0
Baseline,All_region,Coastal_marsh,All_own,Loss_to_Atmos_from_Wood,MMT C,2014,0
Baseline,All_region,Coastal_marsh,All_own,Loss_to_Atmos_from_Wood,MMT C,2015,0
Baseline,All_region,Coastal_marsh,All_own,Loss_to_Atmos_from_Wood,MMT C,2016,0
Baseline,All_region,Coastal_marsh,All_own,Loss_to_Atmos_from_Wood,MMT C,2017,0
Baseline,All_region,Coastal_marsh,All_own,Loss_to_Atmos_from_Wood,MMT C,2018,0
Baseline,All_region,Coastal_marsh,All_own,Loss_to_Atmos_from_Wood,MMT C,2019,0
Baseline,All_region,Coastal_marsh,All_own,Loss_to_Atmos_from_Wood,MMT C,2020,0
Baseline,All_region,Coastal_marsh,All_own,Loss_to_Atmos_from_Wood,MMT C,2021,0
Baseline,All_region,Coastal_marsh,All_own,Loss_to_Atmos_from_Wood,MMT C,2022,0
Alternative,All_region,Coastal_marsh,All_own,Net_Wood_Gain,MMT C,2010,0
Alternative,All_region,Coastal_marsh,All_own,Net_Wood_Gain,MMT C,2011,0
Alternative,All_region,Coastal_marsh,All_own,Net_Wood_Gain,MMT C,2012,0
Alternative,All_region,Coastal_marsh,All_own,Net_Wood_Gain,MMT C,2013,0
Alternative,All_region,Coastal_marsh,All_own,Net_Wood_Gain,MMT C,2014,0
Alternative,All_region,Coastal_marsh,All_own,Net_Wood_Gain,MMT C,2015,0
Alternative,All_region,Coastal_marsh,All_own,Net_Wood_Gain,MMT C,2016,0
Alternative,All_region,Coastal_marsh,All_own,Net_Wood_Gain,MMT C,2017,0
Alternative,All_region,Coastal_marsh,All_own,Net_Wood_Gain,MMT C,2018,0
Alternative,All_region,Coastal_marsh,All_own,Net_Wood_Gain,MMT C,2019,0
Alternative,All_region,Coastal_marsh,All_own,Net_Wood_Gain,MMT C,2020,0
Alternative,All_region,Coastal_marsh,All_own,Net_Wood_Gain,MMT C,2021,0
Alternative,All_region,Coastal_marsh,All_own,Net_Wood_Gain,MMT C,2022,0
Alternative,All_region,Coastal_marsh,All_own,Ecosystem_Gain_from_Atmos,MMT C,2010,0
Alternative,All_region,Coastal_marsh,All_own,Ecosystem_Gain_from_Atmos,MMT C,2011,0.00657448
Alternative,All_region,Coastal_marsh,All_own,Ecosystem_Gain_from_Atmos,MMT C,2012,0.01365399
Alternative,All_region,Coastal_marsh,All_own,Ecosystem_Gain_from_Atmos,MMT C,2013,0.02117666
Alternative,All_region,Coastal_marsh,All_own,Ecosystem_Gain_from_Atmos,MMT C,2014,0.02691073
Alternative,All_region,Coastal_marsh,All_own,Ecosystem_Gain_from_Atmos,MMT C,2015,0.03330244
Alternative,All_region,Coastal_marsh,All_own,Ecosystem_Gain_from_Atmos,MMT C,2016,0.04026716
Alternative,All_region,Coastal_marsh,All_own,Ecosystem_Gain_from_Atmos,MMT C,2017,0.04768932
Alternative,All_region,Coastal_marsh,All_own,Ecosystem_Gain_from_Atmos,MMT C,2018,0.05346648
Alternative,All_region,Coastal_marsh,All_own,Ecosystem_Gain_from_Atmos,MMT C,2019,0.06323324
Alternative,All_region,Coastal_marsh,All_own,Ecosystem_Gain_from_Atmos,MMT C,2020,0.06842471
Alternative,All_region,Coastal_marsh,All_own,Ecosystem_Gain_from_Atmos,MMT C,2021,0.07637928
Alternative,All_region,Coastal_marsh,All_own,Ecosystem_Gain_from_Atmos,MMT C,2022,0.08861054
Alternative,All_region,Coastal_marsh,All_own,Loss_to_Atmos_from_Manage,MMT C,2010,0
Alternative,All_region,Coastal_marsh,All_own,Loss_to_Atmos_from_Manage,MMT C,2011,0
Alternative,All_region,Coastal_marsh,All_own,Loss_to_Atmos_from_Manage,MMT C,2012,0
Alternative,All_region,Coastal_marsh,All_own,Loss_to_Atmos_from_Manage,MMT C,2013,0
Alternative,All_region,Coastal_marsh,All_own,Loss_to_Atmos_from_Manage,MMT C,2014,0
Alternative,All_region,Coastal_marsh,All_own,Loss_to_Atmos_from_Manage,MMT C,2015,0
Alternative,All_region,Coastal_marsh,All_own,Loss_to_Atmos_from_Manage,MMT C,2016,0
Alternative,All_region,Coastal_marsh,All_own,Loss_to_Atmos_from_Manage,MMT C,2017,0
Alternative,All_region,Coastal_marsh,All_own,Loss_to_Atmos_from_Manage,MMT C,2018,0
Alternative,All_region,Coastal_marsh,All_own,Loss_to_Atmos_from_Manage,MMT C,2019,0
Alternative,All_region,Coastal_marsh,All_own,Loss_to_Atmos_from_Manage,MMT C,2020,0
Alternative,All_region,Coastal_marsh,All_own,Loss_to_Atmos_from_Manage,MMT C,2021,0
Alternative,All_region,Coastal_marsh,All_own,Loss_to_Atmos_from_Manage,MMT C,2022,0
Alternative,All_region,Coastal_marsh,All_own,Loss_to_Atmos_from_Fire,MMT C,2010,0
Alternative,All_region,Coastal_marsh,All_own,Loss_to_Atmos_from_Fire,MMT C,2011,0
Alternative,All_region,Coastal_marsh,All_own,Loss_to_Atmos_from_Fire,MMT C,2012,0
Alternative,All_region,Coastal_marsh,All_own,Loss_to_Atmos_from_Fire,MMT C,2013,0
Alternative,All_region,Coastal_marsh,All_own,Loss_to_Atmos_from_Fire,MMT C,2014,0
Alternative,All_region,Coastal_marsh,All_own,Loss_to_Atmos_from_Fire,MMT C,2015,0
Alternative,All_region,Coastal_marsh,All_own,Loss_to_Atmos_from_Fire,MMT C,2016,0
Alternative,All_region,Coastal_marsh,All_own,Loss_to_Atmos_from_Fire,MMT C,2017,0
Alternative,All_region,Coastal_marsh,All_own,Loss_to_Atmos_from_Fire,MMT C,2018,0
Alternative,All_region,Coastal_marsh,All_own,Loss_to_Atmos_from_Fire,MMT C,2019,0
Alternative,All_region,Coastal_marsh,All_own,Loss_to_Atmos_from_Fire,MMT C,2020,0
Alternative,All_region,Coastal_marsh,All_own,Loss_to_Atmos_from_Fire,MMT C,2021,0
Alternative,All_region,Coastal_marsh,All_own,Loss_to_Atmos_from_Fire,MMT C,2022,0
Alternative,All_region,Coastal_marsh,All_own,Loss_to_Atmos_from_LCC,MMT C,2010,0
Alternative,All_region,Coastal_marsh,All_own,Loss_to_Atmos_from_LCC,MMT C,2011,-0.00111528
Alternative,All_region,Coastal_marsh,All_own,Loss_to_Atmos_from_LCC,MMT C,2012,-0.00203004
Alternative,All_region,Coastal_marsh,All_own,Loss_to_Atmos_from_LCC,MMT C,2013,-0.00284384
Alternative,All_region,Coastal_marsh,All_own,Loss_to_Atmos_from_LCC,MMT C,2014,-0.00355836
Alternative,All_region,Coastal_marsh,All_own,Loss_to_Atmos_from_LCC,MMT C,2015,-0.00418855
Alternative,All_region,Coastal_marsh,All_own,Loss_to_Atmos_from_LCC,MMT C,2016,-0.00473126
Alternative,All_region,Coastal_marsh,All_own,Loss_to_Atmos_from_LCC,MMT C,2017,-0.00518829
Alternative,All_region,Coastal_marsh,All_own,Loss_to_Atmos_from_LCC,MMT C,2018,-0.00559601
Alternative,All_region,Coastal_marsh,All_own,Loss_to_Atmos_from_LCC,MMT C,2019,-0.00595548
Alternative,All_region,Coastal_marsh,All_own,Loss_to_Atmos_from_LCC,MMT C,2020,-0.00626863
Alternative,All_region,Coastal_marsh,All_own,Loss_to_Atmos_from_LCC,MMT C,2021,-0.00655454
Alternative,All_region,Coastal_marsh,All_own,Loss_to_Atmos_from_LCC,MMT C,2022,-0.00682211
Alternative,All_region,Coastal_marsh,All_own,Loss_to_Atmos_from_Wood,MMT C,2010,0
Alternative,All_region,Coastal_marsh,All_own,Loss_to_Atmos_from_Wood,MMT C,2011,0
Alternative,All_region,Coastal_marsh,All_own,Loss_to_Atmos_from_Wood,MMT C,2012,0
Alternative,All_region,Coastal_marsh,All_own,Loss_to_Atmos_from_Wood,MMT C,2013,0
Alternative,All_region,Coastal_marsh,All_own,Loss_to_Atmos_from_Wood,MMT C,2014,0
Alternative,All_region,Coastal_marsh,All_own,Loss_to_Atmos_from_Wood,MMT C,2015,0
Alternative,All_region,Coastal_marsh,All_own,Loss_to_Atmos_from_Wood,MMT C,2016,0
Alternative,All_region,Coastal_marsh,All_own,Loss_to_Atmos_from_Wood,MMT C,2017,0
Alternative,All_region,Coastal_marsh,All_own,Loss_to_Atmos_from_Wood,MMT C,2018,0
Alternative,All_region,Coastal_marsh,All_own,Loss_to_Atmos_from_Wood,MMT C,2019,0
Alternative,All_region,Coastal_marsh,All_own,Loss_to_Atmos_from_Wood,MMT C,2020,0
Alternative,All_region,Coastal_marsh,All_own,Loss_to_Atmos_from_Wood,MMT C,2021,0
Alternative,All_region,Coastal_marsh,All_own,Loss_to_Atmos_from_Wood,MMT C,2022,0
