Scenario,Region,Land_Type,Ownership,Units,Year,Value
Alternative_B_10_29_19_RCP85_output_D+sd_A-sd_S=mean_BC1_NR120,All_region,Coastal_marsh,All_own,MMT C,2010,0
Alternative_B_10_29_19_RCP85_output_D+sd_A-sd_S=mean_BC1_NR120,All_region,Coastal_marsh,All_own,MMT C,2011,7.41999999998022e-06
Alternative_B_10_29_19_RCP85_output_D+sd_A-sd_S=mean_BC1_NR120,All_region,Coastal_marsh,All_own,MMT C,2012,2.72500000000064e-05
Alternative_B_10_29_19_RCP85_output_D+sd_A-sd_S=mean_BC1_NR120,All_region,Coastal_marsh,All_own,MMT C,2013,5.46000000000157e-05
Alternative_B_10_29_19_RCP85_output_D+sd_A-sd_S=mean_BC1_NR120,All_region,Coastal_marsh,All_own,MMT C,2014,8.95099999999871e-05
Alternative_B_10_29_19_RCP85_output_D+sd_A-sd_S=mean_BC1_NR120,All_region,Coastal_marsh,All_own,MMT C,2015,0.000139059999999996
Alternative_B_10_29_19_RCP85_output_D+sd_A-sd_S=mean_BC1_NR120,All_region,Coastal_marsh,All_own,MMT C,2016,0.000205730000000015
Alternative_B_10_29_19_RCP85_output_D+sd_A-sd_S=mean_BC1_NR120,All_region,Coastal_marsh,All_own,MMT C,2017,0.000293230000000005
Alternative_B_10_29_19_RCP85_output_D+sd_A-sd_S=mean_BC1_NR120,All_region,Coastal_marsh,All_own,MMT C,2018,0.000414289999999984
Alternative_B_10_29_19_RCP85_output_D+sd_A-sd_S=mean_BC1_NR120,All_region,Coastal_marsh,All_own,MMT C,2019,0.000573989999999996
Alternative_B_10_29_19_RCP85_output_D+sd_A-sd_S=mean_BC1_NR120,All_region,Coastal_marsh,All_own,MMT C,2020,0.000777279999999991
Alternative_B_10_29_19_RCP85_output_D+sd_A-sd_S=mean_BC1_NR120,All_region,Coastal_marsh,All_own,MMT C,2021,0.00104391000000001
Alternative_B_10_29_19_RCP85_output_D+sd_A-sd_S=mean_BC1_NR120,All_region,Coastal_marsh,All_own,MMT C,2022,0.00138839000000002
