Scenario,Region,Land_Type,Ownership,Units,Year,Value
Baseline_10_29_19_RCP85_output_D+sd_A-sd_S=mean_BC1_NR120,All_region,Coastal_marsh,All_own,MMT CO2-eq,2010,-0.01954012
Baseline_10_29_19_RCP85_output_D+sd_A-sd_S=mean_BC1_NR120,All_region,Coastal_marsh,All_own,MMT CO2-eq,2011,-0.01965111
Baseline_10_29_19_RCP85_output_D+sd_A-sd_S=mean_BC1_NR120,All_region,Coastal_marsh,All_own,MMT CO2-eq,2012,-0.01956941
Baseline_10_29_19_RCP85_output_D+sd_A-sd_S=mean_BC1_NR120,All_region,Coastal_marsh,All_own,MMT CO2-eq,2013,-0.01244328
Baseline_10_29_19_RCP85_output_D+sd_A-sd_S=mean_BC1_NR120,All_region,Coastal_marsh,All_own,MMT CO2-eq,2014,-0.0132371
Baseline_10_29_19_RCP85_output_D+sd_A-sd_S=mean_BC1_NR120,All_region,Coastal_marsh,All_own,MMT CO2-eq,2015,-0.01446298
Baseline_10_29_19_RCP85_output_D+sd_A-sd_S=mean_BC1_NR120,All_region,Coastal_marsh,All_own,MMT CO2-eq,2016,-0.01475406
Baseline_10_29_19_RCP85_output_D+sd_A-sd_S=mean_BC1_NR120,All_region,Coastal_marsh,All_own,MMT CO2-eq,2017,-0.008388
Baseline_10_29_19_RCP85_output_D+sd_A-sd_S=mean_BC1_NR120,All_region,Coastal_marsh,All_own,MMT CO2-eq,2018,-0.01845745
Baseline_10_29_19_RCP85_output_D+sd_A-sd_S=mean_BC1_NR120,All_region,Coastal_marsh,All_own,MMT CO2-eq,2019,-0.00651475
Baseline_10_29_19_RCP85_output_D+sd_A-sd_S=mean_BC1_NR120,All_region,Coastal_marsh,All_own,MMT CO2-eq,2020,-0.01338182
Baseline_10_29_19_RCP85_output_D+sd_A-sd_S=mean_BC1_NR120,All_region,Coastal_marsh,All_own,MMT CO2-eq,2021,-0.01926208
Alternative_B_10_29_19_RCP85_output_D+sd_A-sd_S=mean_BC1_NR120,All_region,Coastal_marsh,All_own,MMT CO2-eq,2010,-0.02000378
Alternative_B_10_29_19_RCP85_output_D+sd_A-sd_S=mean_BC1_NR120,All_region,Coastal_marsh,All_own,MMT CO2-eq,2011,-0.02258907
Alternative_B_10_29_19_RCP85_output_D+sd_A-sd_S=mean_BC1_NR120,All_region,Coastal_marsh,All_own,MMT CO2-eq,2012,-0.02458288
Alternative_B_10_29_19_RCP85_output_D+sd_A-sd_S=mean_BC1_NR120,All_region,Coastal_marsh,All_own,MMT CO2-eq,2013,-0.0183928
Alternative_B_10_29_19_RCP85_output_D+sd_A-sd_S=mean_BC1_NR120,All_region,Coastal_marsh,All_own,MMT CO2-eq,2014,-0.02111154
Alternative_B_10_29_19_RCP85_output_D+sd_A-sd_S=mean_BC1_NR120,All_region,Coastal_marsh,All_own,MMT CO2-eq,2015,-0.02353172
Alternative_B_10_29_19_RCP85_output_D+sd_A-sd_S=mean_BC1_NR120,All_region,Coastal_marsh,All_own,MMT CO2-eq,2016,-0.02552186
Alternative_B_10_29_19_RCP85_output_D+sd_A-sd_S=mean_BC1_NR120,All_region,Coastal_marsh,All_own,MMT CO2-eq,2017,-0.01967492
Alternative_B_10_29_19_RCP85_output_D+sd_A-sd_S=mean_BC1_NR120,All_region,Coastal_marsh,All_own,MMT CO2-eq,2018,-0.03447051
Alternative_B_10_29_19_RCP85_output_D+sd_A-sd_S=mean_BC1_NR120,All_region,Coastal_marsh,All_own,MMT CO2-eq,2019,-0.01787529
Alternative_B_10_29_19_RCP85_output_D+sd_A-sd_S=mean_BC1_NR120,All_region,Coastal_marsh,All_own,MMT CO2-eq,2020,-0.02809977
Alternative_B_10_29_19_RCP85_output_D+sd_A-sd_S=mean_BC1_NR120,All_region,Coastal_marsh,All_own,MMT CO2-eq,2021,-0.04383772
