Scenario,Land_Type,Units,Year,Value
Alternative,Coastal_marsh,MMT C,2010,0
Alternative,Coastal_marsh,MMT C,2011,0.00012654
Alternative,Coastal_marsh,MMT C,2012,0.00092833
Alternative,Coastal_marsh,MMT C,2013,0.00229655
Alternative,Coastal_marsh,MMT C,2014,0.00392022
Alternative,Coastal_marsh,MMT C,2015,0.00606923000000001
Alternative,Coastal_marsh,MMT C,2016,0.00854417
Alternative,Coastal_marsh,MMT C,2017,0.01148279
Alternative,Coastal_marsh,MMT C,2018,0.01456307
Alternative,Coastal_marsh,MMT C,2019,0.01893317
Alternative,Coastal_marsh,MMT C,2020,0.02203356
Alternative,Coastal_marsh,MMT C,2021,0.02605022
Alternative,Coastal_marsh,MMT C,2022,0.03275712
