Scenario,Region,Land_Type,Ownership,Units,Year,Value
Baseline_10_29_19_RCP85_output_D+sd_A-sd_S=mean_BC1_NR120,All_region,Coastal_marsh,All_own,MMT C,2010,0.00124182
Baseline_10_29_19_RCP85_output_D+sd_A-sd_S=mean_BC1_NR120,All_region,Coastal_marsh,All_own,MMT C,2011,0.00124254
Baseline_10_29_19_RCP85_output_D+sd_A-sd_S=mean_BC1_NR120,All_region,Coastal_marsh,All_own,MMT C,2012,0.00124325
Baseline_10_29_19_RCP85_output_D+sd_A-sd_S=mean_BC1_NR120,All_region,Coastal_marsh,All_own,MMT C,2013,0.00124383
Baseline_10_29_19_RCP85_output_D+sd_A-sd_S=mean_BC1_NR120,All_region,Coastal_marsh,All_own,MMT C,2014,0.00124444
Baseline_10_29_19_RCP85_output_D+sd_A-sd_S=mean_BC1_NR120,All_region,Coastal_marsh,All_own,MMT C,2015,0.00124494
Baseline_10_29_19_RCP85_output_D+sd_A-sd_S=mean_BC1_NR120,All_region,Coastal_marsh,All_own,MMT C,2016,0.00124543
Baseline_10_29_19_RCP85_output_D+sd_A-sd_S=mean_BC1_NR120,All_region,Coastal_marsh,All_own,MMT C,2017,0.00124596
Baseline_10_29_19_RCP85_output_D+sd_A-sd_S=mean_BC1_NR120,All_region,Coastal_marsh,All_own,MMT C,2018,0.0012466
Baseline_10_29_19_RCP85_output_D+sd_A-sd_S=mean_BC1_NR120,All_region,Coastal_marsh,All_own,MMT C,2019,0.00124698
Baseline_10_29_19_RCP85_output_D+sd_A-sd_S=mean_BC1_NR120,All_region,Coastal_marsh,All_own,MMT C,2020,0.0012474
Baseline_10_29_19_RCP85_output_D+sd_A-sd_S=mean_BC1_NR120,All_region,Coastal_marsh,All_own,MMT C,2021,0.00124819
Alternative_B_10_29_19_RCP85_output_D+sd_A-sd_S=mean_BC1_NR120,All_region,Coastal_marsh,All_own,MMT C,2010,0.00111528
Alternative_B_10_29_19_RCP85_output_D+sd_A-sd_S=mean_BC1_NR120,All_region,Coastal_marsh,All_own,MMT C,2011,0.00091476
Alternative_B_10_29_19_RCP85_output_D+sd_A-sd_S=mean_BC1_NR120,All_region,Coastal_marsh,All_own,MMT C,2012,0.0008138
Alternative_B_10_29_19_RCP85_output_D+sd_A-sd_S=mean_BC1_NR120,All_region,Coastal_marsh,All_own,MMT C,2013,0.00071452
Alternative_B_10_29_19_RCP85_output_D+sd_A-sd_S=mean_BC1_NR120,All_region,Coastal_marsh,All_own,MMT C,2014,0.00063019
Alternative_B_10_29_19_RCP85_output_D+sd_A-sd_S=mean_BC1_NR120,All_region,Coastal_marsh,All_own,MMT C,2015,0.00054272
Alternative_B_10_29_19_RCP85_output_D+sd_A-sd_S=mean_BC1_NR120,All_region,Coastal_marsh,All_own,MMT C,2016,0.00045703
Alternative_B_10_29_19_RCP85_output_D+sd_A-sd_S=mean_BC1_NR120,All_region,Coastal_marsh,All_own,MMT C,2017,0.00040771
Alternative_B_10_29_19_RCP85_output_D+sd_A-sd_S=mean_BC1_NR120,All_region,Coastal_marsh,All_own,MMT C,2018,0.00035947
Alternative_B_10_29_19_RCP85_output_D+sd_A-sd_S=mean_BC1_NR120,All_region,Coastal_marsh,All_own,MMT C,2019,0.00031315
Alternative_B_10_29_19_RCP85_output_D+sd_A-sd_S=mean_BC1_NR120,All_region,Coastal_marsh,All_own,MMT C,2020,0.00028591
Alternative_B_10_29_19_RCP85_output_D+sd_A-sd_S=mean_BC1_NR120,All_region,Coastal_marsh,All_own,MMT C,2021,0.00026757
