Scenario,Region,Land_Type,Ownership,Units,Year,Value
Alternative_B_10_29_19_RCP85_output_D+sd_A-sd_S=mean_BC1_NR120,All_region,Coastal_marsh,All_own,MgC/ac,2010,0
Alternative_B_10_29_19_RCP85_output_D+sd_A-sd_S=mean_BC1_NR120,All_region,Coastal_marsh,All_own,MgC/ac,2011,-29.977707842319
Alternative_B_10_29_19_RCP85_output_D+sd_A-sd_S=mean_BC1_NR120,All_region,Coastal_marsh,All_own,MgC/ac,2012,-56.1592386044803
Alternative_B_10_29_19_RCP85_output_D+sd_A-sd_S=mean_BC1_NR120,All_region,Coastal_marsh,All_own,MgC/ac,2013,-79.2286695139364
Alternative_B_10_29_19_RCP85_output_D+sd_A-sd_S=mean_BC1_NR120,All_region,Coastal_marsh,All_own,MgC/ac,2014,-99.6987919935465
Alternative_B_10_29_19_RCP85_output_D+sd_A-sd_S=mean_BC1_NR120,All_region,Coastal_marsh,All_own,MgC/ac,2015,-117.988323143885
Alternative_B_10_29_19_RCP85_output_D+sd_A-sd_S=mean_BC1_NR120,All_region,Coastal_marsh,All_own,MgC/ac,2016,-134.428932395366
Alternative_B_10_29_19_RCP85_output_D+sd_A-sd_S=mean_BC1_NR120,All_region,Coastal_marsh,All_own,MgC/ac,2017,-149.289980529669
Alternative_B_10_29_19_RCP85_output_D+sd_A-sd_S=mean_BC1_NR120,All_region,Coastal_marsh,All_own,MgC/ac,2018,-162.775651070428
Alternative_B_10_29_19_RCP85_output_D+sd_A-sd_S=mean_BC1_NR120,All_region,Coastal_marsh,All_own,MgC/ac,2019,-175.084984171994
Alternative_B_10_29_19_RCP85_output_D+sd_A-sd_S=mean_BC1_NR120,All_region,Coastal_marsh,All_own,MgC/ac,2020,-186.352178986479
Alternative_B_10_29_19_RCP85_output_D+sd_A-sd_S=mean_BC1_NR120,All_region,Coastal_marsh,All_own,MgC/ac,2021,-196.71963762645
Alternative_B_10_29_19_RCP85_output_D+sd_A-sd_S=mean_BC1_NR120,All_region,Coastal_marsh,All_own,MgC/ac,2022,-206.279471607782
