Scenario,Region,Land_Type,Ownership,Component,Units,Year,Value
Baseline,All_region,Coastal_marsh,All_own,Net_Wood_Gain,MMT C,2010,0
Baseline,All_region,Coastal_marsh,All_own,Net_Wood_Gain,MMT C,2011,0
Baseline,All_region,Coastal_marsh,All_own,Net_Wood_Gain,MMT C,2012,0
Baseline,All_region,Coastal_marsh,All_own,Net_Wood_Gain,MMT C,2013,0
Baseline,All_region,Coastal_marsh,All_own,Net_Wood_Gain,MMT C,2014,0
Baseline,All_region,Coastal_marsh,All_own,Net_Wood_Gain,MMT C,2015,0
Baseline,All_region,Coastal_marsh,All_own,Net_Wood_Gain,MMT C,2016,0
Baseline,All_region,Coastal_marsh,All_own,Net_Wood_Gain,MMT C,2017,0
Baseline,All_region,Coastal_marsh,All_own,Net_Wood_Gain,MMT C,2018,0
Baseline,All_region,Coastal_marsh,All_own,Net_Wood_Gain,MMT C,2019,0
Baseline,All_region,Coastal_marsh,All_own,Net_Wood_Gain,MMT C,2020,0
Baseline,All_region,Coastal_marsh,All_own,Net_Wood_Gain,MMT C,2021,0
Baseline,All_region,Coastal_marsh,All_own,Ecosystem_Gain_from_Atmos,MMT C,2010,0.00657448
Baseline,All_region,Coastal_marsh,All_own,Ecosystem_Gain_from_Atmos,MMT C,2011,0.00660549
Baseline,All_region,Coastal_marsh,All_own,Ecosystem_Gain_from_Atmos,MMT C,2012,0.0065839
Baseline,All_region,Coastal_marsh,All_own,Ecosystem_Gain_from_Atmos,MMT C,2013,0.00463971
Baseline,All_region,Coastal_marsh,All_own,Ecosystem_Gain_from_Atmos,MMT C,2014,0.00485696
Baseline,All_region,Coastal_marsh,All_own,Ecosystem_Gain_from_Atmos,MMT C,2015,0.00519201
Baseline,All_region,Coastal_marsh,All_own,Ecosystem_Gain_from_Atmos,MMT C,2016,0.00527193
Baseline,All_region,Coastal_marsh,All_own,Ecosystem_Gain_from_Atmos,MMT C,2017,0.00353511
Baseline,All_region,Coastal_marsh,All_own,Ecosystem_Gain_from_Atmos,MMT C,2018,0.00628379
Baseline,All_region,Coastal_marsh,All_own,Ecosystem_Gain_from_Atmos,MMT C,2019,0.00302491
Baseline,All_region,Coastal_marsh,All_own,Ecosystem_Gain_from_Atmos,MMT C,2020,0.00489941
Baseline,All_region,Coastal_marsh,All_own,Ecosystem_Gain_from_Atmos,MMT C,2021,0.00650498
Baseline,All_region,Coastal_marsh,All_own,Loss_to_Atmos_from_Manage,MMT C,2010,0
Baseline,All_region,Coastal_marsh,All_own,Loss_to_Atmos_from_Manage,MMT C,2011,0
Baseline,All_region,Coastal_marsh,All_own,Loss_to_Atmos_from_Manage,MMT C,2012,0
Baseline,All_region,Coastal_marsh,All_own,Loss_to_Atmos_from_Manage,MMT C,2013,0
Baseline,All_region,Coastal_marsh,All_own,Loss_to_Atmos_from_Manage,MMT C,2014,0
Baseline,All_region,Coastal_marsh,All_own,Loss_to_Atmos_from_Manage,MMT C,2015,0
Baseline,All_region,Coastal_marsh,All_own,Loss_to_Atmos_from_Manage,MMT C,2016,0
Baseline,All_region,Coastal_marsh,All_own,Loss_to_Atmos_from_Manage,MMT C,2017,0
Baseline,All_region,Coastal_marsh,All_own,Loss_to_Atmos_from_Manage,MMT C,2018,0
Baseline,All_region,Coastal_marsh,All_own,Loss_to_Atmos_from_Manage,MMT C,2019,0
Baseline,All_region,Coastal_marsh,All_own,Loss_to_Atmos_from_Manage,MMT C,2020,0
Baseline,All_region,Coastal_marsh,All_own,Loss_to_Atmos_from_Manage,MMT C,2021,0
Baseline,All_region,Coastal_marsh,All_own,Loss_to_Atmos_from_Fire,MMT C,2010,0
Baseline,All_region,Coastal_marsh,All_own,Loss_to_Atmos_from_Fire,MMT C,2011,0
Baseline,All_region,Coastal_marsh,All_own,Loss_to_Atmos_from_Fire,MMT C,2012,0
Baseline,All_region,Coastal_marsh,All_own,Loss_to_Atmos_from_Fire,MMT C,2013,0
Baseline,All_region,Coastal_marsh,All_own,Loss_to_Atmos_from_Fire,MMT C,2014,0
Baseline,All_region,Coastal_marsh,All_own,Loss_to_Atmos_from_Fire,MMT C,2015,0
Baseline,All_region,Coastal_marsh,All_own,Loss_to_Atmos_from_Fire,MMT C,2016,0
Baseline,All_region,Coastal_marsh,All_own,Loss_to_Atmos_from_Fire,MMT C,2017,0
Baseline,All_region,Coastal_marsh,All_own,Loss_to_Atmos_from_Fire,MMT C,2018,0
Baseline,All_region,Coastal_marsh,All_own,Loss_to_Atmos_from_Fire,MMT C,2019,0
Baseline,All_region,Coastal_marsh,All_own,Loss_to_Atmos_from_Fire,MMT C,2020,0
Baseline,All_region,Coastal_marsh,All_own,Loss_to_Atmos_from_Fire,MMT C,2021,0
Baseline,All_region,Coastal_marsh,All_own,Loss_to_Atmos_from_LCC,MMT C,2010,-0.00124182
Baseline,All_region,Coastal_marsh,All_own,Loss_to_Atmos_from_LCC,MMT C,2011,-0.00124254
Baseline,All_region,Coastal_marsh,All_own,Loss_to_Atmos_from_LCC,MMT C,2012,-0.00124325
Baseline,All_region,Coastal_marsh,All_own,Loss_to_Atmos_from_LCC,MMT C,2013,-0.00124383
Baseline,All_region,Coastal_marsh,All_own,Loss_to_Atmos_from_LCC,MMT C,2014,-0.00124444
Baseline,All_region,Coastal_marsh,All_own,Loss_to_Atmos_from_LCC,MMT C,2015,-0.00124494
Baseline,All_region,Coastal_marsh,All_own,Loss_to_Atmos_from_LCC,MMT C,2016,-0.00124543
Baseline,All_region,Coastal_marsh,All_own,Loss_to_Atmos_from_LCC,MMT C,2017,-0.00124596
Baseline,All_region,Coastal_marsh,All_own,Loss_to_Atmos_from_LCC,MMT C,2018,-0.0012466
Baseline,All_region,Coastal_marsh,All_own,Loss_to_Atmos_from_LCC,MMT C,2019,-0.00124698
Baseline,All_region,Coastal_marsh,All_own,Loss_to_Atmos_from_LCC,MMT C,2020,-0.0012474
Baseline,All_region,Coastal_marsh,All_own,Loss_to_Atmos_from_LCC,MMT C,2021,-0.00124819
Baseline,All_region,Coastal_marsh,All_own,Loss_to_Atmos_from_Wood,MMT C,2010,0
Baseline,All_region,Coastal_marsh,All_own,Loss_to_Atmos_from_Wood,MMT C,2011,0
Baseline,All_region,Coastal_marsh,All_own,Loss_to_Atmos_from_Wood,MMT C,2012,0
Baseline,All_region,Coastal_marsh,All_own,Loss_to_Atmos_from_Wood,MMT C,2013,0
Baseline,All_region,Coastal_marsh,All_own,Loss_to_Atmos_from_Wood,MMT C,2014,0
Baseline,All_region,Coastal_marsh,All_own,Loss_to_Atmos_from_Wood,MMT C,2015,0
Baseline,All_region,Coastal_marsh,All_own,Loss_to_Atmos_from_Wood,MMT C,2016,0
Baseline,All_region,Coastal_marsh,All_own,Loss_to_Atmos_from_Wood,MMT C,2017,0
Baseline,All_region,Coastal_marsh,All_own,Loss_to_Atmos_from_Wood,MMT C,2018,0
Baseline,All_region,Coastal_marsh,All_own,Loss_to_Atmos_from_Wood,MMT C,2019,0
Baseline,All_region,Coastal_marsh,All_own,Loss_to_Atmos_from_Wood,MMT C,2020,0
Baseline,All_region,Coastal_marsh,All_own,Loss_to_Atmos_from_Wood,MMT C,2021,0
Alternative,All_region,Coastal_marsh,All_own,Net_Wood_Gain,MMT C,2010,0
Alternative,All_region,Coastal_marsh,All_own,Net_Wood_Gain,MMT C,2011,0
Alternative,All_region,Coastal_marsh,All_own,Net_Wood_Gain,MMT C,2012,0
Alternative,All_region,Coastal_marsh,All_own,Net_Wood_Gain,MMT C,2013,0
Alternative,All_region,Coastal_marsh,All_own,Net_Wood_Gain,MMT C,2014,0
Alternative,All_region,Coastal_marsh,All_own,Net_Wood_Gain,MMT C,2015,0
Alternative,All_region,Coastal_marsh,All_own,Net_Wood_Gain,MMT C,2016,0
Alternative,All_region,Coastal_marsh,All_own,Net_Wood_Gain,MMT C,2017,0
Alternative,All_region,Coastal_marsh,All_own,Net_Wood_Gain,MMT C,2018,0
Alternative,All_region,Coastal_marsh,All_own,Net_Wood_Gain,MMT C,2019,0
Alternative,All_region,Coastal_marsh,All_own,Net_Wood_Gain,MMT C,2020,0
Alternative,All_region,Coastal_marsh,All_own,Net_Wood_Gain,MMT C,2021,0
Alternative,All_region,Coastal_marsh,All_own,Ecosystem_Gain_from_Atmos,MMT C,2010,0.00657448
Alternative,All_region,Coastal_marsh,All_own,Ecosystem_Gain_from_Atmos,MMT C,2011,0.00707951
Alternative,All_region,Coastal_marsh,All_own,Ecosystem_Gain_from_Atmos,MMT C,2012,0.00752267
Alternative,All_region,Coastal_marsh,All_own,Ecosystem_Gain_from_Atmos,MMT C,2013,0.00573407
Alternative,All_region,Coastal_marsh,All_own,Ecosystem_Gain_from_Atmos,MMT C,2014,0.0063917
Alternative,All_region,Coastal_marsh,All_own,Ecosystem_Gain_from_Atmos,MMT C,2015,0.00696472
Alternative,All_region,Coastal_marsh,All_own,Ecosystem_Gain_from_Atmos,MMT C,2016,0.00742216
Alternative,All_region,Coastal_marsh,All_own,Ecosystem_Gain_from_Atmos,MMT C,2017,0.00577716
Alternative,All_region,Coastal_marsh,All_own,Ecosystem_Gain_from_Atmos,MMT C,2018,0.00976676
Alternative,All_region,Coastal_marsh,All_own,Ecosystem_Gain_from_Atmos,MMT C,2019,0.00519147
Alternative,All_region,Coastal_marsh,All_own,Ecosystem_Gain_from_Atmos,MMT C,2020,0.00795457
Alternative,All_region,Coastal_marsh,All_own,Ecosystem_Gain_from_Atmos,MMT C,2021,0.01223126
Alternative,All_region,Coastal_marsh,All_own,Loss_to_Atmos_from_Manage,MMT C,2010,0
Alternative,All_region,Coastal_marsh,All_own,Loss_to_Atmos_from_Manage,MMT C,2011,0
Alternative,All_region,Coastal_marsh,All_own,Loss_to_Atmos_from_Manage,MMT C,2012,0
Alternative,All_region,Coastal_marsh,All_own,Loss_to_Atmos_from_Manage,MMT C,2013,0
Alternative,All_region,Coastal_marsh,All_own,Loss_to_Atmos_from_Manage,MMT C,2014,0
Alternative,All_region,Coastal_marsh,All_own,Loss_to_Atmos_from_Manage,MMT C,2015,0
Alternative,All_region,Coastal_marsh,All_own,Loss_to_Atmos_from_Manage,MMT C,2016,0
Alternative,All_region,Coastal_marsh,All_own,Loss_to_Atmos_from_Manage,MMT C,2017,0
Alternative,All_region,Coastal_marsh,All_own,Loss_to_Atmos_from_Manage,MMT C,2018,0
Alternative,All_region,Coastal_marsh,All_own,Loss_to_Atmos_from_Manage,MMT C,2019,0
Alternative,All_region,Coastal_marsh,All_own,Loss_to_Atmos_from_Manage,MMT C,2020,0
Alternative,All_region,Coastal_marsh,All_own,Loss_to_Atmos_from_Manage,MMT C,2021,0
Alternative,All_region,Coastal_marsh,All_own,Loss_to_Atmos_from_Fire,MMT C,2010,0
Alternative,All_region,Coastal_marsh,All_own,Loss_to_Atmos_from_Fire,MMT C,2011,0
Alternative,All_region,Coastal_marsh,All_own,Loss_to_Atmos_from_Fire,MMT C,2012,0
Alternative,All_region,Coastal_marsh,All_own,Loss_to_Atmos_from_Fire,MMT C,2013,0
Alternative,All_region,Coastal_marsh,All_own,Loss_to_Atmos_from_Fire,MMT C,2014,0
Alternative,All_region,Coastal_marsh,All_own,Loss_to_Atmos_from_Fire,MMT C,2015,0
Alternative,All_region,Coastal_marsh,All_own,Loss_to_Atmos_from_Fire,MMT C,2016,0
Alternative,All_region,Coastal_marsh,All_own,Loss_to_Atmos_from_Fire,MMT C,2017,0
Alternative,All_region,Coastal_marsh,All_own,Loss_to_Atmos_from_Fire,MMT C,2018,0
Alternative,All_region,Coastal_marsh,All_own,Loss_to_Atmos_from_Fire,MMT C,2019,0
Alternative,All_region,Coastal_marsh,All_own,Loss_to_Atmos_from_Fire,MMT C,2020,0
Alternative,All_region,Coastal_marsh,All_own,Loss_to_Atmos_from_Fire,MMT C,2021,0
Alternative,All_region,Coastal_marsh,All_own,Loss_to_Atmos_from_LCC,MMT C,2010,-0.00111528
Alternative,All_region,Coastal_marsh,All_own,Loss_to_Atmos_from_LCC,MMT C,2011,-0.00091476
Alternative,All_region,Coastal_marsh,All_own,Loss_to_Atmos_from_LCC,MMT C,2012,-0.0008138
Alternative,All_region,Coastal_marsh,All_own,Loss_to_Atmos_from_LCC,MMT C,2013,-0.00071452
Alternative,All_region,Coastal_marsh,All_own,Loss_to_Atmos_from_LCC,MMT C,2014,-0.00063019
Alternative,All_region,Coastal_marsh,All_own,Loss_to_Atmos_from_LCC,MMT C,2015,-0.00054272
Alternative,All_region,Coastal_marsh,All_own,Loss_to_Atmos_from_LCC,MMT C,2016,-0.00045703
Alternative,All_region,Coastal_marsh,All_own,Loss_to_Atmos_from_LCC,MMT C,2017,-0.00040771
Alternative,All_region,Coastal_marsh,All_own,Loss_to_Atmos_from_LCC,MMT C,2018,-0.00035947
Alternative,All_region,Coastal_marsh,All_own,Loss_to_Atmos_from_LCC,MMT C,2019,-0.00031315
Alternative,All_region,Coastal_marsh,All_own,Loss_to_Atmos_from_LCC,MMT C,2020,-0.00028591
Alternative,All_region,Coastal_marsh,All_own,Loss_to_Atmos_from_LCC,MMT C,2021,-0.00026757
Alternative,All_region,Coastal_marsh,All_own,Loss_to_Atmos_from_Wood,MMT C,2010,0
Alternative,All_region,Coastal_marsh,All_own,Loss_to_Atmos_from_Wood,MMT C,2011,0
Alternative,All_region,Coastal_marsh,All_own,Loss_to_Atmos_from_Wood,MMT C,2012,0
Alternative,All_region,Coastal_marsh,All_own,Loss_to_Atmos_from_Wood,MMT C,2013,0
Alternative,All_region,Coastal_marsh,All_own,Loss_to_Atmos_from_Wood,MMT C,2014,0
Alternative,All_region,Coastal_marsh,All_own,Loss_to_Atmos_from_Wood,MMT C,2015,0
Alternative,All_region,Coastal_marsh,All_own,Loss_to_Atmos_from_Wood,MMT C,2016,0
Alternative,All_region,Coastal_marsh,All_own,Loss_to_Atmos_from_Wood,MMT C,2017,0
Alternative,All_region,Coastal_marsh,All_own,Loss_to_Atmos_from_Wood,MMT C,2018,0
Alternative,All_region,Coastal_marsh,All_own,Loss_to_Atmos_from_Wood,MMT C,2019,0
Alternative,All_region,Coastal_marsh,All_own,Loss_to_Atmos_from_Wood,MMT C,2020,0
Alternative,All_region,Coastal_marsh,All_own,Loss_to_Atmos_from_Wood,MMT C,2021,0
