Scenario,Region,Land_Type,Ownership,Units,Year,Value
Alternative_B_10_29_19_RCP85_output_D+sd_A-sd_S=mean_BC1_NR120,All_region,Coastal_marsh,All_own,MMT C,2010,0
Alternative_B_10_29_19_RCP85_output_D+sd_A-sd_S=mean_BC1_NR120,All_region,Coastal_marsh,All_own,MMT C,2011,0
Alternative_B_10_29_19_RCP85_output_D+sd_A-sd_S=mean_BC1_NR120,All_region,Coastal_marsh,All_own,MMT C,2012,0.00047402
Alternative_B_10_29_19_RCP85_output_D+sd_A-sd_S=mean_BC1_NR120,All_region,Coastal_marsh,All_own,MMT C,2013,0.00141279
Alternative_B_10_29_19_RCP85_output_D+sd_A-sd_S=mean_BC1_NR120,All_region,Coastal_marsh,All_own,MMT C,2014,0.00250715
Alternative_B_10_29_19_RCP85_output_D+sd_A-sd_S=mean_BC1_NR120,All_region,Coastal_marsh,All_own,MMT C,2015,0.00404191000000001
Alternative_B_10_29_19_RCP85_output_D+sd_A-sd_S=mean_BC1_NR120,All_region,Coastal_marsh,All_own,MMT C,2016,0.00581462000000001
Alternative_B_10_29_19_RCP85_output_D+sd_A-sd_S=mean_BC1_NR120,All_region,Coastal_marsh,All_own,MMT C,2017,0.00796484
Alternative_B_10_29_19_RCP85_output_D+sd_A-sd_S=mean_BC1_NR120,All_region,Coastal_marsh,All_own,MMT C,2018,0.01020689
Alternative_B_10_29_19_RCP85_output_D+sd_A-sd_S=mean_BC1_NR120,All_region,Coastal_marsh,All_own,MMT C,2019,0.01368986
Alternative_B_10_29_19_RCP85_output_D+sd_A-sd_S=mean_BC1_NR120,All_region,Coastal_marsh,All_own,MMT C,2020,0.01585642
Alternative_B_10_29_19_RCP85_output_D+sd_A-sd_S=mean_BC1_NR120,All_region,Coastal_marsh,All_own,MMT C,2021,0.01891159
Alternative_B_10_29_19_RCP85_output_D+sd_A-sd_S=mean_BC1_NR120,All_region,Coastal_marsh,All_own,MMT C,2022,0.02463787
