Scenario,Region,Land_Type,Ownership,Units,Year,Value
Alternative_B_10_29_19_RCP85_output_D+sd_A-sd_S=mean_BC1_NR120,All_region,Desert,All_own,MgC/ac,2010,0
Alternative_B_10_29_19_RCP85_output_D+sd_A-sd_S=mean_BC1_NR120,All_region,Desert,All_own,MgC/ac,2011,0
Alternative_B_10_29_19_RCP85_output_D+sd_A-sd_S=mean_BC1_NR120,All_region,Desert,All_own,MgC/ac,2012,1.42532336971923e-05
Alternative_B_10_29_19_RCP85_output_D+sd_A-sd_S=mean_BC1_NR120,All_region,Desert,All_own,MgC/ac,2013,4.27905303325704e-05
Alternative_B_10_29_19_RCP85_output_D+sd_A-sd_S=mean_BC1_NR120,All_region,Desert,All_own,MgC/ac,2014,8.56349719303706e-05
Alternative_B_10_29_19_RCP85_output_D+sd_A-sd_S=mean_BC1_NR120,All_region,Desert,All_own,MgC/ac,2015,0.000142822107270402
Alternative_B_10_29_19_RCP85_output_D+sd_A-sd_S=mean_BC1_NR120,All_region,Desert,All_own,MgC/ac,2016,0.000214371440397876
Alternative_B_10_29_19_RCP85_output_D+sd_A-sd_S=mean_BC1_NR120,All_region,Desert,All_own,MgC/ac,2017,0.000300307902537933
Alternative_B_10_29_19_RCP85_output_D+sd_A-sd_S=mean_BC1_NR120,All_region,Desert,All_own,MgC/ac,2018,0.000400628159449579
Alternative_B_10_29_19_RCP85_output_D+sd_A-sd_S=mean_BC1_NR120,All_region,Desert,All_own,MgC/ac,2019,0.000515380504235274
Alternative_B_10_29_19_RCP85_output_D+sd_A-sd_S=mean_BC1_NR120,All_region,Desert,All_own,MgC/ac,2020,0.000644579712063387
Alternative_B_10_29_19_RCP85_output_D+sd_A-sd_S=mean_BC1_NR120,All_region,Desert,All_own,MgC/ac,2021,0.00078822014468527
Alternative_B_10_29_19_RCP85_output_D+sd_A-sd_S=mean_BC1_NR120,All_region,Desert,All_own,MgC/ac,2022,0.000946313861682535
