Scenario,Region,Land_Type,Ownership,Units,Year,Value
Baseline_10_29_19_RCP85_output_D+sd_A-sd_S=mean_BC1_NR120,All_region,Desert,All_own,MgC/ac,2010,0.343430340331879
Baseline_10_29_19_RCP85_output_D+sd_A-sd_S=mean_BC1_NR120,All_region,Desert,All_own,MgC/ac,2011,0.343209124545371
Baseline_10_29_19_RCP85_output_D+sd_A-sd_S=mean_BC1_NR120,All_region,Desert,All_own,MgC/ac,2012,0.342987737643579
Baseline_10_29_19_RCP85_output_D+sd_A-sd_S=mean_BC1_NR120,All_region,Desert,All_own,MgC/ac,2013,0.342766173242805
Baseline_10_29_19_RCP85_output_D+sd_A-sd_S=mean_BC1_NR120,All_region,Desert,All_own,MgC/ac,2014,0.342544432322218
Baseline_10_29_19_RCP85_output_D+sd_A-sd_S=mean_BC1_NR120,All_region,Desert,All_own,MgC/ac,2015,0.342322518043941
Baseline_10_29_19_RCP85_output_D+sd_A-sd_S=mean_BC1_NR120,All_region,Desert,All_own,MgC/ac,2016,0.342100424241862
Baseline_10_29_19_RCP85_output_D+sd_A-sd_S=mean_BC1_NR120,All_region,Desert,All_own,MgC/ac,2017,0.341878150951214
Baseline_10_29_19_RCP85_output_D+sd_A-sd_S=mean_BC1_NR120,All_region,Desert,All_own,MgC/ac,2018,0.341655715228818
Baseline_10_29_19_RCP85_output_D+sd_A-sd_S=mean_BC1_NR120,All_region,Desert,All_own,MgC/ac,2019,0.341433094054643
Baseline_10_29_19_RCP85_output_D+sd_A-sd_S=mean_BC1_NR120,All_region,Desert,All_own,MgC/ac,2020,0.341210290107703
Baseline_10_29_19_RCP85_output_D+sd_A-sd_S=mean_BC1_NR120,All_region,Desert,All_own,MgC/ac,2021,0.340987316564337
Baseline_10_29_19_RCP85_output_D+sd_A-sd_S=mean_BC1_NR120,All_region,Desert,All_own,MgC/ac,2022,0.340764167105452
Alternative_B_10_29_19_RCP85_output_D+sd_A-sd_S=mean_BC1_NR120,All_region,Desert,All_own,MgC/ac,2010,0.343430340331879
Alternative_B_10_29_19_RCP85_output_D+sd_A-sd_S=mean_BC1_NR120,All_region,Desert,All_own,MgC/ac,2011,0.343209124545371
Alternative_B_10_29_19_RCP85_output_D+sd_A-sd_S=mean_BC1_NR120,All_region,Desert,All_own,MgC/ac,2012,0.343001990877276
Alternative_B_10_29_19_RCP85_output_D+sd_A-sd_S=mean_BC1_NR120,All_region,Desert,All_own,MgC/ac,2013,0.342808963773138
Alternative_B_10_29_19_RCP85_output_D+sd_A-sd_S=mean_BC1_NR120,All_region,Desert,All_own,MgC/ac,2014,0.342630067294148
Alternative_B_10_29_19_RCP85_output_D+sd_A-sd_S=mean_BC1_NR120,All_region,Desert,All_own,MgC/ac,2015,0.342465340151211
Alternative_B_10_29_19_RCP85_output_D+sd_A-sd_S=mean_BC1_NR120,All_region,Desert,All_own,MgC/ac,2016,0.34231479568226
Alternative_B_10_29_19_RCP85_output_D+sd_A-sd_S=mean_BC1_NR120,All_region,Desert,All_own,MgC/ac,2017,0.342178458853752
Alternative_B_10_29_19_RCP85_output_D+sd_A-sd_S=mean_BC1_NR120,All_region,Desert,All_own,MgC/ac,2018,0.342056343388267
Alternative_B_10_29_19_RCP85_output_D+sd_A-sd_S=mean_BC1_NR120,All_region,Desert,All_own,MgC/ac,2019,0.341948474558878
Alternative_B_10_29_19_RCP85_output_D+sd_A-sd_S=mean_BC1_NR120,All_region,Desert,All_own,MgC/ac,2020,0.341854869819766
Alternative_B_10_29_19_RCP85_output_D+sd_A-sd_S=mean_BC1_NR120,All_region,Desert,All_own,MgC/ac,2021,0.341775536709022
Alternative_B_10_29_19_RCP85_output_D+sd_A-sd_S=mean_BC1_NR120,All_region,Desert,All_own,MgC/ac,2022,0.341710480967135
