"Region","Ownership","X2001_ha","X2002_ha","X2003_ha","X2004_ha","X2005_ha","X2006_ha","X2007_ha","X2008_ha","X2009_ha","X2010_ha","X2011_ha","X2012_ha","X2013_ha","X2014_ha","X2015_ha","X2016_ha","X2017_ha","X2018_ha","X2019_ha","X2020_ha","X2021_ha","X2022_ha","X2023_ha","X2024_ha","X2025_ha","X2026_ha","X2027_ha","X2028_ha","X2029_ha","X2030_ha","X2031_ha","X2032_ha","X2033_ha","X2034_ha","X2035_ha","X2036_ha","X2037_ha","X2038_ha","X2039_ha","X2040_ha","X2041_ha","X2042_ha","X2043_ha","X2044_ha","X2045_ha","X2046_ha","X2047_ha","X2048_ha","X2049_ha","X2050_ha","X2051_ha","X2052_ha","X2053_ha","X2054_ha","X2055_ha","X2056_ha","X2057_ha","X2058_ha","X2059_ha","X2060_ha","X2061_ha","X2062_ha","X2063_ha","X2064_ha","X2065_ha","X2066_ha","X2067_ha","X2068_ha","X2069_ha","X2070_ha","X2071_ha","X2072_ha","X2073_ha","X2074_ha","X2075_ha","X2076_ha","X2077_ha","X2078_ha","X2079_ha","X2080_ha","X2081_ha","X2082_ha","X2083_ha","X2084_ha","X2085_ha","X2086_ha","X2087_ha","X2088_ha","X2089_ha","X2090_ha","X2091_ha","X2092_ha","X2093_ha","X2094_ha","X2095_ha","X2096_ha","X2097_ha","X2098_ha","X2099_ha","X2100_ha"
"Central_Coast","BLM",2106.9363,1784.0008,1943.4465,2685.3344,2593.5308,2357.7394,2354.7853,1677.1751,1855.7997,1900.7136,2175.5963,2274.2755,1773.8144,1872.3739,2166.3386,2165.0112,2860.6672,2149.3528,1858.9089,1986.8288,1979.1359,1965.1271,1650.1997,1379.1274,1295.5041,1646.0363,1716.1561,2186.2311,2048.8515,1800.77,1518.1374,1799.3091,2098.2618,1664.5268,1985.4629,1430.7639,1309.3426,1738.6745,2187.8129,1578.3212,1696.7396,1695.03,1201.1992,1305.4562,1751.0068,1561.4686,1341.8229,1755.7526,1864.1687,1948.0016,1690.0518,1710.4991,1420.5497,1575.966,1515.9703,1690.4388,1295.8394,1579.7373,1358.8738,1393.1033,1494.4278,1325.2675,1429.006,1381.5429,1712.6824,1395.2197,1314.2624,1396.4522,1391.5377,1475.8974,1167.4394,1640.5937,1741.159,1553.1376,1231.9813,1609.8162,1563.3627,1149.2648,1611.4637,1519.4034,1695.3841,1443.0928,1434.6878,1310.028,1407.7434,1852.2062,1227.4583,1327.9081,1288.4927,1478.6666,1852.5596,1399.594,1388.8994,1454.4849,1739.2722,1416.1325,1756.8061,1689.3638,1342.1616,1703.9886
"Central_Coast","DoD",1222.4556,1518.1107,1169.1034,1125.3884,830.4676,854.2584,1390.6624,1506.3593,1246.1782,645.8475,934.1177,936.9274,1305.4673,1079.7389,910.0637,837.9114,888.8642,1688.3455,1061.2083,994.5869,762.8018,683.408,1087.8565,1243.5092,891.5728,1034.909,944.8182,937.5877,764.2215,1163.494,1029.9048,1140.902,851.5784,795.7152,1384.4721,939.4381,847.7057,835.456,959.673,1225.7296,971.4953,1451.2872,990.5575,637.7364,831.8677,1382.3086,952.5632,1202.6098,822.43,857.6636,1342.4345,1254.7769,1102.9739,1019.891,1096.737,845.8729,1109.6969,1060.1118,974.0909,844.6145,824.8953,849.7449,1066.8685,1072.4081,1292.868,1002.3942,988.0828,1079.9911,1068.1171,1108.9081,998.5358,886.9959,1160.6121,752.713,630.5871,1198.2311,1290.9539,955.4408,906.3864,1086.5539,883.5602,1188.2108,938.8679,1132.03,977.3645,1049.7227,1023.4976,854.6059,950.0714,889.0742,1297.2317,847.1342,812.7724,892.3164,1326.1461,1391.2468,1125.9172,1206.8219,1094.7536,1100.3091
"Central_Coast","Easement",1430.2508,1933.3187,1590.4892,1377.4098,1039.6643,1003.0368,1827.364,1871.1742,1372.099,985.7017,1070.4685,1042.5406,1345.1762,1442.2691,1058.2277,929.1323,1169.6971,1760.0162,1317.8772,1412.7498,986.53,885.134,1155.1512,1636.5465,1142.8033,1207.6093,1120.4754,967.0222,918.5281,1252.9379,1083.8323,1371.4596,1131.9389,916.8234,1636.7003,1374.3369,911.6742,841.1385,954.493,1426.8042,1121.7778,1874.7636,1096.3492,793.0894,1036.5143,1852.7746,1363.0895,1322.0058,891.3796,1207.0439,1954.2992,1780.6283,1406.8957,1285.7543,1078.4852,1068.6485,1285.609,1255.6824,1399.6398,1169.4463,858.0771,995.2702,1529.661,1394.8405,1650.8429,1386.353,1126.8707,1391.3319,1124.2685,1456.6855,1119.0776,1048.3998,1362.4572,956.0972,756.6546,1375.8565,1441.702,1396.1582,1120.979,1383.644,1156.3701,1617.5639,1290.4203,1406.9853,982.2273,1327.8496,1566.4967,1134.5039,1339.5051,1005.7601,1553.6074,1258.4888,1243.5183,1305.0064,1443.6908,1619.2831,1458.2895,1434.9655,1459.1725,1228.142
"Central_Coast","Local_gov",1131.8121,1554.6994,1215.1038,1134.5432,843.8735,951.1567,1317.0025,1255.1169,1178.9973,846.3534,956.8573,954.634,1242.8347,1150.0133,966.6193,922.2214,922.5792,1550.7892,1071.8306,1265.7197,946.1207,739.4028,1024.8038,1572.1274,1087.6477,1026.7009,872.4772,788.2049,846.2143,1059.6909,1040.4974,1067.4789,869.3222,808.659,1217.9052,1187.2683,766.375,694.3174,704.3748,1219.1513,1011.7647,1334.9729,1143.608,640.8313,899.5712,1564.5203,1339.9063,1199.6051,753.3885,1022.2311,1462.0265,1406.5644,1370.8955,1196.6934,1054.3646,1138.121,1243.9338,1259.8816,1728.2641,1188.8559,648.888,1049.5656,1512.5639,1419.8629,1552.795,1109.8152,968.0389,1373.5548,1084.967,1280.7892,944.8199,888.6361,1375.9651,883.5385,748.9237,1185.2577,1456.1318,1564.4994,1038.8606,1229.009,1197.4124,1537.5175,1286.6993,1646.3567,1053.38,1261.8557,1545.3433,1088.4618,1283.6636,808.0113,1312.6082,1328.1846,1060.7002,1303.0464,1472.4435,1491.9898,1487.5065,1232.3431,1266.0373,1176.3458
"Central_Coast","NPS",145.0539,141.2788,174.1423,164.8784,118.7638,118.0768,220.2968,179.4512,137.4693,130.4697,134.3631,128.2655,149.7907,140.7147,132.9788,77.0379,145.5981,166.6102,119.3879,131.1869,163.066,134.3308,149.2318,120.9453,124.4161,126.9618,142.7981,126.5124,126.2656,150.8564,123.9793,110.534,127.2287,124.0906,116.1341,150.3901,99.8768,98.4692,111.5226,140.1608,109.5429,140.4185,99.8187,119.6518,115.013,180.9228,103.7726,140.7187,120.9129,141.9324,142.85,119.4259,161.6641,118.0167,128.332,141.6777,135.7104,165.9861,181.6896,149.9606,127.6726,124.138,155.9542,156.3457,142.6719,101.4157,115.0171,116.0808,115.1378,114.5585,145.29,87.7087,139.2946,114.8234,82.8641,158.1758,185.2261,131.4825,134.927,99.65,129.7113,163.0192,115.0424,179.5355,108.8012,154.1411,122.3068,103.5277,137.6713,91.6596,168.5282,116.4904,139.7771,131.6294,154.0565,107.9286,152.1806,133.0378,149.1122,122.0699
"Central_Coast","Other_fed",2759.8886,3405.4045,3030.1681,2435.288,1980.7598,2125.3134,3602.5711,3480.6517,2942.9941,1929.2489,2197.43,2634.658,3000.3893,2812.1812,2063.0117,2439.3055,2651.5618,3795.0415,2618.49,2773.004,2248.2631,1520.2342,2397.8415,2868.2225,2406.931,2553.0522,2082.4865,1861.413,2280.187,2809.8739,2531.4838,2663.8407,2021.8094,1742.0897,3709.2286,2502.3776,2070.6452,1838.7558,2063.0504,2692.4219,2725.0216,3264.2768,2319.9903,1731.049,2120.2946,3510.7192,2652.6694,2986.8575,1889.8378,1892.4042,3131.7196,3124.0104,2665.3388,2709.2537,2705.4204,2312.7531,2615.4759,2843.3567,2760.4471,2451.5789,1868.1014,2293.2003,2766.3318,2828.266,3025.2285,2443.7462,2070.1616,2508.5061,2225.2184,2506.431,2224.3948,2390.5355,3143.9246,1912.4176,1544.5576,2476.4312,3054.9098,2749.4605,2471.5603,2728.9931,2603.102,2918.8236,2557.547,2820.2864,2136.0744,2749.9959,2509.0673,2301.4344,2452.7857,2164.61,2920.3076,2380.6087,2585.1021,2558.3692,2855.5733,3272.9786,2506.4769,2605.7962,2660.1317,2975.2363
"Central_Coast","Private",25513.0214,26741.8335,25485.9375,24474.9331,21489.0932,21775.5331,30705.7135,28014.0306,23587.6826,20218.571,23961.5004,23319.9479,24239.237,24373.2514,23131.6575,22101.2793,25368.3522,30233.2737,23175.0402,25483.4707,22218.7612,19826.514,21519.3663,24698.2745,20170.3557,21964.2168,21511.9824,20823.4294,21197.9242,24184.5142,20773.4115,23873.0223,21658.4582,18367.4181,26878.448,21997.2791,17522.9011,18726.5912,22930.0972,24125.6652,21827.8572,26675.403,19564.6059,16391.4483,21997.6151,25980.2167,21464.0072,23707.975,18046.9888,22884.5409,28161.6814,26525.8593,22976.8167,22181.6633,19994.2751,20757.0086,20943.7985,23748.8067,23872.6565,20530.1285,18219.8333,19232.3622,24381.6106,23229.7124,25961.8101,21890.4825,18013.0314,20459.7634,18990.6826,22383.1232,18001.0529,18555.8781,25416.7602,18884.0848,14506.4529,23721.6755,25649.8277,21449.353,22208.6541,21297.626,22709.757,25894.1306,22406.467,23575.9314,18343.1407,24330.882,22631.5105,21079.1809,20549.2767,18742.821,25525.5748,22233.1929,21531.4141,21469.6997,24211.5454,24852.806,23875.5728,24043.3154,21507.4369,22576.8086
"Central_Coast","State_gov",1221.2435,1615.1727,1212.4416,1135.41,835.1255,996.2613,1483.4959,1376.2818,1166.6405,803.315,1040.0763,967.9597,1277.9544,1042.7311,1025.2392,1038.273,1018.9806,1542.9802,1010.9542,1293.5602,1016.5712,925.9683,978.9375,1686.3644,964.654,1146.4698,827.4478,865.4019,881.8363,1266.8844,1097.6317,1162.1255,857.83,715.6964,1288.7598,1227.8309,803.5194,749.3948,822.3531,1151.5418,1045.7945,1334.2809,1117.3981,687.8276,849.8316,1580.8494,1273.8641,1131.507,861.4103,1032.1108,1431.4815,1358.8156,1122.496,1052.3339,895.576,1057.4174,1046.0706,1180.0379,1403.874,1051.5783,750.1645,936.474,1450.1271,1248.4993,1497.7772,1063.9059,868.219,1304.578,867.2099,1218.4445,830.3874,917.8961,1278.9359,830.3281,740.7052,1082.8532,1350.3919,1531.5689,933.4637,1175.1578,1069.6809,1369.5788,1024.0673,1390.9287,874.798,1197.1191,1585.2642,1020.9606,1012.0445,832.5839,1270.6268,1180.1796,981.0695,1141.7768,1209.5119,1413.004,1411.2794,1212.0635,1087.8513,1043.9376
"Central_Coast","USFS_nonwild",2218.9542,2554.5134,2097.2456,1828.3265,1682.565,1716.2166,2840.7256,2511.0928,2161.4046,1594.0139,1842.8308,1801.0211,1976.0725,1998.67,1961.8918,1779.303,1845.476,2544.2034,2247.9085,2078.5319,1858.8116,1199.866,1634.724,1592.6847,1655.6529,1602.4618,1556.5683,1614.902,1902.3781,1920.3881,2009.7897,2132.1347,1494.4867,1316.0848,2643.0726,1779.3962,1535.4227,1593.3489,1677.7306,2045.9449,2239.2363,2040.4947,1680.9054,1402.5216,1636.5548,1995.8679,1820.5944,1794.1305,1519.2722,1573.0989,2222.6263,2306.9885,1872.8536,1899.7014,1781.7983,1500.7312,1745.9814,2258.81,2102.6776,1687.2168,1596.6901,1692.0441,1832.947,2084.6237,2085.5141,1701.7629,1291.5923,1630.1151,1693.7854,1638.9781,1541.6951,1819.3166,1934.2074,1665.8515,1038.6888,1939.2156,2182.7516,1625.7393,2026.5516,1823.1884,1934.2613,2088.7636,1988.7048,1872.5705,1486.4419,1911.138,1432.3184,1986.8104,1687.7285,1527.734,2191.8128,2066.7922,1792.4751,2036.5837,2037.7862,2108.4317,2071.7059,1845.972,1706.8153,1998.8482
"Central_Valley","BLM",148.634,98.7561,128.5813,306.3299,244.1202,243.4191,132.5479,76.9981,135.7538,190.6624,233.1084,186.1181,110.4873,128.1585,189.8123,191.469,295.618,131.5866,101.5528,121.0833,151.7937,214.2647,145.9847,82.4351,101.7528,108.9882,148.4528,211.2129,212.4846,89.0531,79.457,104.5818,143.1278,152.7823,148.4761,106.104,110.5291,135.7918,235.5795,134.8515,95.6214,68.7603,74.7528,142.2984,184.7209,89.8557,70.7751,99.68,146.2735,147.8493,83.524,111.6816,91.3661,121.6659,112.311,163.8773,80.3579,112.4818,66.9352,72.5377,91.1103,108.6635,93.3079,57.3456,72.3471,73.1223,97.6284,92.0524,91.5712,100.6235,68.9882,141.2313,135.19,119.59,133.6914,124.0743,68.6507,63.477,97.7037,79.7864,136.6861,94.9279,78.2532,66.5704,88.526,180.9579,79.4781,75.1373,57.0212,121.8768,115.0899,106.3494,116.1774,84.2935,98.3442,78.9886,105.5825,176.2268,89.7061,123.7467
"Central_Valley","DoD",56.9849,64.8598,67.7964,110.2732,72.9446,86.6718,58.4474,60.4422,48.7488,98.9398,70.8373,65.2039,76.5199,76.0844,81.1439,72.0699,80.6016,70.57,50.5935,92.3566,48.1645,73.4503,64.4728,55.8343,56.7099,71.569,75.8658,80.1525,111.9042,67.3483,41.179,62.8763,55.8524,81.5669,83.7139,57.8758,64.6698,64.6968,129.8422,87.9178,58.8945,52.7764,40.0635,83.9875,76.4092,63.7375,53.9599,60.1639,89.656,70.1162,61.2662,87.003,57.5815,49.5234,65.2372,87.7277,58.717,51.8335,52.3937,52.096,28.1376,57.7322,69.9215,37.9345,61.7723,46.1091,65.0432,67.8813,47.9651,76.4834,58.2325,80.0355,85.5892,82.1697,92.9514,74.4316,51.6119,45.2212,60.6009,39.6809,75.1445,69.704,49.4012,72.4855,51.4611,113.1805,74.9159,49.7775,39.4496,52.6338,68.6117,52.8658,54.1502,86.4611,55.8846,47.9339,76.1408,88.1864,72.6522,74.3404
"Central_Valley","Easement",613.4509,470.722,615.2156,601.5732,584.4391,608.0737,586.7704,460.3323,553.8372,540.4566,600.5616,635.3292,538.3973,478.9591,618.9545,559.0629,680.5398,673.7379,467.9974,482.5187,534.4197,494.5499,469.8465,455.4075,437.0316,433.2705,498.0589,532.2255,568.2244,464.3257,399.8668,497.2976,494.1309,573.6288,539.5951,445.2133,440.1855,454.3985,626.8169,589.656,485.7591,440.4413,374.8488,521.2937,613.3539,506.2335,405.3747,499.8568,500.8906,581.8092,393.7807,517.9459,457.806,502.7561,494.0974,572.7257,436.8298,465.5559,370.4356,443.0004,396.7241,435.2891,509.7137,439.963,454.4676,473.2678,381.9568,451.1928,434.6461,456.1728,411.2685,493.4749,551.6628,497.0973,520.8806,451.5515,545.4888,383.52,420.3853,467.5808,475.0814,512.7984,419.9138,437.2842,461.0914,569.8708,351.64,411.7888,356.8223,489.7561,568.4386,455.3657,540.262,420.0237,453.6429,458.399,446.6499,582.7137,413.7693,496.0809
"Central_Valley","Local_gov",68.5435,60.1,55.0939,73.2477,56.7851,54.1293,61.6776,57.8951,49.9816,49.202,49.8867,54.5424,59.8492,39.4477,50.8251,53.021,50.1701,49.9798,46.6395,52.317,50.9017,42.8154,48.4956,62.0047,52.1497,48.7153,37.1913,46.3636,55.0951,57.5935,55.6977,53.9445,40.9166,49.5869,53.0646,45.8892,34.2418,45.1079,51.0451,59.7298,53.1763,47.4135,42.208,37.2226,53.3218,42.5048,55.0531,52.6355,38.8153,56.8711,57.9736,48.0678,48.5089,52.293,39.2411,54.1828,53.3022,51.5473,51.0806,33.1973,49.5088,38.9642,49.8128,55.8984,53.9607,50.1217,43.2684,40.0491,48.0301,45.6475,42.2319,36.6435,58.9028,39.4596,44.3565,45.8879,46.4067,52.3896,57.0611,46.3308,51.743,39.33,53.7264,50.4427,36.623,48.3413,29.4356,44.7514,38.7642,42.4784,53.4171,44.7534,49.3727,35.9325,40.7463,58.7979,60.168,46.3477,47.9619,41.5538
"Central_Valley","NPS",NA,NA,NA,NA,NA,NA,NA,NA,NA,NA,NA,NA,NA,NA,NA,NA,NA,NA,NA,NA,NA,NA,NA,NA,NA,NA,NA,NA,NA,NA,NA,NA,NA,NA,NA,NA,NA,NA,NA,NA,NA,NA,NA,NA,NA,NA,NA,NA,NA,NA,NA,NA,NA,NA,NA,NA,NA,NA,NA,NA,NA,NA,NA,NA,NA,NA,NA,NA,NA,NA,NA,NA,NA,NA,NA,NA,NA,NA,NA,NA,NA,NA,NA,NA,NA,NA,NA,NA,NA,NA,NA,NA,NA,NA,NA,NA,NA,NA,NA,NA
"Central_Valley","Other_fed",183.4332,136.4436,181.2904,196.412,206.6909,211.3459,169.3429,131.4576,192.2438,198.4863,233.2111,187.4035,181.8926,156.2775,200.0942,189.5931,289.1376,190.7041,159.8683,177.6591,186.2168,178.9192,181.6876,159.2578,134.7193,123.4382,173.8303,212.1515,201.1029,168.5499,127.7957,125.4263,161.7442,189.0332,219.4244,162.3118,177.1177,192.6457,300.1397,200.7702,147.536,151.2483,120.4789,176.5098,236.4197,159.8618,108.1482,159.1685,202.6047,194.4147,157.2394,197.9758,142.9768,188.6669,182.4592,225.8031,154.9414,154.4006,113.8732,132.4809,160.8567,156.1386,149.8519,126.3451,134.1349,132.7169,133.1221,154.6267,150.8934,173.833,152.856,171.6592,211.0383,183.1315,203.7423,183.5631,170.8117,113.2619,175.3759,166.6606,182.1306,175.6269,155.8201,145.8472,149.0815,209.9865,154.2194,149.4122,131.7613,185.3065,187.9484,159.7864,186.8497,156.9525,143.359,127.3441,148.5312,210.6147,153.2242,184.4901
"Central_Valley","Private",6307.6566,5089.5866,5191.988,8046.9073,6963.6764,7904.0098,5820.0739,4465.2282,5434.7168,6300.911,7401.767,6712.2268,5543.0654,5235.5,6116.4798,6313.3349,8994.8055,5627.8388,4673.2543,5582.5939,5654.1783,6111.3554,5522.102,4896.5262,4329.6262,4778.1042,5515.2026,6794.026,7155.6381,4995.2821,3955.6539,4957.0818,5612.8201,5702.0094,5999.9315,4981.5705,4916.9783,5131.5243,8025.19,6097.6266,4747.9263,4177.8094,3625.2468,5659.0176,6732.9862,4695.4898,4003.595,5160.6894,5449.9231,6155.1697,4382.5848,5019.7669,4504.0728,5021.1528,4998.834,6467.614,4496.9319,4926.9676,3859.6337,3887.7415,4350.759,4623.705,4679.2922,4145.8624,4089.2236,3923.0288,4633.6573,4769.3169,4540.8714,4867.2854,4026.2976,5570.2302,6056.337,5187.3457,5825.0643,5168.9325,4371.6313,3753.1845,4632.8615,4133.634,5602.4372,4639.0494,4400.8131,4249.4108,4340.9273,6959.1783,4133.8309,4241.5417,3609.3196,4872.2341,5613.1455,4573.8381,5095.9551,4522.8706,4625.2948,4339.5922,4945.5602,6350.6428,4637.582,5387.6423
"Central_Valley","State_gov",62.2482,54.5639,61.162,67.4812,54.2969,72.2385,62.7359,48.9412,61.2604,59.1111,75.1283,54.045,61.6694,51.2168,64.4423,56.7646,74.3385,59.4312,48.3978,58.9375,48.5645,55.1557,54.6046,55.8307,50.8687,51.3184,54.9612,61.7367,65.929,51.6034,51.0344,49.4895,60.0921,53.1986,59.5119,48.9884,57.144,55.5751,80.5899,64.1142,44.8394,49.5462,44.2237,51.3671,61.8894,54.0559,45.4315,46.4094,63.1148,67.1547,55.6578,64.0612,54.6143,54.7438,53.1594,71.7011,60.5298,76.5433,49.9663,42.6942,47.7242,53.0214,52.5736,45.0667,40.499,42.0522,41.8085,57.6803,51.8413,58.6321,47.8514,54.1251,63.3724,41.2467,65.2626,63.0893,54.5552,46.371,59.0153,55.8042,61.754,54.287,57.216,58.5472,49.4945,69.5327,44.7486,52.7723,45.5161,46.4919,57.5953,53.9938,63.3756,54.3792,53.0174,52.4711,56.1132,66.4921,47.2216,63.3131
"Central_Valley","USFS_nonwild",NA,NA,NA,NA,NA,NA,NA,NA,NA,NA,NA,NA,NA,NA,NA,NA,NA,NA,NA,NA,NA,NA,NA,NA,NA,NA,NA,NA,NA,NA,NA,NA,NA,NA,NA,NA,NA,NA,NA,NA,NA,NA,NA,NA,NA,NA,NA,NA,NA,NA,NA,NA,NA,NA,NA,NA,NA,NA,NA,NA,NA,NA,NA,NA,NA,NA,NA,NA,NA,NA,NA,NA,NA,NA,NA,NA,NA,NA,NA,NA,NA,NA,NA,NA,NA,NA,NA,NA,NA,NA,NA,NA,NA,NA,NA,NA,NA,NA,NA,NA
"Delta","BLM",0.2226,1.5848,1.1263,0.9303,1.1332,0.6747,2.9475,0.2423,1.8005,1.5981,0.8968,1.3622,2.6914,1.1135,0.6875,1.1199,1.3361,2.0167,0.458,1.1327,1.5715,0.884,1.3425,2.7116,1.5848,2.2664,1.1263,1.3558,2.0433,2.0103,1.3425,1.9842,1.9975,1.5912,1.5848,2.8943,1.1135,1.3228,1.5784,2.2521,2.4427,2.0167,1.3425,1.801,1.3553,1.5779,1.801,2.0502,1.3489,3.6079,1.3553,2.8682,2.5151,2.2659,2.7047,1.1396,2.2265,1.801,1.3622,1.7946,0.9037,2.03,2.2595,2.0167,1.1657,2.0502,1.801,1.3686,0.9106,2.6781,1.5779,0.8776,1.3558,1.1066,2.0103,1.8271,1.5848,2.4821,2.914,1.801,1.3622,1.8207,1.3622,1.8138,1.3686,2.6919,1.8079,2.489,2.4821,1.5715,2.2861,2.4491,2.2462,1.801,0.4846,2.6717,2.4624,1.1327,0.917,2.4821
"Delta","DoD",7.8134,9.8556,8.3558,5.0373,7.006,7.658,9.3967,6.8774,5.2536,5.5751,8.5432,6.7508,7.7138,6.6944,6.5851,4.0715,8.3056,8.284,5.8664,7.12,6.4763,7.3558,7.8312,6.3271,5.1673,3.8468,7.1811,4.5509,5.1772,6.9984,4.6185,5.6993,8.1616,6.2344,5.5699,7.209,3.7185,5.5878,6.5389,10.8162,7.7961,5.2073,3.8683,5.5011,7.3833,6.499,3.8732,6.5183,6.5923,6.2991,9.5038,7.7039,5.4726,7.3004,6.3748,6.1966,6.2218,4.83,5.3215,2.41,4.8195,6.0802,5.8974,3.0325,5.6612,5.0812,5.4757,8.0093,6.9954,6.6678,4.9629,4.4152,6.4388,5.9688,5.5412,6.5242,4.3563,6.7995,5.8615,2.8855,4.2363,5.3889,4.1919,4.5226,4.0779,5.6552,5.0465,2.8082,4.4705,4.5576,9.0923,4.0755,6.0374,6.313,7.5377,4.6151,5.7475,6.0583,3.9553,3.8158
"Delta","Easement",3.8564,6.7018,6.3509,7.3052,8.1681,6.2071,13.2946,7.1768,9.7944,8.411,8.9914,7.9503,14.7253,7.8148,6.4547,8.3698,6.1096,11.3868,6.3466,6.8288,10.7666,5.5876,8.3463,10.9848,7.9509,10.4627,7.2569,7.5623,13.7175,6.1527,7.6714,7.2569,8.4906,9.1778,12.2492,14.2199,6.5137,6.9782,9.2126,11.8884,10.4168,9.599,10.1615,7.3705,8.915,10.0207,7.8055,11.5874,8.1448,16.9188,10.9449,10.6577,13.476,12.8949,15.0694,10.5551,9.3861,9.7981,7.0198,9.2639,9.0455,9.1353,11.0195,8.6275,10.4647,9.6835,8.7954,12.1517,7.2269,13.2731,12.0922,6.3193,8.8567,8.0578,8.2613,11.6104,9.6563,8.0782,11.8409,9.3136,8.8554,12.9823,9.6699,9.8894,10.4353,11.0626,7.1553,12.7578,11.8427,6.6356,13.154,9.5353,11.2814,11.463,9.0501,11.1193,11.7916,6.7934,7.838,11.163
"Delta","Local_gov",3.9386,2.9854,3.2993,4.0404,3.0507,4.5413,3.8351,2.7825,3.3481,3.1277,3.8714,3.9148,4.9121,3.1249,3.2519,3.8194,3.3936,3.7315,3.0264,3.3116,3.7479,3.015,3.6484,3.2045,2.8499,3.471,3.5116,3.4939,4.2138,2.6177,2.8462,3.3063,3.1278,3.0356,3.6608,3.1099,2.4805,3.2138,3.972,4.0075,2.985,2.715,2.6056,2.9899,3.2341,2.7166,2.705,3.1661,2.8831,4.2008,3.5363,2.2941,3.3549,3.4098,3.7815,3.0065,2.7021,2.3932,2.8783,2.1297,2.8226,2.9148,2.7029,2.5034,2.6151,2.1486,2.4701,2.5473,2.8554,2.4816,2.324,2.6155,3.7568,2.8465,1.8738,2.677,2.7709,2.4008,2.6678,1.9657,2.8443,2.6922,2.8652,2.1728,2.2968,2.7898,2.3359,2.3981,2.4519,1.7974,3.8094,2.1595,2.7308,1.7638,2.8025,2.5755,2.8234,3.0836,2.1454,2.0278
"Delta","NPS",NA,NA,NA,NA,NA,NA,NA,NA,NA,NA,NA,NA,NA,NA,NA,NA,NA,NA,NA,NA,NA,NA,NA,NA,NA,NA,NA,NA,NA,NA,NA,NA,NA,NA,NA,NA,NA,NA,NA,NA,NA,NA,NA,NA,NA,NA,NA,NA,NA,NA,NA,NA,NA,NA,NA,NA,NA,NA,NA,NA,NA,NA,NA,NA,NA,NA,NA,NA,NA,NA,NA,NA,NA,NA,NA,NA,NA,NA,NA,NA,NA,NA,NA,NA,NA,NA,NA,NA,NA,NA,NA,NA,NA,NA,NA,NA,NA,NA,NA,NA
"Delta","Other_fed",2.4152,1.9885,1.6381,1.7405,1.8929,2.7185,2.0924,1.5848,1.8844,1.6532,2.2216,2.8672,3.4945,1.7843,2.2728,2.4995,1.6488,2.3876,1.3926,1.9904,1.6323,2.512,1.8951,1.7103,2.3574,2.0795,2.0324,2.3596,2.712,2.678,1.5281,0.8029,1.9882,3.6278,1.844,3.7909,1.4198,2.6563,3.2508,2.6037,2.0799,2.173,1.4597,3.0811,1.7103,2.3125,1.8056,2.4933,1.9569,3.5417,2.9409,2.0033,3.4176,2.6501,3.3716,2.9174,1.2814,1.8925,2.3872,1.9076,2.4042,2.1159,3.1356,2.2153,3.2777,1.6639,2.1726,2.3019,1.6812,1.4302,1.3898,1.2987,2.388,2.2227,1.6768,0.9844,2.5989,0.6008,2.0007,1.8903,2.0497,2.7223,1.6698,1.2814,1.4813,2.7222,1.4813,1.9544,1.9205,1.9116,2.3026,2.0331,3.3241,1.795,0.8913,2.3023,1.7865,1.7636,1.3687,1.7276
"Delta","Private",430.7015,404.7268,389.3941,467.1674,416.0393,476.7496,515.8535,329.8649,384.8749,407.0229,500.4496,499.6741,575.6323,349.6731,427.0548,461.1949,407.1738,467.4441,361.1766,436.0164,443.1147,408.1702,434.8108,393.8467,314.1172,388.9129,397.6836,409.3021,499.8523,375.4564,335.3616,386.782,361.781,409.3248,449.0433,378.6642,332.511,402.3251,509.4377,549.7751,399.5296,377.4086,375.4572,405.9581,434.8156,392.4775,326.2618,373.0777,402.1609,533.6163,472.9155,350.4289,462.7918,409.2388,472.463,428.1212,335.0684,340.4914,330.0369,303.4411,410.1755,406.5881,370.6186,313.5043,362.4319,356.2354,330.1264,417.4748,399.766,353.8092,335.3732,337.3232,497.9471,405.9216,337.5397,413.8253,363.26,340.085,365.7892,338.8391,408.5241,386.8978,363.181,332.8673,341.7166,406.3697,327.4656,315.3163,376.5828,319.5435,494.9762,322.8341,382.1854,283.2182,371.0178,372.7757,334.3552,407.1527,297.6071,286.475
"Delta","State_gov",30.1944,22.9733,21.1113,30.8778,27.5726,25.1728,30.9506,19.0169,27.1676,21.4316,25.4144,32.5562,30.0492,19.755,22.5467,25.9203,22.682,28.3839,29.143,25.3565,27.9046,18.4002,23.8632,21.8112,23.8393,18.0856,21.1875,27.2831,29.1696,24.7841,17.5433,28.2929,20.6602,17.8444,27.4488,20.4925,23.7708,23.1024,30.237,33.9821,28.9071,27.0874,23.6648,24.0086,23.3415,25.1468,22.5105,26.6312,33.0563,33.8094,34.0964,29.5772,32.216,28.9733,33.4735,34.2966,21.2028,25.3974,27.3899,18.5642,25.1725,31.7986,30.0892,20.8665,18.6097,24.6935,18.4112,26.31,34.3166,24.4449,22.0625,22.2877,38.1889,31.3125,24.0259,22.9081,22.6401,19.9687,24.1157,23.353,22.0173,27.9948,26.7625,18.8431,20.5862,24.6681,26.4943,18.157,26.1316,20.8741,35.2761,23.4317,22.2222,21.8239,24.0999,23.401,24.1133,20.4943,24.0901,22.1543
"Delta","USFS_nonwild",NA,NA,NA,NA,NA,NA,NA,NA,NA,NA,NA,NA,NA,NA,NA,NA,NA,NA,NA,NA,NA,NA,NA,NA,NA,NA,NA,NA,NA,NA,NA,NA,NA,NA,NA,NA,NA,NA,NA,NA,NA,NA,NA,NA,NA,NA,NA,NA,NA,NA,NA,NA,NA,NA,NA,NA,NA,NA,NA,NA,NA,NA,NA,NA,NA,NA,NA,NA,NA,NA,NA,NA,NA,NA,NA,NA,NA,NA,NA,NA,NA,NA,NA,NA,NA,NA,NA,NA,NA,NA,NA,NA,NA,NA,NA,NA,NA,NA,NA,NA
"Deserts","BLM",1117.0024,1084.5343,1204.8664,2666.4923,1228.0767,1850.8761,1437.9787,860.7703,1475.8174,1544.5959,2691.3143,1547.3282,1123.8758,1124.7793,1447.1031,1483.709,2467.6506,1298.0442,909.9988,957.5243,1269.5509,1781.2909,909.9689,636.8435,620.9442,896.7562,1285.6184,3140.1519,2279.6704,750.1437,582.3093,765.9398,1072.1139,2025.4382,1305.9374,713.993,861.9324,1159.1861,3085.0353,1527.8268,942.4947,688.1474,668.0574,4392.5803,2006.0846,824.9751,637.7295,1570.0682,2176.1447,1965.8416,553.1391,947.3328,820.2876,949.3196,1368.9722,3012.8257,779.328,1047.8563,838.7655,712.7211,762.9334,993.968,942.6874,1010.3373,1028.8656,794.7545,1354.2337,1013.0512,1796.7676,962.469,876.5997,1976.4819,2473.3557,1054.0309,1696.4844,1273.0527,827.4287,528.2324,709.5262,640.0499,1153.574,826.7754,684.9482,619.578,1070.5741,1931.4551,1037.3358,1293.2474,383.3495,1409.3079,1309.2312,941.2081,1100.0343,1094.3243,1333.8448,802.0499,921.8808,1701.5954,1832.2404,1818.1266
"Deserts","DoD",591.1815,527.2261,565.6045,1210.7507,678.4685,879.8389,512.3114,292.7576,662.3338,854.365,1368.5567,673.5197,527.035,527.9432,547.5124,744.1962,1276.8358,635.2925,310.1008,494.4836,625.0919,747.3248,521.7248,312.7864,272.0762,474.956,558.3696,993.3776,867.1575,354.8135,280.4349,545.2243,623.1876,731.9723,561.2367,318.2717,360.3716,540.9992,1350.7332,663.1272,471.6637,292.0567,370.7952,748.0393,948.5381,355.8161,266.2299,557.036,672.7359,849.9587,222.5439,451.1603,279.991,535.7515,465.1601,717.4901,220.4004,250.2728,226.2687,290.8935,407.2388,262.5058,362.089,172.5768,397.6279,298.5594,706.2027,449.7113,665.4171,336.4772,397.8201,694.2695,495.293,430.7824,764.9792,375.86,316.2734,169.1679,285.7118,239.455,553.3814,378.6315,335.4611,214.5019,515.8225,1037.7636,265.5582,259.6941,185.3079,618.3896,486.5768,344.1449,386.4309,282.7775,335.5846,374.5281,422.5569,662.2238,381.9972,742.3094
"Deserts","Easement",24.2088,41.7495,53.7256,41.7999,35.7993,31.632,41.7742,28.7659,46.45,26.4425,21.6142,32.3348,30.3657,29.6839,33.3219,27.5891,20.3811,37.1854,33.6438,30.2134,26.0425,16.1938,22.6006,18.8476,28.0279,31.0397,20.4281,22.9266,32.0195,11.6352,29.1986,27.3797,31.7436,20.8815,23.482,27.029,29.9494,20.0546,19.8834,33.031,20.0711,27.413,22.0631,21.8039,25.2108,23.5923,26.9427,35.4718,19.8051,31.7838,24.6759,31.2555,13.4589,29.2685,25.3428,22.3768,30.1687,34.3772,23.8477,16.434,21.1635,16.5181,32.0433,23.6624,30.6407,21.8975,20.7158,14.3059,26.0181,28.1497,18.365,27.9164,31.6209,19.3476,20.8684,22.1818,29.3423,14.212,21.2858,23.9335,17.2767,21.8253,37.1175,21.4019,24.2957,42.6485,21.9736,22.6222,16.5909,21.8574,29.6356,24.6175,25.4,19.3952,27.6467,24.7074,22.6641,25.2487,19.4975,23.0259
"Deserts","Local_gov",70.3121,100.1641,90.0799,127.2402,109.2939,95.873,175.9058,42.9345,85.7409,81.1195,152.611,111.161,101.5165,98.9145,86.9206,78.1305,117.8987,49.7711,43.9216,85.8442,93.9982,83.6215,35.3901,26.9571,69.6547,62.4658,72.4868,120.6071,164.9297,26.4141,53.7295,52.533,73.9093,62.5187,76.7873,63.0755,55.279,32.7573,146.5801,122.4386,53.5713,95.5976,51.918,232.5164,132.6077,76.5071,37.2145,114.4773,109.6827,92.6544,41.6642,50.7926,87.7682,48.6593,83.4659,191.0121,54.8452,88.6447,51.1409,42.9123,62.5212,55.4215,52.5872,42.8537,47.2445,51.9354,77.513,107.0883,92.4106,40.1795,54.8993,109.0018,113.5271,118.7279,110.0467,102.9995,56.0226,39.8401,55.1445,57.4736,95.9085,31.314,114.1957,37.6182,48.1414,85.7941,54.689,63.6247,49.0176,62.1092,91.0689,106.4389,65.8151,50.8388,70.9324,40.7449,33.1704,108.6923,68.0633,107.6761
"Deserts","NPS",982.3836,1049.8738,1192.4006,1857.2024,1078.0585,1278.6254,1194.0943,640.3045,1313.2762,1159.8993,1681.2861,1109.664,869.2896,1218.8213,1414.2478,1386.6415,2063.2604,957.8442,802.5297,742.0327,943.439,1063.9264,647.57,462.7107,537.3443,753.7265,901.9138,1687.708,1621.3221,481.7449,464.7037,632.7411,999.8322,1119.2336,1063.4065,672.2313,510.1906,708.5694,2222.1,999.8574,781.2949,294.376,432.529,1589.1352,1494.4901,337.0165,487.7925,1065.9983,1186.8532,1160.2391,432.1567,580.7833,432.7292,555.2263,674.8211,754.5011,396.4595,426.1653,360.5152,470.136,768.0876,589.2156,533.9357,294.239,675.0577,424.8938,799.4477,443.6702,853.0988,630.3976,497.239,964.4787,882.9449,696.3932,999.7952,914.5493,641.4975,363.7419,413.4198,654.7456,786.9634,615.8485,389.9813,324.0238,562.5054,1250.1235,426.8875,428.0879,213.0986,1031.2761,630.6595,534.7536,554.0152,605.6419,574.9321,687.7941,607.7331,1073.5489,528.7296,1413.3119
"Deserts","Other_fed",52.2774,64.9484,43.9988,116.8866,69.8734,104.3937,78.6511,67.8079,103.2632,75.8791,123.2752,88.6794,89.0353,45.7088,76.6633,53.9108,85.6205,64.2831,56.0463,65.7833,71.7222,90.5004,55.9897,42.8356,29.2577,47.3312,106.8148,249.0792,148.4425,41.4626,29.8682,33.7639,61.6397,135.4605,94.9344,26.1859,54.0856,50.1556,203.8923,113.2513,45.017,87.2797,48.8965,601.9143,107.6457,91.0143,23.6208,71.0456,125.3987,150.0473,54.4342,94.7674,47.3879,60.0466,148.9344,526.3908,69.0844,137.8535,110.3777,64.3072,36.1756,94.5953,86.3221,154.6739,116.8962,65.2064,70.9028,124.3844,196.2152,82.7451,51.9378,123.1401,431.7987,112.0247,160.4271,88.877,73.4448,38.2626,56.415,54.0193,83.9038,48.3509,52.7794,57.9226,88.6543,94.1773,128.216,166.0481,39.6789,97.7521,143.4323,90.3627,116.6492,131.742,249.9994,38.2528,62.8342,148.4738,228.7356,120.9906
"Deserts","Private",1456.1528,1709.516,1549.9973,1964.8505,1558.4546,1588.2964,1990.2304,1801.0458,1639.4675,1388.6534,2375.7465,1462.1295,1429.6697,1379.8122,1673.4794,1362.5201,2078.0428,1672.7665,1342.3616,1363.5178,1571.7835,1577.4292,1225.0663,920.5315,1135.2954,1175.0447,1198.1946,1853.0094,2035.4623,979.53,1176.1808,1138.7301,1240.116,1278.9424,1456.742,1255.5813,1291.1708,1284.4162,1958.0307,1318.4724,1362.2333,1358.4449,1180.2631,2489.6331,1798.9318,1131.1052,1062.4792,1447.8775,1611.2421,1935.4823,930.2059,1482.8037,1186.2964,1391.6452,1329.1534,1932.8553,1288.3626,1373.4897,1120.6492,865.3782,939.7718,976.6454,1258.0101,1322.4691,1174.6804,1143.4143,1314.4793,1518.2502,1416.6358,1267.7324,1162.4285,1734.4899,1691.9175,1074.5493,1243.0706,1336.4743,1335.622,968.6155,1248.7082,1112.3079,1174.5029,1238.6026,1130.3624,1169.5874,1258.9693,1463.9177,1103.6244,1007.4057,885.2639,1362.9677,1541.652,1028.9468,1057.3971,1156.1267,1385.0491,1281.1182,1062.1344,1578.0993,1247.6159,1269.4277
"Deserts","State_gov",108.7865,88.5797,87.3032,210.4298,85.0235,143.9577,141.4093,80.3109,126.9308,145.6058,202.5973,128.6379,85.5805,81.4454,128.6409,154.0923,218.0577,110.1177,80.8361,78.785,105.3668,119.5142,98.1223,60.3068,47.143,70.8956,102.3768,200.8582,178.4544,60.8928,56.7286,65.7831,94.6231,126.0921,108.9347,83.0143,67.4723,95.1181,236.7337,96.8724,90.2502,45.7333,51.5321,233.5149,172.5114,64.9026,59.8814,119.2642,176.7303,134.0227,51.7104,85.1638,80.0029,64.1973,93.2688,154.3392,64.3202,67.3066,58.1996,51.0979,58.5567,64.526,68.3499,62.6984,67.6783,48.7707,105.0211,77.1557,136.224,75.7348,62.898,150.5057,107.4466,66.9191,105.1642,112.0817,72.6364,38.3268,58.6352,58.4346,83.7703,81.1719,47.4344,49.3488,71.777,142.1254,82.7439,75.1418,27.9188,109.7275,115.1214,78.7082,65.8067,63.5312,65.7943,64.4359,77.1188,142.1507,87.9259,127.5078
"Deserts","USFS_nonwild",201.2812,243.6696,239.003,177.3835,215.7877,142.843,230.7686,308.5323,199.1298,142.0371,206.0103,212.6629,206.9744,200.4073,225.3049,144.0007,182.6735,213.7191,157.6942,240.2272,163.8765,169.8124,156.1312,95.5551,172.2722,180.2599,157.2343,125.2182,210.1535,108.5739,123.5724,171.8676,162.4221,93.8263,184.8262,163.781,132.2585,127.265,153.3161,190.9001,185.5011,271.2248,116.0216,102.2141,192.354,143.5962,122.9349,203.5537,119.8698,207.2083,162.5654,170.5236,149.0159,127.1185,128.9399,75.8781,162.5727,180.0831,140.5005,115.9539,147.4745,91.2756,227.4359,170.0872,150.693,224.1446,138.8926,139.9571,138.3656,96.1165,125.4501,194.4236,122.8314,127.8031,72.9288,129.1714,196.7542,129.2579,152.4481,190.3088,216.1651,160.4003,205.9003,146.7866,98.989,142.1542,111.7115,137.4387,138.7439,155.9241,186.0389,158.9513,121.8874,158.5745,139.316,153.3603,112.8627,184.0534,132.2321,118.7048
"Eastside","BLM",4623.4276,3750.7802,4310.3822,3388.8158,3245.8101,3212.0882,2938.1755,3364.1632,3646.9073,2535.1431,2800.0976,2802.3989,4458.0526,3648.3933,2389.8041,1737.5616,2752.0682,3154.033,3618.1793,3825.7868,2414.6682,3426.6882,2633.0472,3954.6949,3812.4433,3549.9922,2466.1878,4521.3939,1821.6965,2837.9548,2488.4795,4056.1112,2933.0107,2108.9612,3806.1316,3166.4998,2400.4192,1409.2933,2933.0166,3755.2272,2326.7975,3396.7938,2602.3693,2253.9154,2000.9742,3707.3281,2226.4536,3278.6265,1786.2947,2282.6191,2731.2922,3305.3765,2442.488,3417.8683,1959.5063,1580.1642,2646.8016,3216.7713,2466.2017,1297.6199,1571.0038,1783.2915,2657.9592,2300.544,3019.6936,3220.6628,1830.1672,1765.3929,1757.6737,2935.7773,2465.1455,1790.5599,4693.9515,2380.2213,1337.536,2481.2604,2164.0765,1732.7978,2711.0442,2039.8012,1910.5824,1612.6741,3350.046,2844.7199,1111.4204,1622.3027,1116.001,2092.3085,1802.5089,1121.0063,1870.1705,2722.2848,2738.8244,1926.988,2383.8317,2806.7873,2860.2106,2295.5568,2493.985,2468.7607
"Eastside","DoD",24.4934,40.8046,30.7126,22.0247,27.9937,20.7812,11.5345,14.6647,15.6011,1.4567,23.366,30.2455,21.8399,19.3026,17.5873,13.2359,14.0144,12.3225,14.8011,25.011,23.4077,27.606,21.6369,41.9949,6.0352,12.7755,8.3892,40.7147,9.8085,17.3209,2.4551,30.3899,21.328,27.2918,20.8729,32.114,14.4312,4.5163,25.7621,8.0042,26.5783,22.3237,12.9262,15.053,20.0465,14.3654,30.1455,13.9576,5.8115,6.5871,9.0248,8.2884,7.4968,7.314,12.7296,23.2019,6.6965,8.109,4.9888,7.419,9.4329,14.5647,3.5182,11.5095,9.9491,9.4029,15.5621,9.7113,2.9761,31.7766,5.7226,13.7997,13.1414,19.3575,4.5205,19.3626,20.813,8.4554,8.6848,2.3769,2.2668,1.1081,12.8488,1.7613,6.9352,21.5721,1.8781,25.4096,6.7958,6.6503,1.5239,13.8489,13.0271,12.271,15.5786,1.2543,15.3668,25.7276,22.1276,23.1448
"Eastside","Easement",221.3206,218.4037,207.2434,179.3105,141.4587,199.6232,168.9744,166.2082,170.5326,137.4734,107.0565,122.7345,213.7721,233.2213,122.7197,101.4246,125.6703,187.8267,142.3323,199.9369,79.0462,164.2455,115.6739,192.6283,223.8435,194.0912,158.6682,181.8104,120.957,198.2292,138.881,164.0455,119.8737,123.234,217.3592,214.6332,131.1356,133.0629,169.5877,245.6779,120.161,179.2424,139.92,146.8382,101.9936,245.2982,120.4657,198.0436,109.5017,118.6344,170.0354,177.3866,210.2917,196.4297,110.856,187.7227,172.6996,185.2347,173.7224,107.8257,117.003,125.4972,161.38,130.0758,218.4537,184.6654,100.2586,126.7822,133.7917,141.3716,193.1454,103.2813,219.2919,133.5612,100.6156,123.4093,121.5357,137.2579,118.9881,114.0381,116.5727,127.7751,196.0183,220.8236,92.1599,129.1261,84.001,111.4613,133.15,76.2515,133.1236,184.4098,154.2864,144.7858,128.8725,207.1545,201.3168,132.5166,167.2091,144.09
"Eastside","Local_gov",153.8048,143.4933,117.7442,200.9005,143.625,84.9198,88.4809,110.3626,113.134,100.4364,138.0437,115.4424,118.7282,105.16,150.4205,136.171,132.4107,112.4769,122.9021,158.4493,147.061,135.1187,86.6845,72.4723,84.5801,93.7285,57.8489,112.5869,105.2372,65.8159,82.699,116.9335,162.3413,80.4346,150.3588,108.2122,46.5637,67.5342,113.8934,104.0302,86.8521,107.5994,52.784,72.1475,97.2756,68.7621,56.1472,68.7914,73.5536,101.244,232.7954,108.3188,78.23,88.8032,45.0127,72.362,72.1351,83.116,64.9411,65.9944,59.0034,90.3232,148.9187,46.9187,81.3452,95.8658,62.0876,45.2676,42.329,71.9339,57.033,67.7469,343.3217,93.9627,59.7479,91.5693,87.7768,44.1889,79.6096,134.6869,100.5378,93.9817,143.7898,64.742,42.0349,89.4482,100.3109,113.7246,37.4285,37.4913,71.3583,183.1552,120.6403,84.3609,67.3874,117.996,115.1857,83.1632,85.7503,70.1648
"Eastside","NPS",3.1183,1.594,2.9378,1.3487,1.2536,1.6037,1.9682,2.6405,1.3245,1.0768,0.9036,1.6576,2.6478,1.9985,0.9181,0.5535,1.5098,1.7951,1.138,1.5195,0.7219,0.8339,1.2669,2.8549,1.2149,1.2282,1.3354,1.3197,1.1464,1.4196,0.8794,1.5255,1.93,0.8085,2.5587,1.4808,0.7649,0.6038,1.1827,2.1753,0.3452,1.333,1.3966,0.9084,1.0901,1.8071,0.6111,2.0803,0.9241,1.1404,0.3452,2.1209,0.8927,1.8829,0.4657,0.4657,0.7316,0.5269,0.1684,0.8794,0.4427,0.284,1.4965,0.9696,1.2222,0.8903,0.5269,0.8085,0.5905,0.6111,0.8903,0.5112,0.7952,0.5656,0.45,0.645,0.2816,0.5342,0.8927,0.8085,0.5269,1.3608,1.4377,1.3221,0.3428,0.2683,0.9539,0.8315,0.734,0.1841,0.5269,0.7086,1.0035,0.8242,0.8951,1.1167,0.6244,1.2379,1.4353,0.5293
"Eastside","Other_fed",919.8003,727.1839,778.745,626.6825,490.7575,583.1859,798.3438,671.0768,577.8309,499.2133,403.5269,644.7922,690.3336,668.7914,441.8163,412.7987,475.4561,739.7615,723.4298,655.4686,403.253,496.3186,520.1537,644.8771,585.4359,664.1566,397.0035,681.0053,439.0674,401.6473,447.7589,590.6628,450.2404,318.8611,644.3428,510.0428,357.7225,272.7221,478.4229,805.284,330.5426,741.8715,418.9841,320.1414,354.2486,536.9721,314.6016,509.4395,385.0512,386.6027,1548.634,515.7469,498.6223,583.895,406.3406,300.2661,456.6198,335.6873,313.2147,326.3689,370.259,330.6871,552.4642,376.2506,431.0089,463.2099,322.8917,284.012,313.5368,385.258,407.1739,349.4283,4983.8683,358.3672,264.6285,501.9036,314.2002,299.9137,452.8583,299.2424,318.3972,323.5793,569.5462,455.6531,253.7782,234.4045,1751.7101,789.5762,236.121,180.3167,292.8598,972.458,566.8167,402.6352,309.3673,401.0053,444.6717,373.691,430.2411,396.2346
"Eastside","Private",5551.3829,4910.7032,5572.1312,3718.6477,3803.4096,4580.2419,4165.4599,4778.387,4364.0494,3378.8147,3121.3205,3603.0857,5715.2698,4874.3271,2703.9033,2274.8976,3651.4755,4159.9277,4089.2254,4676.5083,2366.0762,4002.2853,3615.844,5201.999,5027.8665,4776.4054,3475.8815,5513.7454,2562.2633,3975.1757,3433.9145,4491.6149,3154.1091,2265.6467,4817.5803,4841.3402,3011.8622,2294.8349,3916.3913,5406.4233,3063.9023,4476.3416,3511.8407,2958.3567,2437.3787,5568.4121,3048.4427,4320.1228,2215.294,2915.5705,3281.0806,3768.5393,3973.1506,4787.2538,2406.8641,2870.8836,3526.8585,3902.9193,3520.3567,1842.2537,2008.8269,2724.8226,3721.4612,3409.8815,4411.1837,4081.3667,2161.2506,2816.9248,2518.2498,4123.3538,3663.6967,2272.0002,4703.7512,3020.5803,2273.3844,3385.4414,2886.3032,3089.5186,3566.2063,2863.0834,2510.2141,2538.2242,4079.1218,4733.8669,1628.7951,2505.7619,1728.5249,2844.2954,2727.8222,1587.7598,2957.5642,3591.6841,3470.381,3322.6783,3280.0179,4067.2435,3931.0343,3072.6044,3693.5715,3383.4075
"Eastside","State_gov",395.4536,370.3858,294.9619,262.5572,313.9287,256.1973,255.3133,258.3507,270.6165,182.3803,238.7007,258.3453,321.0431,333.4874,272.5842,206.3863,241.5653,351.9184,308.8227,297.932,270.492,298.6294,165.4935,318.563,275.5421,290.9285,173.6814,317.956,180.3375,254.9194,207.723,361.023,192.7479,149.5764,295.1276,317.1346,174.1747,197.6278,240.4412,262.8878,252.7532,259.384,217.7423,130.5206,177.3589,286.5077,227.3032,245.026,167.8055,192.4223,264.6864,232.5627,223.2378,235.5236,172.7584,201.3418,239.3679,222.8164,236.9624,115.4129,143.374,168.4773,220.8589,250.0499,276.0869,305.1752,162.876,154.1601,157.1735,237.3656,188.1741,146.542,377.8652,225.6726,127.2455,224.3191,247.216,151.6939,232.6982,280.3528,186.8833,145.3182,341.698,221.0454,142.2533,191.0238,71.9191,230.6538,163.0636,134.404,154.7552,265.1931,229.551,193.6076,218.6417,269.9596,321.8724,224.9943,246.6065,211.3481
"Eastside","USFS_nonwild",7432.4023,6885.3513,6434.5448,5073.298,5121.4834,5217.8567,5260.9654,6370.6229,5009.0784,3797.7012,3835.2696,4297.8711,6893.6102,6330.9917,3982.1842,2869.8331,4243.6143,5399.7443,5439.1744,6229.8676,3554.2942,4803.8632,4248.9638,6273.7814,6374.6609,6065.5989,4168.1702,6481.2501,3728.4684,4978.6837,4301.4619,5086.2698,3739.9437,3131.4555,6129.9614,6013.8963,3895.9866,3066.1398,5078.5293,6825.2654,3605.664,5328.3393,4291.2143,3796.7906,3217.0169,5906.9354,3363.3638,5005.0352,2787.7371,3613.2578,4328.8698,5500.396,4701.474,6047.3875,3166.2634,3170.3524,4477.0792,4288.1574,3685.6281,2682.0555,2703.8255,3505.9702,4950.2196,3802.3626,5861.0742,5281.162,2899.3218,2638.177,3148.0043,4919.0912,4518.5874,2922.7329,6524.7919,3802.9048,2774.8089,4030.3989,3607.8323,3392.2033,4225.9107,3767.288,3183.5855,3056.0678,5278.8042,5060.1018,2051.2233,3007.8968,1925.601,3626.7879,3182.5619,1966.895,3027.4585,4691.7057,4482.3206,4036.9449,3771.0198,4808.7538,5177.2754,3820.6741,4254.9165,4145.7527
"Klamath","BLM",1708.3929,1669.3182,2121.8173,1408.87,697.6958,1705.648,1451.7282,2065.3966,1378.8149,1243.2729,856.8007,1193.1895,1780.4354,1718.4592,1211.5354,1285.669,1141.9967,1963.3957,1125.7567,1588.4848,627.1457,607.5479,1864.6519,2568.2327,1515.0937,1483.0671,1143.7216,880.7899,1569.8167,1608.7741,1714.0899,1851.6433,960.0528,678.1823,1971.4048,2129.2165,1247.6467,1264.3187,800.8738,2012.3683,1146.6372,1256.2211,1529.4374,915.5123,1054.5435,2453.6296,2865.7927,1711.2146,718.3724,1005.3935,2227.0381,2222.3267,2150.702,2472.9786,678.8788,1990.6176,1597.8914,2261.2423,5308.2558,1351.1877,407.4544,1639.7945,3232.9264,1879.5951,2145.5634,1253.0195,1039.2069,2627.2363,1341.248,2687.845,1296.9797,1349.1878,2766.0537,1033.8794,1529.4066,1622.979,1712.7534,2769.0764,1065.9201,1762.7473,1708.444,1897.0437,1755.9309,5924.6768,1134.4773,1670.6873,3004.3929,1597.1122,1676.6377,822.8282,1465.5885,2063.1117,1253.5532,3020.9844,1604.8818,1863.3699,1902.599,1653.7636,2280.9697,2588.1715
"Klamath","DoD",30.1686,49.5898,52.3101,32.0117,17.4516,33.7032,37.7749,47.488,26.5497,23.9049,18.1732,23.5749,53.0409,50.6171,28.1824,30.2846,14.3127,56.1258,36.7394,46.7084,22.5857,24.9332,51.9964,92.7641,25.0272,36.9808,22.5298,16.915,17.7204,30.0751,29.4497,55.3817,29.6976,22.3377,41.9521,53.7783,29.5716,13.8469,11.1981,50.935,27.4245,41.1739,24.1403,20.9559,22.4231,48.0213,78.696,50.1811,12.471,23.6234,52.9369,65.2764,34.5661,49.4582,19.3198,33.6233,38.3519,41.1819,98.6375,32.2444,13.7303,43.864,82.9902,49.8106,61.9065,25.4188,29.9345,45.2658,25.0918,52.1485,21.4659,20.0401,44.3941,21.8376,29.1752,45.9391,28.0222,61.4884,15.5128,32.69,31.0803,25.2432,50.278,107.5799,25.6975,31.7181,60.9119,36.7683,25.2491,12.3124,27.0142,31.6961,31.7487,56.8179,16.2964,35.8951,48.6959,69.5371,54.6924,40.3225
"Klamath","Easement",499.5443,359.0176,567.8684,388.1829,185.1777,499.5091,374.3186,638.7613,315.9623,331.902,199.4854,299.6844,438.4029,471.8794,340.8686,333.1579,348.1719,520.8245,293.2406,432.2582,143.6012,159.56,437.9971,635.6563,351.8069,353.248,258.0422,191.3609,420.2977,386.0401,345.8239,442.2675,239.4136,174.8078,528.9466,552.508,280.9494,318.498,225.5623,613.471,277.5241,331.5012,383.3306,219.5801,233.0565,652.2356,708.1727,442.8189,180.4754,236.7111,535.3973,521.1608,564.6768,607.9545,173.0669,484.2504,371.7227,484.0781,1383.3963,379.3718,113.0761,379.8564,752.8028,425.6107,610.705,323.6469,294.9571,790.7583,297.972,728.3416,281.2284,306.359,820.5256,231.3126,379.9661,385.3447,392.6269,755.3363,247.9238,430.995,429.7288,504.4079,428.8846,1796.9895,262.2018,474.4318,919.034,377.2569,419.5621,220.1052,347.807,348.6179,325.4672,615.6893,344.4264,469.4796,506.4625,418.5862,615.7537,577.1658
"Klamath","Local_gov",40.3061,53.8745,50.2635,36.8277,25.2107,28.0308,49.3594,43.7622,34.4277,28.8568,22.3229,32.6035,50.3337,44.129,27.9366,36.0931,34.2781,56.3581,32.2803,42.0611,26.4374,16.4952,38.0227,63.9064,34.3901,38.3862,40.4406,20.871,35.8418,42.1233,31.4833,46.3141,33.2814,25.6702,40.0318,48.2834,29.3955,18.4468,21.7318,55.1368,30.353,40.4983,36.296,25.0017,31.4052,59.2645,43.9677,47.2591,20.9444,29.6904,53.4903,53.7915,43.0475,43.1122,22.2224,42.4882,47.2551,48.4216,78.3945,43.7866,12.6513,37.1785,54.9936,45.738,56.9105,30.6551,30.3138,40.097,35.1709,47.7894,26.7016,26.4294,47.7033,25.456,29.6191,45.8743,44.7729,45.2196,28.7049,37.2688,35.1385,38.5737,51.2441,69.9222,28.6714,38.951,49.6914,35.6034,42.1706,23.8315,42.8088,35.9136,33.4597,47.7033,36.408,53.6936,49.2892,49.089,41.5338,48.9961
"Klamath","NPS",65.7506,55.6088,120.36,56.9904,3.1656,131.8422,52.7066,143.3866,78.3663,46.7277,3.5967,45.668,85.149,63.4229,44.4071,58.359,29.6635,72.0043,56.5703,108.7885,12.7556,15.338,129.6449,230.4191,75.6159,89.1138,20.2318,19.4034,159.0497,103.3472,123.0653,149.3951,13.1449,5.3079,186.9129,262.7452,57.9943,67.3265,8.171,116.0825,46.3438,42.4779,56.1609,25.9081,28.9621,175.9909,364.3911,94.8304,14.3158,34.1797,188.4658,228.4683,129.591,310.4064,31.7321,188.7101,73.8269,276.8782,1494.4544,22.3594,3.438,75.6881,771.7853,128.7605,88.5397,37.2454,33.8884,294.9386,60.2037,271.0215,89.973,86.8184,266.2069,37.5759,116.4969,170.8193,72.19,350.8709,36.0849,99.9967,88.122,172.4222,91.7107,1027.8732,96.5361,58.9788,475.5186,116.3377,68.3384,25.8448,67.8446,191.7019,64.2378,631.4789,104.2639,176.6367,47.9018,67.678,284.928,564.0895
"Klamath","Other_fed",7246.2744,4268.584,8897.7349,5108.7169,3814.045,10481.1209,5272.1248,8380.4059,4448.1389,4628.8734,4207.5399,7351.602,8046.4617,8181.8696,3765.051,5208.6863,3893.5156,9208.7317,4618.8626,6384.0138,2597.5979,4663.1504,9349.7002,6801.3556,5854.1185,7277.5617,5234.3317,5278.645,7522.1703,4983.9836,6230.7997,7240.3848,4315.8616,3657.062,8551.9649,9064.5142,4375.0144,6068.568,5383.456,13984.0031,4186.9778,4937.158,7264.5098,5763.7859,5196.3326,12252.1468,7407.514,5927.5151,3709.8602,4981.6576,10512.9093,6258.6454,9863.7688,10379.3157,3505.3832,7413.0018,6903.9321,6336.4742,12566.9008,4813.0917,3690.2778,7945.6287,7545.163,4893.7285,7719.1651,5439.8513,4749.7622,12723.0448,4066.265,14117.0268,6289.1307,7016.9633,12369.1654,5068.3643,5767.8379,5534.0803,6243.3492,13242.5422,4952.4986,7201.3495,7353.1951,7953.8027,7196.9878,29899.8761,3619.2441,8203.9934,10560.4006,3201.0449,9885.7436,4321.0315,6392.499,7210.0802,4424.8304,8114.09,7265.4516,5709.8628,8116.4303,6215.3353,11725.2969,9707.8134
"Klamath","Private",17319.4556,14323.1873,21768.0674,13633.1463,6400.4922,19404.9097,14448.4575,21130.0185,13179.0498,12300.3243,7812.6352,11531.2563,18240.8573,17311.7948,10818.5615,11520.4677,10442.8413,19575.1065,11717.5984,16315.4922,5905.654,7374.5901,19572.317,24168.2223,14054.6849,14842.2947,10339.4474,9378.4922,16927.3274,15324.4385,14233.4046,17571.4487,8483.4503,6164.7077,19681.4514,22017.0658,10885.3168,12528.3726,8222.6246,24266.1386,10389.2038,12061.8611,15617.2988,9162.4384,9999.8267,27720.4256,28353.5222,16962.9862,6590.1056,9357.8939,23736.9034,20368.1971,21020.6641,24465.3507,6147.7227,19240.667,16133.1515,21603.1181,52597.2963,12757.2492,4691.8253,16075.3859,28978.1281,16556.6174,20794.1413,11418.8698,10599.3841,30547.6548,11830.001,31101.5485,13077.7454,14042.5014,34019.3769,10030.7314,14679.5044,16826.932,15281.2153,30531.0011,10070.5274,16868.954,17153.1189,18262.6196,17688.8046,73639.301,10889.4542,17273.6802,34727.5225,14456.3816,18128.2042,8480.4211,13738.0665,17414.721,11188.8579,28518.4216,14414.3298,17013.2584,17875.9343,15212.8891,23972.1854,25239.0041
"Klamath","State_gov",244.245,206.2685,292.4015,178.7339,97.2391,234.8255,204.6072,291.201,180.693,176.0785,126.1361,183.639,259.8193,245.1059,162.063,185.8188,175.0415,292.512,187.2693,225.3115,113.0163,87.9808,250.3977,376.9815,196.6081,205.8248,148.6228,130.3544,214.6559,219.5064,220.9518,249.4888,150.5717,98.2561,241.6554,273.0597,170.5967,164.204,121.3597,286.682,156.8631,202.5519,223.1257,118.683,168.4747,342.8116,376.314,223.7283,110.61,169.3446,290.9898,300.4249,239.4367,320.0066,101.8651,270.2591,244.2084,311.7875,669.1754,207.3204,62.6507,206.0175,377.8399,255.9112,302.8136,154.7542,158.4334,377.3776,174.1408,386.6577,153.8276,153.6643,378.033,138.3661,209.7941,236.1287,222.0035,373.134,164.0249,229.942,229.1451,216.4167,260.2075,789.4377,146.9338,243.6748,369.5277,196.1985,219.0837,119.2437,197.5952,250.0047,176.0398,381.7535,223.3032,224.1745,251.5007,222.2526,324.8074,321.6399
"Klamath","USFS_nonwild",16548.9688,11155.2772,21780.9625,13355.2051,6112.6662,20763.7835,12096.2812,18542.0189,11091.6666,11122.6146,7672.2946,13883.9021,17150.9794,18326.9156,9189.6089,10795.0598,8735.457,18631.364,12118.7391,15277.2464,4208.3752,7504.579,20400.7353,19483.246,13532.0726,13959.2865,10255.7948,10628.096,19364.0737,13141.6587,13874.8576,15456.0518,8191.3771,6945.9611,19477.3394,21712.9979,10010.8981,13816.4238,9636.4353,28205.6719,9259.6909,10761.3612,14084.1174,10356.3524,9536.0036,30543.9774,24210.9244,14711.3225,6010.8047,9687.4158,24857.3271,17336.7982,20769.2091,24171.6477,6017.2498,17825.3369,16666.086,19753.397,48630.4996,10700.9673,5795.1049,18329.901,22277.003,13840.7406,17126.7369,12106.6198,9938.9367,35482.4143,9925.8039,37842.3071,13769.9325,16473.3402,36632.5629,11114.657,15139.4249,14560.5173,14386.7871,30696.0608,10830.6436,16679.7975,17552.1737,17506.9591,15530.4346,85765.6151,8766.7583,18215.9932,32650.3147,10210.4878,22011.4186,9781.129,13374.4053,19148.5472,11198.7758,26184.0841,16093.9687,14017.4621,17061.4069,12280.6128,29787.8928,26848.3074
"North_Coast","BLM",159.2409,86.2437,359.3783,255.3187,58.9448,291.44,211.1933,302.9837,125.5004,133.4745,58.3565,198.2938,185.9985,212.9236,132.8182,198.1964,40.7853,244.6193,255.9794,293.1002,8.9293,99.671,326.68,476.8956,384.0504,192.5885,72.8513,51.9744,324.3654,206.6249,243.5769,334.3385,33.5411,33.6804,463.6424,376.2212,139.4256,184.9271,125.2509,357.818,126.3567,172.6456,380.0453,73.4259,63.6093,528.3197,875.4789,274.5786,62.4579,61.5952,640.5321,641.5288,294.1942,463.3388,18.6695,395.2247,243.2186,296.6129,846.2811,131.6294,17.293,162.5746,458.3447,353.3973,302.0538,118.5035,80.9773,852.5434,82.8294,1411.4337,125.3508,284.5048,516.2176,100.2658,636.067,275.2954,119.8647,1133.6775,91.3863,247.701,394.474,456.0851,189.9588,2761.0646,206.3175,326.5632,681.864,82.4053,260.0188,137.7747,135.9369,282.3942,196.4399,486.9072,357.5975,53.199,192.0683,120.8648,577.7472,563.5082
"North_Coast","DoD",7.7944,18.5578,17.8569,9.5022,4.901,11.3886,13.1763,20.6359,16.3028,4.5123,0.3664,5.968,21.4384,11.2038,8.6724,15.3035,3.7658,19.1621,17.8428,18.2753,4.4114,3.149,25.0103,52.0599,11.5004,19.2399,6.444,0.6275,12.1476,8.85,11.6938,33.8769,8.8281,1.3633,23.1409,21.8157,8.7844,3.5465,0.545,10.8635,7.3793,7.1754,11.1868,3.4713,8.3112,16.3257,51.9231,12.6347,4.9964,3.3119,30.3759,29.7191,12.9348,19.9477,0.7798,21.6826,20.1495,11.0992,65.2133,19.587,0.1512,15.9534,54.4499,26.514,27.2078,11.2119,16.7127,25.8049,15.3859,24.9414,7.1056,6.3262,23.2188,8.6993,13.8422,20.7375,13.7755,53.0583,1.6209,7.7094,8.8454,18.4471,21.4865,53.2295,13.7744,14.8483,41.09,20.6517,16.318,7.5669,12.9101,12.7783,18.3848,33.7653,9.2563,19.3669,16.5051,35.3146,33.5084,24.498
"North_Coast","Easement",576.6228,496.8013,842.3974,518.6793,212.0887,452.0352,669.0603,818.6295,472.588,295.4144,145.244,333.6973,606.1087,501.44,240.2243,427.1485,340.5332,739.7775,454.9999,607.2165,141.3715,192.2166,767.5657,1453.29,593.2049,529.6187,254.9957,159.2622,494.134,473.0758,469.3532,803.7139,174.1959,183.9404,991.503,873.6366,385.8657,315.1853,170.8282,690.4322,408.1754,459.4388,811.096,215.5827,203.6167,1197.8932,1979.7223,632.9213,189.3908,209.516,1028.7155,1378.214,709.7142,1077.9312,179.3883,833.8328,565.7817,648.3896,2147.4241,576.873,70.647,446.7204,1805.8397,746.796,1128.261,336.1891,365.4848,1327.8852,357.2524,1835.465,344.4411,460.7841,1020.1689,264.2716,813.7179,723.9328,595.4806,2336.3448,258.2752,585.6211,665.6742,980.2402,652.5668,5069.9687,465.7993,672.2077,1369.5104,482.0427,550.9142,297.712,354.3343,596.3817,470.7832,1253.4052,540.7929,656.739,659.2009,791.6823,1376.827,991.7521
"North_Coast","Local_gov",126.9465,135.1259,116.36,89.8563,39.8879,52.3712,119.1379,121.9211,109.8157,54.044,32.112,51.011,129.3397,86.433,56.6409,58.9317,71.8369,154.8507,64.3695,116.2805,36.778,25.9672,140.3375,252.259,83.6055,92.9475,50.3042,61.8574,59.1253,86.6595,73.1971,112.6763,64.9379,66.8317,102.1241,118.1432,68.7668,36.08,25.2299,118.1165,72.9875,94.4022,106.0744,58.3405,49.4706,181.7872,156.2201,142.115,34.0998,37.9199,150.3306,167.4301,103.2439,113.4119,57.1783,130.5531,101.6013,89.4654,257.6382,147.034,20.3724,91.749,181.2057,130.8393,195.9982,62.4198,64.0345,134.5824,81.4364,157.9163,51.8561,92.1373,133.9315,48.715,80.2036,123.2042,119.985,219.6055,51.788,106.9247,105.1231,160.046,114.4289,320.2788,77.7659,109.6049,209.9735,104.2711,93.9748,39.8187,82.9969,91.4536,85.4842,171.1469,123.2664,135.2169,105.9146,134.85,162.2807,146.9422
"North_Coast","NPS",179.339,248.3887,250.9586,196.8481,57.0726,187.6931,167.4603,288.5881,144.4582,127.6493,51.1864,170.9241,240.6347,207.8894,83.5739,76.2204,73.7224,266.5697,281.0688,248.3521,45.1306,145.6268,389.0846,760.5509,185.2263,151.9832,99.9786,73.2702,306.2773,119.6484,217.7742,277.3345,98.3308,86.7867,333.3152,345.0073,118.4157,97.1071,150.6749,368.5341,83.4013,178.5458,142.3686,165.9771,83.9671,531.1195,852.4885,241.2075,45.4185,37.8535,502.8318,583.6985,223.3604,277.9015,41.4344,255.2487,457.1745,430.2056,382.6179,208.0419,71.9751,317.5065,351.0137,287.0607,302.4753,138.7754,68.0009,1572.0572,136.7315,1662.5947,66.7285,180.811,543.4566,138.18,680.3223,318.0037,157.5645,713.1824,222.7722,246.5149,261.6955,274.3608,176.6652,2341.9385,128.8266,290.6338,771.2652,148.254,369.455,65.8797,159.0521,261.6843,278.3861,481.5517,500.8359,169.1561,137.8292,318.8469,610.9992,452.907
"North_Coast","Other_fed",35.0741,38.5135,62.9869,31.9638,12.561,53.6003,35.705,37.7722,23.7974,27.149,23.5041,51.2481,37.9047,46.3883,28.815,37.0695,25.5437,56.093,56.418,46.644,11.4859,26.3721,53.8021,80.1209,43.1009,43.732,22.1454,26.2566,53.6377,41.894,44.565,52.4244,24.6982,26.7143,62.1787,55.6488,31.5754,34.1585,41.1458,54.409,27.8716,35.7295,40.7577,45.111,16.2013,89.0907,85.6876,41.4121,17.1574,20.1817,76.2101,65.032,48.13,58.4297,19.9826,55.1778,58.4526,54.2895,85.0238,31.721,21.9107,49.9992,57.0604,32.7308,41.3908,23.2646,32.5481,181.2136,20.937,153.2829,26.1519,60.4234,67.9163,25.0148,73.2565,48.6226,24.6951,79.9717,24.8963,40.5228,54.6539,49.3666,32.4695,245.1436,14.8195,50.7997,56.4139,15.1915,55.615,26.7844,31.5673,39.4579,36.9008,52.2346,53.2277,17.4186,31.0682,32.9651,102.6267,51.6879
"North_Coast","Private",5361.5573,4811.2714,9807.7225,6508.0349,2332.7423,7056.0492,6668.769,7438.6476,4430.4729,3358.892,2006.6766,5499.8592,6882.5464,5711.9822,3532.2989,5161.1245,2582.6252,8294.1042,6404.0131,7232.6483,1119.286,3359.9946,7852.0793,15052.3691,7059.9652,5307.8036,3198.8261,2446.7074,7463.5634,5899.0395,6106.5142,9129.7573,2258.5112,2532.7879,10813.5002,9401.1691,4514.9051,4671.4655,2976.9762,8387.2152,4491.2844,5567.8491,8238.7416,3976.076,2551.7473,15067.8111,19590.713,6651.0407,2303.0014,2563.9731,12953.5621,12991.8402,8100.1305,9997.4578,2023.1629,9914.3344,7423.7479,8125.663,21900.0997,5378.7381,1773.7557,6213.7579,15077.5149,6636.0175,9201.4124,4524.2405,3984.2148,20302.5161,3129.3149,25808.04,4020.9234,6072.1752,12780.0719,3604.0294,10836.4718,6793.9528,4688.5486,19828.2871,3584.2235,6945.277,8032.395,9905.7626,5468.7603,52158.3885,4127.6131,7687.2184,13399.4161,3951.9967,7638.2748,3911.7719,4331.4522,7772.524,5002.5092,13042.6111,6916.1568,4595.7032,6073.5544,6366.1892,16216.9518,10739.8339
"North_Coast","State_gov",517.8473,393.3599,815.5787,410.2942,152.8055,525.5186,381.3799,523.288,465.3429,193.3338,132.9219,641.2128,465.4743,451.2526,314.9912,407.8161,173.3491,665.2501,1164.1747,558.7011,65.5943,235.5985,535.5662,2224.3118,513.0504,432.7752,237.8496,179.2847,764.4494,389.9664,451.3647,612.4251,310.8562,246.4863,828.7474,687.7725,374.7506,344.9611,270.915,700.4817,292.4402,432.0196,538.3075,354.611,183.2913,1929.4781,1905.8485,443.9025,266.8524,147.7102,1047.2954,1051.6586,634.5784,840.2028,218.8981,698.6797,1409.9757,587.282,1718.7586,386.0369,274.3647,886.7858,1005.6751,572.8384,601.9988,379.1076,326.4471,2363.1787,307.8856,2650.4179,242.3327,580.5293,966.0549,266.9367,1969.7296,571.6449,616.6136,1494.9955,1217.4136,624.4933,620.3669,690.8739,412.2462,5370.2862,311.2011,569.7884,1025.6868,350.8266,1002.851,245.9143,407.0823,474.6828,917.3513,929.5302,570.1515,472.9855,446.026,462.5789,2720.8147,898.3389
"North_Coast","USFS_nonwild",56.1552,35.8472,81.9439,58.7932,33.4148,73.5436,49.1156,45.7227,23.5772,33.1499,40.2609,85.3999,86.9908,60.4337,27.5549,43.476,32.062,75.9781,119.3093,63.383,11.0793,60.0986,54.2894,187.0332,56.3221,49.8694,40.5849,41.4102,83.0986,47.1508,47.9518,58.2334,31.8826,36.9547,92.9658,74.6447,34.4348,52.4677,43.1412,91.2371,50.9867,58.1832,51.6836,68.9752,33.175,185.2745,94.7907,38.5088,29.6963,44.0036,84.9666,57.147,47.1565,60.4948,32.025,79.1348,114.6529,53.3781,74.1345,36.706,47.8409,88.2758,64.6088,39.6689,43.1799,36.7636,60.3799,210.7231,23.545,209.1251,41.3634,65.5127,67.6877,37.1159,132.1713,55.5814,41.9105,99.2028,75.2746,57.3412,64.8455,53.5711,37.83,211.3506,15.7395,59.1614,60.4756,24.5438,90.4671,40.2782,38.8696,60.1059,68.9418,64.3984,65.9128,20.4408,43.3388,43.9116,185.7412,52.7746
"Sierra_Cascades","BLM",2319.6143,2722.4689,3154.5162,1849.1923,1577.153,1626.2637,2711.7938,2967.1339,2261.2868,1905.7235,1575.9337,1670.8789,2564.4452,2267.3857,1906.6972,1589.243,1997.9218,2838.7821,2013.1471,2341.2731,1606.7949,1543.5601,2101.3984,2949.1399,2231.8037,2258.5461,1732.2928,1754.0199,2567.7256,2219.0497,2229.7291,2541.3481,1747.8114,1120.778,2841.3433,3186.1824,1728.8779,1453.1601,1658.8935,2486.1508,1959.862,2586.1874,2320.2377,1226.2847,1622.0845,3294.9603,2769.9898,2216.041,1499.6093,1997.9229,3201.1932,2709.631,2676.424,2592.1335,1710.4403,2030.1194,2521.0309,2811.6342,5088.3827,1361.391,1379.8367,2076.5802,3319.7994,3014.3785,2858.4586,2308.1218,1637.5313,2867.7856,1921.8907,2454.7588,1782.9978,1982.9776,3255.4092,1603.1853,1717.397,2434.7902,2817.7325,2941.2675,2024.5113,2598.9999,1923.824,2535.1334,2687.1435,5005.0939,1670.2031,2322.1865,2895.362,2487.7709,2012.3205,1555.8279,2603.0862,2600.8454,2086.3021,3580.8615,2105.8945,3013.0229,2273.816,2370.0912,2456.1768,2196.0086
"Sierra_Cascades","DoD",40.1387,42.2204,45.9232,25.3877,22.0121,23.3014,34.1765,49.4971,29.6347,27.5759,34.2172,23.0667,37.6249,33.9741,28.7637,21.7223,31.1796,49.7651,30.5482,32.6979,26.8189,29.2684,28.1394,42.5779,38.9275,34.3364,40.3276,19.8122,34.6816,29.4423,31.528,37.2379,29.4219,14.6259,33.0388,36.0534,24.7478,26.9332,26.7613,36.0266,29.5211,34.5193,30.8316,23.0411,24.4973,46.5256,50.1265,31.7773,31.0041,33.4287,47.7022,38.0924,40.0102,33.2502,20.2955,33.4286,33.372,43.9379,78.3768,28.6916,19.6106,29.8336,58.5915,33.8695,35.257,35.3743,19.8478,36.6253,34.706,33.1284,28.0944,27.0876,55.1526,16.4305,28.658,33.9148,37.855,40.6909,24.8754,33.3528,21.4882,26.8539,44.0095,85.2881,26.7366,32.2172,40.0926,29.4776,28.0073,22.3366,38.6019,41.6333,24.8316,55.8483,31.1434,39.5433,33.0982,28.7768,42.4684,37.8089
"Sierra_Cascades","Easement",1224.5484,1228.4964,1527.0989,839.7428,611.5436,1067.4579,1076.234,1806.2601,1028.7931,856.8306,590.5734,705.5894,1319.8486,1139.6902,733.9735,767.133,755.5099,1622.9109,797.1598,959.2391,675.6343,567.0367,1346.3704,1412.0488,955.2916,1022.4697,632.6123,675.1927,1220.9133,973.231,1062.3752,1140.5378,674.8364,475.0929,1313.3773,1718.6753,817.8918,717.0158,610.631,1856.1834,763.7,950.874,972.1654,518.2601,779.7487,2126.9518,1786.1605,1133.768,604.7411,972.7509,1632.9851,1206.8099,1558.6123,1639.4926,653.2393,1098.7217,1108.2201,1465.2435,3981.6874,632.917,467.7006,945.0187,1862.684,1310.7383,1306.6158,1012.419,528.267,1943.1077,1009.996,1704.1068,920.756,1060.4977,2278.4526,646.9886,779.0007,1295.3562,1230.2519,2042.9179,830.3573,1395.5172,930.3625,1336.1721,1523.6651,4605.675,814.4438,1269.1669,2798.9254,1108.2762,1245.624,652.9603,1138.3079,1150.9903,920.4814,2060.0327,917.2406,1765.9731,1199.8996,1109.2631,1272.0403,1336.8495
"Sierra_Cascades","Local_gov",120.3195,155.2284,170.5686,91.0161,73.2431,75.6937,128.7356,182.4119,122.0927,97.9034,68.0892,68.6308,124.246,128.7027,83.1585,70.3062,82.0521,159.9494,98.1845,125.5223,66.5129,61.7048,120.516,215.7501,135.9028,138.8095,73.4964,61.7919,152.0206,131.7886,135.1149,138.4223,81.2907,56.2154,167.0224,198.7357,88.6769,73.7356,58.0664,145.9562,100.9636,145.7676,143.3296,54.89,86.0022,214.5664,215.7438,135.8839,66.8045,120.1274,243.1633,157.7221,148.5864,149.6563,68.572,138.8841,166.6767,188.8875,434.4393,76.9838,65.7606,106.8216,275.0205,200.0855,177.2937,142.8968,86.0659,200.0508,95.6777,146.3919,88.6668,95.2199,270.3647,70.8986,102.0237,146.7204,184.4974,246.8105,108.3401,173.8956,108.1508,149.45,180.1222,490.0523,96.5523,129.9303,251.159,145.7993,115.5078,91.1456,163.3521,176.7837,121.2565,307.3038,113.7034,194.7485,155.8599,144.5995,172.9622,127.1782
"Sierra_Cascades","NPS",3702.509,3808.0047,3691.6167,2285.0704,2041.9157,2274.8828,5215.608,3947.0552,2843.7609,2353.4195,1919.8974,2477.7949,3897.0773,2998.3097,2163.313,1360.7745,2769.1655,5175.1938,2363.8424,3854.8276,2232.4642,2055.6737,3705.4086,4251.2211,3440.7405,3456.7909,2254.068,2223.5011,3471.1805,4075.7097,3570.5137,3884.1539,2133.8162,1442.8921,7252.134,4804.3608,2046.8383,1951.8159,1956.3213,5290.9792,3120.9672,4542.7955,4970.3639,754.1919,2215.3878,8908.0649,2688.3716,3548.0887,2019.0893,2966.4152,6729.1838,4925.5999,4696.9726,5266.725,1874.0525,2299.7247,3934.6753,4531.7259,7485.3571,1155.1068,1704.1968,2396.6162,7836.9064,5451.3364,5059.811,3974.9133,1906.9497,7018.3536,2311.3634,4763.1343,1955.5032,3557.9685,9479.9924,2654.2766,2685.2247,3815.4621,6639.3599,4435.7164,3316.7408,7045.2852,3469.5115,4902.991,13443.7355,8427.3699,1689.4928,6213.6139,4072.1599,5054.4177,3155.0957,2107.8935,4492.98,10420.4805,5958.012,6103.675,3191.9078,5709.6502,5376.7912,5144.4832,5068.2894,3080.1051
"Sierra_Cascades","Other_fed",4939.144,4748.603,4675.326,2939.3042,2735.0161,3216.8254,5125.294,4785.4522,2988.0481,3414.2712,2519.8236,3578.7302,4919.8451,4527.2605,2856.3407,2221.9564,3746.0198,5762.0547,3737.8332,4234.9771,2670.4628,2698.3233,3747.7057,4656.5404,4084.5879,3839.29,2979.462,3044.6346,4653.7672,3833.789,4927.1838,4872.5893,2453.1658,1867.3897,6959.2927,6109.4838,2900.1545,2652.0066,2739.4087,6369.6436,3398.3053,6208.8729,4651.3263,1201.8661,2991.9547,9239.2111,3588.6991,4192.1041,2600.4309,4050.579,8150.0142,5190.29,5155.0166,5858.5616,2385.1917,3464.7006,4363.7594,5757.5073,11872.0775,1663.2112,2521.6644,3250.0485,8616.2455,5593.2392,5873.4734,4299.667,2233.3402,8498.2529,3131.5849,5872.5378,2295.629,4087.024,12338.7148,2908.724,3148.4913,5426.6509,6682.5609,5186.9807,4040.3382,9291.4873,4047.766,4720.864,15628.2789,11750.6019,2079.3089,6020.1793,4650.8268,6148.0354,4226.4727,2593.7141,5071.7593,11061.1259,6879.4117,6774.0899,3411.2944,6329.9256,6702.261,5966.4827,5471.5464,3586.0877
"Sierra_Cascades","Private",25521.7827,26516.5208,34522.9757,14793.4782,10637.0281,20104.3281,25255.7716,37639.8018,23850.8582,21710.1305,12018.607,12498.1906,29174.0584,24172.5701,11562.9344,12533.6794,18639.6324,30683.1326,17274.0106,23005.3054,10560.6521,11584.4606,27003.5241,37108.7877,25966.4981,22778.3903,13642.9748,13070.7806,29577.7665,23093.4563,24107.5501,25476.076,12394.1292,7657.974,32059.2007,43894.9994,16948.8569,16571.5202,12258.6203,35994.9199,16682.2893,22691.675,25346.4373,8385.8624,14852.5474,54036.5776,35341.9006,25904.5486,12413.5617,17961.6977,44620.9774,28875.7125,32259.475,34972.5261,12341.0167,27388.0324,27375.5251,38020.5634,96910.6502,10450.2339,8251.0009,21778.6783,45633.3247,36343.7539,34329.1832,23650.479,12476.1994,50407.4278,20712.1317,35729.2199,14670.5914,26263.1075,63993.0803,16066.6669,18542.2204,28425.0736,31461.4066,47903.2369,17944.7147,36183.3819,21368.8642,32661.421,38486.5881,116695.2792,14531.786,29765.6506,59737.2985,31167.161,26915.4576,17383.2804,28159.1784,33176.6394,21804.75,55386.4803,21985.9335,42515.628,29743.9811,28892.0982,29994.9036,29752.6281
"Sierra_Cascades","State_gov",704.0109,805.4205,986.1096,411.9207,274.4915,572.9301,671.3096,949.0829,605.3256,481.9888,307.3993,331.6786,925.4769,649.3549,301.9417,412.6489,471.2637,1009.8749,488.2506,631.906,273.3772,336.8089,806.6191,915.8257,670.7105,663.0301,382.7693,396.7749,671.3185,595.221,689.9993,704.3254,328.9136,189.5014,849.3944,1123.7289,530.5003,397.3425,324.9496,943.7791,444.8424,575.838,752.2321,267.6599,383.61,1387.8594,1118.7204,689.7505,310.5147,492.2705,1163.7265,876.4739,899.7231,948.5464,342.7031,735.0183,848.3176,1086.5988,2430.9446,351.777,193.2808,601.7005,1402.2133,947.5424,862.5359,674.9675,317.8875,1169.0681,607.9196,850.1352,433.8766,657.0694,1349.7904,368.8592,571.4086,821.0527,828.37,1311.6236,501.8572,893.5389,526.6154,882.0946,1050.0851,3224.8837,493.95,767.9734,1505.0165,824.1365,773.0547,432.6981,722.2393,810.1794,640.9247,1548.9218,572.3565,1065.0913,856.1475,767.273,976.388,744.6983
"Sierra_Cascades","USFS_nonwild",26251.6685,28345.0877,35842.0678,14757.2959,10998.7514,21191.2727,28190.9325,36609.7349,24850.9708,22595.031,12043.8941,14854.372,31529.2268,27367.0222,12629.1698,11167.7002,21493.1684,33232.262,17302.4691,24028.6218,11061.6423,12822.3217,26527.9931,38472.0997,29163.8787,22215.4704,15594.5419,15051.5237,29485.8425,26058.6163,25538.095,26074.0559,11754.6405,7300.4019,40062.5546,47531.7451,17439.5039,17008.7149,13448.5297,44664.1406,18564.8735,26133.7721,29727.649,6474.4012,15008.9153,60214.9771,28879.6172,27142.1353,14010.9905,20347.0422,47075.372,30706.2747,37418.7685,40294.4325,13072.1983,26522.9782,27667.459,38257.3212,94335.0681,7988.3311,8560.4146,19682.1586,46844.8359,37568.6216,40711.2397,27135.8007,12786.5597,56304.9819,20219.3866,37961.1729,13943.7363,26756.6537,69398.6988,20136.2983,19437.5226,30639.5955,36120.466,44430.5203,19872.6652,45224.9404,26044.6998,34417.7695,52376.7692,103324.2086,13266.6621,36184.4136,49564.6193,36668.1944,29581.4773,18166.3784,29107.1969,42112.2902,29761.7975,53948.1058,24489.0915,51718.3478,39683.9823,33643.1968,31591.239,29432.3837
"South_Coast","BLM",1150.2334,1209.2294,1225.8298,1118.5071,1047.3623,953.5864,1500.9113,1341.1409,1282.0414,1225.7908,1267.9856,1134.1941,1177.8016,1153.8348,1270.8797,972.6868,1508.0199,1433.0778,1298.1165,1119.7025,1089.7159,987.4309,1082.1028,1049.169,1039.0693,919.0327,1005.0576,1038.0414,1310.8202,1124.1042,1057.8708,1267.7822,1101.0473,676.1838,1230.0213,1148.5805,949.736,973.3223,1183.3245,1054.9702,1207.9461,1219.1128,894.5393,921.7244,1193.8979,1254.2512,977.4735,1077.6358,982.8595,1289.3243,1348.2979,1332.4074,1119.6183,1061.738,879.9083,886.3342,1163.1709,1182.9364,1098.7827,963.217,921.8055,873.3689,976.8725,1124.8107,1174.8254,1177.0123,860.0126,864.6234,1152.8394,933.8679,869.9952,1163.0469,1156.1099,806.7426,763.1018,1268.705,1320.229,945.0089,987.6966,1129.5637,1017.7921,1429.3576,1132.6504,993.0887,798.3969,1091.3927,978.2269,943.434,871.0018,981.456,1206.2692,1097.3641,890.9728,1086.7719,1103.9025,1277.9502,814.6834,1104.0283,911.1714,920.6616
"South_Coast","DoD",811.3015,1042.7653,968.0473,908.5126,898.1877,931.0109,1582.1153,1217.4909,852.8301,708.9796,878.6906,935.3937,1247.6401,877.7445,827.0979,782.999,1255.3819,2136.8537,1173.6952,887.9047,1057.8889,886.0347,1652.5221,1303.5017,857.2044,828.2147,750.6808,866.8308,985.8828,964.208,1090.4289,1459.3111,750.844,1514.8729,1244.2941,1235.996,819.0418,669.2411,1028.2315,1237.839,1007.6707,2344.1558,812.8975,824.7032,1256.649,1544.145,1023.8457,945.6492,854.5663,1013.531,2457.6582,1380.9223,826.8104,1050.5315,819.8138,853.6728,1290.4175,1317.9021,1036.8718,1146.5717,873.6512,1496.945,1937.0526,1318.3827,1741.4249,1677.5192,1198.0922,803.8658,1047.4298,1275.1689,743.9242,981.887,1340.8252,840.8342,773.4009,1245.1783,1635.5243,1328.9267,1180.6801,1371.2582,1154.9355,3720.7755,831.833,868.2737,720.4627,1965.9197,2042.2881,1050.8828,1310.8797,910.2823,1305.7912,1014.4689,905.3091,1253.6061,1001.6444,1210.1853,967.4929,1324.8778,986.6117,1214.1456
"South_Coast","Easement",365.5262,460.7427,496.5518,452.2462,480.4952,357.1309,537.4037,511.8432,420.7621,433.0406,470.086,472.987,447.1987,398.3187,405.3854,378.1691,496.0974,616.6179,464.1653,398.0005,397.2083,371.3078,510.7129,416.8877,407.9342,368.0984,411.8175,423.8912,543.5077,445.6207,426.9534,456.2075,397.6712,390.903,581.0437,494.1852,344.7578,326.1757,459.1704,496.2203,404.1968,613.706,308.8783,306.0799,468.0055,520.6,424.6482,375.1856,344.5616,503.2343,634.7508,550.7066,404.8767,398.0122,367.9267,454.2716,527.9853,502.7747,463.4778,428.9312,363.2396,468.2178,520.3533,512.2357,491.6673,499.2679,438.1709,377.1196,471.3184,432.8508,306.4508,485.4284,427.6054,335.379,326.1987,552.4917,545.1777,399.8639,435.301,448.8837,423.0768,639.1356,423.2191,376.3247,351.258,554.9306,487.8667,409.268,445.1911,383.3783,400.2065,413.3638,360.7062,491.4732,471.043,474.7132,356.367,454.9933,350.2259,447.5401
"South_Coast","Local_gov",951.4672,1188.988,1159.998,785.3463,922.3307,786.2589,1548.2004,1324.7909,995.788,792.2241,942.6604,1024.8811,1102.4146,967.4271,907.4494,728.5365,1201.2586,1424.6415,1121.0597,907.0636,851.183,724.509,925.5313,944.4831,1001.458,745.7717,839.6158,763.4902,1001.7363,991.258,974.579,1231.34,806.3222,644.6028,1087.2974,984.5729,759.8931,723.492,884.2174,954.4864,1056.7231,1218.1951,673.1394,704.5613,928.1225,1178.9335,820.1899,851.3216,659.2311,1054.3157,1332.8652,1226.1208,873.2926,853.0255,722.4806,643.6008,1030.3051,1093.3191,1098.0658,875.9602,729.297,869.6379,1115.768,1108.3881,1076.402,1123.5315,737.9586,771.3882,881.0267,890.7352,741.248,900.6652,1013.6498,709.497,569.6839,1008.2213,1269.1266,862.7546,1040.1404,1045.6822,834.6531,1306.5931,1084.5215,809.9971,696.1904,1050.4277,1053.1528,818.3942,912.0307,792.9715,1013.8695,864.4427,730.0565,994.5072,947.506,1053.9516,720.5428,858.5211,746.1499,713.4753
"South_Coast","NPS",115.4175,142.4466,143.7687,137.6611,129.5497,142.8969,204.025,139.3961,105.4298,152.6844,176.0982,126.9664,132.87,100.7481,90.8773,128.5968,153.3641,204.5819,125.5796,92.928,149.7938,127.0866,226.9367,106.9472,85.4594,95.5524,65.1045,106.3034,194.0314,89.6369,118.6817,96.9033,66.2705,251.8855,157.6209,161.4415,84.2616,95.409,220.0686,179.3469,110.4007,153.3042,49.6949,107.3766,197.4753,122.3871,85.7336,103.7491,158.2853,185.0127,190.0376,133.2742,93.5261,70.7608,110.1712,175.9769,118.8219,169.7925,109.3471,103.9502,89.7012,146.4148,219.3985,118.2282,138.7062,79.9965,87.6191,107.9081,114.758,109.4975,78.6829,144.0524,109.9664,66.8664,127.0982,146.3005,144.0337,98.722,111.3173,120.7782,120.5527,177.7467,107.9908,63.2257,108.8852,341.4007,141.3641,110.2815,103.5533,120.3459,177.7588,79.8824,98.9491,93.779,101.0653,113.3782,106.557,184.5962,113.5587,124.9203
"South_Coast","Other_fed",5284.3906,6274.0376,6282.5347,4234.4039,4622.2245,4323.9773,6853.3118,7264.8037,5997.6446,4384.1577,4381.5058,4349.3926,5100.4316,5309.8199,4963.319,4095.7668,5333.9373,6948.904,6639.5511,5034.4742,5832.1595,3320.9305,4325.4213,4129.9843,4978.7189,4507.5329,4358.6157,3926.602,5021.3994,5424.0703,5201.253,5985.1158,4726.67,3060.2015,6536.3821,4977.6595,4661.5904,3711.8786,4293.1292,4362.0447,6241.7234,6463.1103,3821.3746,3713.7363,4875.9719,5694.6855,4681.3275,4945.4978,3903.4221,5493.5049,6085.3692,6534.3433,5575.9744,4904.9895,4465.5729,4022.4402,5363.0225,5477.9024,5829.2777,4506.7151,4040.2667,4519.2503,5124.1059,6226.9178,5353.3467,4536.5891,3854.3876,4126.6899,4599.2381,4688.7278,3936.02,4871.6763,5201.542,4002.6587,3525.6179,5847.8183,5922.3184,4854.3536,5152.7514,5354.4738,4900.3445,5996.2352,5886.3803,4373.5244,3701.1194,4942.8371,4413.6816,4714.3952,4808.5662,4412.1675,5259.9597,5435.3113,4487.4448,5172.1426,5219.3949,5617.5995,4874.3014,4692.1047,4486.837,4383.4435
"South_Coast","Private",10766.0627,13400.6552,13230.5993,9583.9381,10273.0669,9634.1658,18500.4446,15216.2618,11826.9618,9881.8647,10200.1104,10754.8848,12555.1966,11408.496,10484.8555,8688.5501,12572.2911,18555.4451,12851.3291,10908.8835,10586.0727,8346.984,11946.7237,11179.8875,10883.4154,8690.1451,9558.439,9058.278,11059.1024,12256.0833,11753.5958,13722.9137,9149.557,8241.4832,12398.1619,11975.346,8893.3754,8043.8338,10347.8145,11148.5603,12308.553,18474.7829,9021.4433,7647.9749,10307.5963,13661.2144,11304.9824,9935.0614,8365.6715,12168.6989,18336.7361,13932.2236,10283.8782,9324.2542,8324.4136,7854.489,11981.7231,11915.9189,11417.4986,10312.8516,8235.9328,9814.7336,13810.0944,13369.9897,12385.6084,13221.7008,8454.679,9303.4131,10445.5433,11859.6936,8129.3921,9761.9522,11896.6823,8004.8732,7245.5742,11813.3688,14477.9289,10324.3897,11678.2112,12025.2426,10230.8074,18564.3305,10742.2091,9455.177,7965.8602,12366.9834,12834.2619,9850.383,10383.8779,9358.332,11450.4264,9890.9723,8429.6896,11429.2611,10822.8816,12042.0223,8758.9994,10637.5814,9152.4499,8944.4995
"South_Coast","State_gov",1481.2538,1639.4667,1757.0067,1346.3049,1505.6225,1394.4461,2070.0543,1642.4062,1563.5378,1592.5597,1582.4091,1498.5276,1560.362,1413.9546,1574.038,1364.927,1986.4287,1976.8619,1788.3382,1378.2198,1305.9283,1182.5609,1519.3508,1479.7452,1331.5839,1296.044,1403.696,1542.1991,1657.639,1410.3301,1473.7918,1782.2553,1478.993,1094.3696,1780.7607,1542.6892,1271.3754,1275.5661,1728.5023,1578.991,1711.8943,1883.7643,1206.7984,1378.5647,1550.249,1729.3901,1433.4727,1515.763,1387.0472,1621.6996,1962.9498,1849.411,1425.0513,1346.7035,1189.2116,1262.2515,1504.5309,1531.9134,1638.7899,1333.7201,1279.0402,1246.9597,1492.7449,1450.886,1735.0553,1566.3945,1131.6045,1190.7651,1568.8229,1356.4588,1165.3476,1437.8355,1422.9396,1123.8397,1139.6858,1685.5255,1815.2532,1332.0334,1476.5122,1639.4352,1437.8845,2176.2511,1426.4518,1325.1263,1170.7329,1743.4403,1507.465,1296.8054,1283.4464,1325.2888,1623.0925,1474.5598,1171.205,1497.734,1400.9192,1743.1075,1124.5715,1439.6706,1276.6724,1378.9877
"South_Coast","USFS_nonwild",8614.2175,9814.9521,10023.6346,6968.5829,7253.0812,6636.7343,11459.9812,12334.7095,9509.3162,6785.2518,6954.2477,6854.7451,8260.7851,8513.2574,7832.8742,6354.7941,8427.2382,10824.845,10457.3771,7777.0241,8146.6483,5529.8995,7597.3793,6777.0762,7777.1968,6428.7283,7099.9019,6384.9187,7917.2736,8582.3105,8480.423,9856.3999,7493.8353,4821.2565,9697.4704,8435.4039,7063.3992,5746.6306,6693.6453,7248.7241,9433.3296,10941.0976,6712.6894,5621.8968,7312.6043,8565.6162,7731.4706,8035.8644,6446.9921,9407.1905,10448.2468,10646.6319,8641.7061,7660.1833,6874.2166,5529.4807,8484.1651,9061.9186,9623.8997,7047.8239,6439.0786,6675.4165,8726.9289,10543.217,8598.75,7838.0163,5646.4093,7085.6237,7337.8426,7704.7251,6705.3158,8061.4827,8279.4515,6464.1349,5361.142,8592.511,9629.5659,8313.5497,8717.9941,8811.6944,7833.8504,9800.5234,9048.8104,7332.2168,5950.6103,7578.5788,7449.0256,7601.9459,7944.9654,7461.5354,8677.3452,8470.9033,6976.2775,8495.5002,8458.7231,8870.6057,7147.8974,7484.4845,7369.1823,6721.2943
