zone,label,non_null_cells,null_cells,min,max,range,mean,mean_of_abs,stddev,variance,coeff_var,sum,sum_abs
100001,,5686,0,0,0,0,0,0,0,0,nan,0,0
100002,,4532,0,0,0,0,0,0,0,0,nan,0,0
100003,,4014,0,0,0,0,0,0,0,0,nan,0,0
100004,,82616,0,0,0,0,0,0,0,0,nan,0,0
100005,,257,0,0,0,0,0,0,0,0,nan,0,0
100006,,120691,0,0,0,0,0,0,0,0,nan,0,0
100007,,145823,0,0,0,0,0,0,0,0,nan,0,0
100008,,40336,0,0,0,0,0,0,0,0,nan,0,0
100009,,71,0,0,0,0,0,0,0,0,nan,0,0
102001,,254695,0,0,0,0,0,0,0,0,nan,0,0
102002,,4026,0,0,0,0,0,0,0,0,nan,0,0
102003,,4485,0,0,0,0,0,0,0,0,nan,0,0
102004,,5874,0,0,0,0,0,0,0,0,nan,0,0
102005,,1340,0,0,0,0,0,0,0,0,nan,0,0
102006,,13690,0,0,0,0,0,0,0,0,nan,0,0
102007,,664068,0,0,0,0,0,0,0,0,nan,0,0
102008,,27666,0,0,0,0,0,0,0,0,nan,0,0
102009,,8221,0,0,0,0,0,0,0,0,nan,0,0
103001,,27459,0,0,0,0,0,0,0,0,nan,0,0
103002,,1435,0,0,0,0,0,0,0,0,nan,0,0
103003,,3070,0,0,0,0,0,0,0,0,nan,0,0
103004,,2666,0,0,0,0,0,0,0,0,nan,0,0
103005,,1047,0,0,0,0,0,0,0,0,nan,0,0
103006,,7746,0,0,0,0,0,0,0,0,nan,0,0
103007,,96733,0,0,0,0,0,0,0,0,nan,0,0
103008,,3811,0,0,0,0,0,0,0,0,nan,0,0
103009,,5026,0,0,0,0,0,0,0,0,nan,0,0
104001,,268038,0,0,1.98339990139008,1.98339990139008,0.0138379421047553,0.0138379421047553,0.0216946945861997,0.000470659773188483,156.776885045244,3709.09432587441,3709.09432587441
104002,,61644,0,0.00469999989494681,0.0470000007003546,0.0423000008054078,0.0469573801684137,0.0469573801684137,0.00124074091973906,1.53943802991494e-06,2.64227032106374,2894.64074310169,2894.64074310169
104003,,125751,0,0,1.98339990139008,1.98339990139008,0.0442924857412154,0.0442924857412154,0.0385187097044525,0.00148369099729589,86.9644343952676,5569.82437444358,5569.82437444358
104004,,93600,0,0,0.0516999997198582,0.0516999997198582,0.042272935341014,0.042272935341014,0.0105425001183384,0.000111144308745166,24.9391248402613,3956.74674791891,3956.74674791891
104005,,21227,0,0.00469999989494681,0.0516999997198582,0.0469999998249114,0.032288891724573,0.032288891724573,0.016361651830114,0.000267703650609874,50.6726956430723,685.396304637511,685.396304637511
104006,,25390,0,0,1.89879998207092,1.89879998207092,0.0424569757317859,0.0424569757317859,0.0427825261765166,0.00183034454604433,100.76677728246,1077.98261383004,1077.98261383004
104007,,2697473,0,0,1.98339990139008,1.98339990139008,0.0382729862891202,0.0382729862891202,0.0198503310311798,0.000394035642047421,51.8651219981302,103240.347144272,103240.347144272
104008,,120507,0,0,0.0516999997198582,0.0516999997198582,0.0355079004290284,0.0355079004290284,0.0186578171540822,0.000348114140955163,52.5455375526203,4278.95055700093,4278.95055700093
104009,,37452,0,0.00469999989494681,1.89879998207092,1.89409998217598,0.0419364445286026,0.0419364445286026,0.0272103805954776,0.000740404812150744,64.8848058087492,1570.60372048522,1570.60372048522
105001,,705833,0,0,0.610999977588654,0.610999977588654,0.0147739964950103,0.0147739964950103,0.0762897098333017,0.00582011982644937,516.378285720233,10427.9742680626,10427.9742680626
105002,,158453,0,0,0.610999977588654,0.610999977588654,0.0154759210877027,0.0154759210877027,0.0755311088685143,0.00570494840690736,488.055660406101,2452.20612410975,2452.20612410975
105003,,243844,0,0,0.610999977588654,0.610999977588654,0.0571531343941126,0.0571531343941126,0.170905006250408,0.0292085211614521,299.029979829091,13936.448903198,13936.448903198
105004,,205509,0,0,0.610999977588654,0.610999977588654,0.0966662777885942,0.0966662777885942,0.218031373909312,0.0475376800087823,225.550604509816,19865.7900820562,19865.7900820562
105005,,71769,0,0,0.610999977588654,0.610999977588654,0.0160709883759822,0.0160709883759822,0.0736793288965477,0.00542864350664565,458.46171481687,1153.39876475586,1153.39876475586
105006,,265427,0,0,0.610999977588654,0.610999977588654,0.0394835613461066,0.0394835613461066,0.138701346754307,0.0192380635914585,351.288845346227,10480.003237413,10480.003237413
105007,,3571059,0,0,0.610999977588654,0.610999977588654,0.0564613509951647,0.0564613509951647,0.169295660242967,0.028661020577102,299.843445576542,201626.815623442,201626.815623442
105008,,184060,0,0,0.610999977588654,0.610999977588654,0.102216493148084,0.102216493148084,0.221323312501965,0.0489840086568423,216.524071297699,18813.9677288363,18813.9677288363
105009,,469678,0,0,0.610999977588654,0.610999977588654,0.0532379317741607,0.0532379317741607,0.162478090672481,0.026399129948575,305.192341734321,25004.6853198242,25004.6853198242
106001,,731641,0,0,0,0,0,0,0,0,nan,0,0
106002,,429150,0,0,0,0,0,0,0,0,nan,0,0
106003,,502272,0,0,0,0,0,0,0,0,nan,0,0
106004,,440833,0,0,0,0,0,0,0,0,nan,0,0
106005,,14718,0,0,0,0,0,0,0,0,nan,0,0
106006,,822389,0,0,0,0,0,0,0,0,nan,0,0
106007,,9606133,0,0,0,0,0,0,0,0,nan,0,0
106008,,394578,0,0,0,0,0,0,0,0,nan,0,0
106009,,285935,0,0,0,0,0,0,0,0,nan,0,0
107001,,292631,0,1.10919995069504,1.31599997758865,0.206800026893616,1.25005634049233,1.25005634049233,0.0248302467024366,0.000616541151303866,1.98633020753747,365805.236974612,365805.236974612
107002,,91629,0,1.10919995069504,1.31599997758865,0.206800026893616,1.24893793747856,1.24893793747856,0.0275455525795847,0.000758757466914663,2.2055181248794,114438.934273223,114438.934273223
107003,,174601,0,1.04810000896454,1.31599997758865,0.267899968624115,1.21617511308656,1.21617511308656,0.0463605269774284,0.00214929846162486,3.81199438128354,212345.390920026,212345.390920026
107004,,115301,0,1.04810000896454,1.31599997758865,0.267899968624115,1.19086356936508,1.19086356936508,0.0487634413792406,0.00237787321514664,4.09479663612846,137307.760411363,137307.760411363
107005,,26269,0,1.04810000896454,1.31599997758865,0.267899968624115,1.24832389050022,1.24832389050022,0.0349174985415043,0.00121923170439595,2.79715054780474,32792.2202795502,32792.2202795502
107006,,148951,0,1.04810000896454,1.31599997758865,0.267899968624115,1.23833213979765,1.23833213979765,0.0424471544019071,0.00180176091681935,3.42776812760777,184450.810555,184450.810555
107007,,2825381,0,1.04810000896454,1.31599997758865,0.267899968624115,1.2374973401283,1.2374973401283,0.0363321647026114,0.00132002619197769,2.93593881170238,3496401.47234904,3496401.47234904
107008,,142996,0,1.04810000896454,1.31599997758865,0.267899968624115,1.2112438051581,1.2112438051581,0.0533178568004773,0.0028427938537962,4.40190955556779,173203.019162387,173203.019162387
107009,,279896,0,1.08099997758865,1.31599997758865,0.235,1.25442952743403,1.25442952743403,0.0282916972499282,0.000800420133281593,2.25534369457961,351109.807010674,351109.807010674
108001,,130001,0,0.286700006723404,2.69779989242554,2.41109988570213,1.77851385580014,1.77851385580014,0.26105509358723,0.0681497618878376,14.6782715656597,231208.579767874,231208.579767874
108002,,201155,0,0.986999955177307,2.69779989242554,1.71079993724823,1.73017089748427,1.73017089748427,0.221826915066308,0.0492071802478351,12.8210985047114,348032.526883449,348032.526883449
108003,,412163,0,0.258500005602837,2.69779989242554,2.4392998868227,1.64198028269075,1.64198028269075,0.191372239684194,0.0366233341217447,11.6549657569936,676763.519254668,676763.519254668
108004,,554688,0,0.286700006723404,2.69779989242554,2.41109988570213,1.58013353638441,1.58013353638441,0.215006291534489,0.0462277053994136,13.6068431296292,876481.111029995,876481.111029995
108005,,13860,0,0.465300004482269,2.36879998207092,1.90349997758865,1.61433266050129,1.61433266050129,0.226769833592274,0.0514245574274677,14.0472802874382,22374.6506745478,22374.6506745478
108006,,580597,0,0.0658000002801418,2.69779989242554,2.63199989214539,1.77455866460117,1.77455866460117,0.282739062397213,0.0799413774052551,15.9329228183481,1030303.43699144,1030303.43699144
108007,,2438692,0,0.15510000616312,3.05029989242554,2.89519988626242,1.67450069373645,1.67450069373645,0.233630719773275,0.0545833132217786,13.9522617486622,4083591.44580954,4083591.44580954
108008,,329121,0,0.258500005602837,2.69779989242554,2.4392998868227,1.62260059774195,1.62260059774195,0.242895588713799,0.0589982670166229,14.9695241732203,534031.931329428,534031.931329428
108009,,308370,0,0.465300004482269,2.69779989242554,2.23249988794327,1.83556444895951,1.83556444895951,0.292203224417314,0.0853827243598753,15.9189847342571,566033.009125643,566033.009125643
109001,,5734,0,0.15510000616312,2.43930002689362,2.2842000207305,1.5515606515012,1.5515606515012,0.25139410358412,0.0631989953168634,16.2026604207117,8896.64877570786,8896.64877570786
109002,,3738,0,0,2.69779989242554,2.69779989242554,1.49540219055739,1.49540219055739,0.319330399978484,0.101971904350419,21.3541482013917,5589.81338830354,5589.81338830354
109003,,99500,0,0,2.69779989242554,2.69779989242554,1.17602138916074,1.17602138916074,0.500836012430058,0.250836711346841,42.5873217142313,117014.128221494,117014.128221494
109004,,190627,0,0,2.69779989242554,2.69779989242554,1.26446003977494,1.26446003977494,0.276037121114877,0.0761964922333894,21.8304345279277,241040.224002178,241040.224002178
109005,,889,0,0.465300004482269,2.18550004482269,1.72020004034042,1.30556904281084,1.30556904281084,0.174386923822474,0.0304107992002655,13.3571583044759,1160.65087905883,1160.65087905883
109006,,146759,0,0.0610999977588654,2.69779989242554,2.63669989466667,1.34861391177509,1.34861391177509,0.44673004030794,0.199567728913534,33.1251247230529,197921.2290782,197921.2290782
109007,,676006,0,0,2.69779989242554,2.69779989242554,1.24307542374255,1.24307542374255,0.309168162472798,0.0955849526868065,24.8712311874029,840326.444902506,840326.444902506
109008,,191446,0,0,2.69779989242554,2.69779989242554,1.13520697286378,1.13520697286378,0.362364998886728,0.131308392418178,31.9206107387265,217330.834126879,217330.834126879
109009,,49489,0,0,2.69779989242554,2.69779989242554,1.42378383861366,1.42378383861366,0.426920581020135,0.18226118249857,29.984929554744,70461.6383891514,70461.6383891514
110001,,1,0,0,0,0,0,0,0,0,nan,0,0
110002,,8666,0,0,0,0,0,0,0,0,nan,0,0
110003,,1137,0,0,0,0,0,0,0,0,nan,0,0
110004,,7893,0,0,0,0,0,0,0,0,nan,0,0
110005,,11,0,0,0,0,0,0,0,0,nan,0,0
110006,,1322,0,0,0,0,0,0,0,0,nan,0,0
110007,,40369,0,0,0,0,0,0,0,0,nan,0,0
110008,,1567,0,0,0,0,0,0,0,0,nan,0,0
111002,,141,0,0,0,0,0,0,0,0,nan,0,0
111003,,1504,0,0,0,0,0,0,0,0,nan,0,0
111004,,6403,0,0,0,0,0,0,0,0,nan,0,0
111005,,18,0,0,0,0,0,0,0,0,nan,0,0
111006,,9967,0,0,0,0,0,0,0,0,nan,0,0
111007,,23329,0,0,0,0,0,0,0,0,nan,0,0
111008,,5326,0,0,0,0,0,0,0,0,nan,0,0
200001,,786,0,0,0,0,0,0,0,0,nan,0,0
200002,,9105,0,0,0,0,0,0,0,0,nan,0,0
200003,,33829,0,0,0,0,0,0,0,0,nan,0,0
200004,,50478,0,0,0,0,0,0,0,0,nan,0,0
200006,,37443,0,0,0,0,0,0,0,0,nan,0,0
200007,,389494,0,0,0,0,0,0,0,0,nan,0,0
200008,,50587,0,0,0,0,0,0,0,0,nan,0,0
202001,,57262,0,0,0,0,0,0,0,0,nan,0,0
202002,,4665,0,0,0,0,0,0,0,0,nan,0,0
202003,,30962,0,0,0,0,0,0,0,0,nan,0,0
202004,,4677,0,0,0,0,0,0,0,0,nan,0,0
202006,,14073,0,0,0,0,0,0,0,0,nan,0,0
202007,,718366,0,0,0,0,0,0,0,0,nan,0,0
202008,,18689,0,0,0,0,0,0,0,0,nan,0,0
203001,,2631,0,0,0,0,0,0,0,0,nan,0,0
203002,,311,0,0,0,0,0,0,0,0,nan,0,0
203003,,9799,0,0,0,0,0,0,0,0,nan,0,0
203004,,1182,0,0,0,0,0,0,0,0,nan,0,0
203006,,2329,0,0,0,0,0,0,0,0,nan,0,0
203007,,85634,0,0,0,0,0,0,0,0,nan,0,0
203008,,3355,0,0,0,0,0,0,0,0,nan,0,0
204001,,46092,0,0,0.0470000007003546,0.0470000007003546,0.0127185109525549,0.0127185109525549,0.0197220612728183,0.000388959700848799,155.065804058269,586.221606825161,586.221606825161
204002,,307,0,0,0,0,0,0,0,0,nan,0,0
204003,,60086,0,0,0.0470000007003546,0.0470000007003546,0.00207567817986811,0.00207567817986811,0.00643532765270981,4.14134419977316e-05,310.034942561217,124.719199115555,124.719199115555
204004,,4492,0,0,0.0470000007003546,0.0470000007003546,0.000859016036189336,0.000859016036189336,0.00581704034849207,3.38379584159848e-05,677.174826013368,3.8587000345625,3.8587000345625
204006,,14220,0,0,0.0470000007003546,0.0470000007003546,0.00370843885313982,0.00370843885313982,0.0117070922427079,0.000137056008779272,315.687886637147,52.7340004916483,52.7340004916483
204007,,431375,0,0,1.89879998207092,1.89879998207092,0.00862161146645054,0.00862161146645054,0.0188867780839451,0.00035671038639219,219.06320132193,3719.1476463401,3719.1476463401
204008,,12868,0,0,0.0470000007003546,0.0470000007003546,0.0011194824536667,0.0011194824536667,0.00716136756323086,5.12851853756951e-05,639.703421860238,14.4055002137831,14.4055002137831
205001,,16375,0,0,0.610999977588654,0.610999977588654,0.183828402464933,0.183828402464933,0.276625753658962,0.076521807587389,150.480420843418,3010.19009036327,3010.19009036327
205002,,20832,0,0,0.610999977588654,0.610999977588654,0.464033609136054,0.464033609136054,0.260871828633854,0.0680541109747707,56.2183047731283,9666.74814552227,9666.74814552227
205003,,517599,0,0,0.610999977588654,0.610999977588654,0.394590001570934,0.394590001570934,0.290507179036499,0.0843944210717447,73.6225393142092,204239.390223114,204239.390223114
205004,,48878,0,0,0.610999977588654,0.610999977588654,0.476317933370175,0.476317933370175,0.251948795906742,0.063478195758857,52.8950892367384,23281.4679472674,23281.4679472674
205006,,75682,0,0,0.610999977588654,0.610999977588654,0.332442733800054,0.332442733800054,0.302177186679402,0.091311052149478,90.8960118409882,25159.9309794557,25159.9309794557
205007,,3525833,0,0,0.610999977588654,0.610999977588654,0.457838991702744,0.457838991702744,0.263515549208947,0.0694404446748931,57.5563798594151,1614263.82563226,1614263.82563226
205008,,95360,0,0,0.610999977588654,0.610999977588654,0.45004292394477,0.45004292394477,0.267854142743006,0.0717458417845904,59.5174656664254,42916.0932273733,42916.0932273733
206001,,113289,0,0,0,0,0,0,0,0,nan,0,0
206002,,37947,0,0,0,0,0,0,0,0,nan,0,0
206003,,559211,0,0,0,0,0,0,0,0,nan,0,0
206004,,29548,0,0,0,0,0,0,0,0,nan,0,0
206006,,147437,0,0,0,0,0,0,0,0,nan,0,0
206007,,3260853,0,0,0,0,0,0,0,0,nan,0,0
206008,,95907,0,0,0,0,0,0,0,0,nan,0,0
207001,,2174,0,1.14210003137588,1.31599997758865,0.173899946212769,1.25669223628574,1.25669223628574,0.0342851774786381,0.00117547339474172,2.72820794850861,2732.0489216852,2732.0489216852
207002,,1261,0,1.175,1.31599997758865,0.140999977588654,1.27107606069896,1.27107606069896,0.0293198269381321,0.000859652251682019,2.3066933478402,1602.82691254139,1602.82691254139
207003,,61323,0,1.08099997758865,1.31599997758865,0.235,1.25909270494491,1.25909270494491,0.0346484606844427,0.00120051582780137,2.75185937845289,77211.3419453369,77211.3419453369
207004,,14713,0,1.10919995069504,1.31599997758865,0.206800026893616,1.2504686588347,1.2504686588347,0.0375564352245035,0.00141048582677233,3.00338876621681,18398.145377435,18398.145377435
207006,,13806,0,1.14210003137588,1.31599997758865,0.173899946212769,1.24345707631706,1.24345707631706,0.0310728182259194,0.000965520032501029,2.49890557685776,17167.1683956333,17167.1683956333
207007,,560808,0,1.08099997758865,1.31599997758865,0.235,1.26489734365894,1.26489734365894,0.0375160776765017,0.00140745608422931,2.96593852968176,709364.549502685,709364.549502685
207008,,20529,0,1.10919995069504,1.31599997758865,0.206800026893616,1.26183037515656,1.26183037515656,0.0427511818215875,0.00182766354714243,3.38802922035248,25904.115771589,25904.115771589
208001,,382,0,1.2925,2.22779989242554,0.935299892425537,1.71081228636946,1.71081228636946,0.156460280796963,0.0244798194670644,9.1453797733116,653.530293393135,653.530293393135
208002,,3246,0,0.8225,3.50620001792908,2.68370001792908,1.74195813079047,1.74195813079047,0.230129928484371,0.0529597839842219,13.210990804925,5654.39609254585,5654.39609254585
208003,,44775,0,0.921200017929077,3.50620001792908,2.585,2.05699355055533,2.05699355055533,0.295600591218825,0.087379709528919,14.3705161904383,92101.8862261147,92101.8862261147
208004,,8584,0,1.2925,3.50620001792908,2.21370001792908,2.00408021819344,2.00408021819344,0.412806056610881,0.170408840374626,20.5982800919517,17203.0245929725,17203.0245929725
208006,,9660,0,1.2925,2.35470010757446,1.06220010757446,1.8043358157798,1.8043358157798,0.112927420073125,0.012752602204372,6.25866976011446,17429.8839804329,17429.8839804329
208007,,285892,0,0.921200017929077,3.50620001792908,2.585,2.04419211982118,2.04419211982118,0.381708111930201,0.145701082713319,18.6728100665798,584418.173519917,584418.173519917
208008,,11287,0,1.17969999551773,3.50620001792908,2.32650002241135,1.83300415081312,1.83300415081312,0.241315613448178,0.0582332252938705,13.1650336602419,20689.1178502277,20689.1178502277
209001,,2,0,0,1.27370001792908,1.27370001792908,0.636850008964539,0.636850008964539,0.636850008964539,0.405577933918133,100,1.27370001792908,1.27370001792908
209002,,18,0,1.71080004930496,2.43930002689362,0.728499977588654,2.19960003137589,2.19960003137589,0.339073859589187,0.114971082256708,15.4152507161537,39.5928005647659,39.5928005647659
209003,,150848,0,0,2.43930002689362,2.43930002689362,0.00143266997221457,0.00143266997221457,0.0546033500422604,0.00298152583583762,3811.29995750915,216.115399968624,216.115399968624
209004,,6,0,1.34889994621277,1.68259996414185,0.333700017929077,1.46013328552246,1.46013328552246,0.157307697039817,0.0247457115479707,10.7735162672858,8.76079971313476,8.76079971313476
209006,,163,0,0,0,0,0,0,0,0,nan,0,0
209007,,4894,0,0,2.69779989242554,2.69779989242554,0.429690827170241,0.429690827170241,0.819400800934315,0.671417672571797,190.695437072868,2102.90690817116,2102.90690817116
209008,,138,0,0,2.18550004482269,2.18550004482269,0.0250666671213896,0.0250666671213896,0.213867281836075,0.045739214239951,853.193928017577,3.45920006275177,3.45920006275177
210001,,1,0,0,0,0,0,0,0,0,nan,0,0
210007,,171,0,0,0,0,0,0,0,0,nan,0,0
210008,,1,0,0,0,0,0,0,0,0,nan,0,0
211001,,230,0,0,0,0,0,0,0,0,nan,0,0
211002,,7,0,0,0,0,0,0,0,0,nan,0,0
211003,,2535,0,0,0,0,0,0,0,0,nan,0,0
211004,,113,0,0,0,0,0,0,0,0,nan,0,0
211006,,559,0,0,0,0,0,0,0,0,nan,0,0
211007,,4137,0,0,0,0,0,0,0,0,nan,0,0
211008,,477,0,0,0,0,0,0,0,0,nan,0,0
300001,,260,0,0,0,0,0,0,0,0,nan,0,0
300002,,9779,0,0,0,0,0,0,0,0,nan,0,0
300003,,3507,0,0,0,0,0,0,0,0,nan,0,0
300004,,6976,0,0,0,0,0,0,0,0,nan,0,0
300006,,1535,0,0,0,0,0,0,0,0,nan,0,0
300007,,382288,0,0,0,0,0,0,0,0,nan,0,0
300008,,68322,0,0,0,0,0,0,0,0,nan,0,0
302002,,325,0,0,0,0,0,0,0,0,nan,0,0
302003,,19,0,0,0,0,0,0,0,0,nan,0,0
302004,,18,0,0,0,0,0,0,0,0,nan,0,0
302006,,4,0,0,0,0,0,0,0,0,nan,0,0
302007,,2729,0,0,0,0,0,0,0,0,nan,0,0
302008,,156,0,0,0,0,0,0,0,0,nan,0,0
303002,,1,0,0,0,0,0,0,0,0,nan,0,0
303003,,11,0,0,0,0,0,0,0,0,nan,0,0
303004,,26,0,0,0,0,0,0,0,0,nan,0,0
303006,,13,0,0,0,0,0,0,0,0,nan,0,0
303007,,822,0,0,0,0,0,0,0,0,nan,0,0
303008,,72,0,0,0,0,0,0,0,0,nan,0,0
304002,,5,0,0.0470000007003546,0.0470000007003546,0,0.0470000007003546,0.0470000007003546,0,0,0,0.235000003501773,0.235000003501773
304003,,111,0,0.0470000007003546,0.0470000007003546,0,0.0470000007003545,0.0470000007003545,0,0,0,5.21700007773935,5.21700007773935
304004,,5,0,0.0470000007003546,0.0470000007003546,0,0.0470000007003546,0.0470000007003546,0,0,0,0.235000003501773,0.235000003501773
304007,,644,0,0.00469999989494681,0.0470000007003546,0.0423000008054078,0.046715373361211,0.046715373361211,0.00297852515482457,8.87161209792274e-06,6.37589928222156,30.0847004446199,30.0847004446199
304008,,172,0,0.0187999995797873,0.0516999997198582,0.0329000001400709,0.0316976744837538,0.0316976744837538,0.0141760528565927,0.000200960474592911,44.7226905048143,5.45200001120566,5.45200001120566
305001,,88,0,0.00469999989494681,0.610999977588654,0.606299977693707,0.232062491530086,0.232062491530086,0.293523714551707,0.086156171004232,126.484772535355,20.4214992546476,20.4214992546476
305002,,407,0,0.00469999989494681,0.610999977588654,0.606299977693707,0.587165089030666,0.587165089030666,0.117826102746663,0.0138829904884672,20.0669462384385,238.976191235481,238.976191235481
305003,,1805,0,0,0.610999977588654,0.610999977588654,0.526347903140685,0.526347903140685,0.21014699398288,0.0441617590800407,39.9254927641862,950.057965168937,950.057965168937
305004,,106,0,0,0.610999977588654,0.610999977588654,0.490573566920423,0.490573566920423,0.242284234464999,0.0587016502702906,49.3879513292856,52.0007980935649,52.0007980935649
305006,,145,0,0.00469999989494681,0.610999977588654,0.606299977693707,0.510646877832454,0.510646877832454,0.2253293978002,0.0507733375130006,44.1262656410741,74.0437972857058,74.0437972857058
305007,,24312,0,0,0.610999977588654,0.610999977588654,0.405688357126488,0.405688357126488,0.287902885232756,0.0828880713253458,70.9665141173849,9863.09533845919,9863.09533845919
305008,,6762,0,0,0.610999977588654,0.610999977588654,0.530413955703829,0.530413955703829,0.206328875530466,0.0425716048776665,38.8995940456882,3586.65916846929,3586.65916846929
306001,,868,0,0,0,0,0,0,0,0,nan,0,0
306002,,3718,0,0,0,0,0,0,0,0,nan,0,0
306003,,21883,0,0,0,0,0,0,0,0,nan,0,0
306004,,783,0,0,0,0,0,0,0,0,nan,0,0
306006,,763,0,0,0,0,0,0,0,0,nan,0,0
306007,,94464,0,0,0,0,0,0,0,0,nan,0,0
306008,,24518,0,0,0,0,0,0,0,0,nan,0,0
307001,,26,0,1.14210003137588,1.31599997758865,0.173899946212769,1.20482690756138,1.20482690756138,0.0402612381417965,0.00162096729671045,3.34166160210408,31.3254995965958,31.3254995965958
307002,,73,0,1.14210003137588,1.31599997758865,0.173899946212769,1.25071509452715,1.25071509452715,0.0302457494766824,0.000914805361406233,2.41827652109029,91.3022019004821,91.3022019004821
307003,,324,0,1.14210003137588,1.31599997758865,0.173899946212769,1.21389104687874,1.21389104687874,0.0389856962044207,0.00151988450854338,3.2116305911197,393.300699188711,393.300699188711
307004,,8,0,1.175,1.27840001344681,0.103400013446808,1.23257501512766,1.23257501512766,0.0293279809485433,0.000860130466518116,2.37940738604909,9.86060012102127,9.86060012102127
307006,,26,0,1.175,1.31599997758865,0.140999977588654,1.24785001672231,1.24785001672231,0.0326732637775556,0.00106754216587773,2.6183646543819,32.4441004347801,32.4441004347801
307007,,4396,0,1.04810000896454,1.31599997758865,0.267899968624115,1.25062980977162,1.25062980977162,0.0365570969258685,0.00133642133564734,2.92309495905461,5497.76864375604,5497.76864375604
307008,,898,0,1.08099997758865,1.31599997758865,0.235,1.24216604258276,1.24216604258276,0.0386520640614909,0.0014939820562136,3.11166645492288,1115.46510623932,1115.46510623932
308001,,32,0,1.64969999551773,1.98339990139008,0.333699905872345,1.81199684530497,1.81199684530497,0.0823505006131632,0.00678160495123858,4.54473752680862,57.9838990497589,57.9838990497589
308002,,19,0,1.72960003137588,1.98339990139008,0.253799870014191,1.832010489514,1.832010489514,0.0704022618640187,0.00495647847556986,3.84289622068131,34.808199300766,34.808199300766
308003,,939,0,1.56979995965958,1.98339990139008,0.413599941730499,1.70434312917172,1.70434312917172,0.0728908409977074,0.00531307470135306,4.27677031403477,1600.37819829225,1600.37819829225
308004,,34,0,1.64969999551773,1.89879998207092,0.249099986553192,1.76498823292115,1.76498823292115,0.0705113624920795,0.00497185224048944,3.99500467917451,60.0095999193192,60.0095999193192
308006,,117,0,1.56979995965958,1.89879998207092,0.329000022411346,1.73839744355944,1.73839744355944,0.0612112459704287,0.00374681663325232,3.52113069408893,203.392500896454,203.392500896454
308007,,1507,0,1.2925,2.36879998207092,1.07629998207092,1.79719951222414,1.79719951222414,0.109085570070821,0.0118996615976759,6.06975293109337,2708.37966492178,2708.37966492178
308008,,947,0,1.2925,2.07269992828369,0.780199928283691,1.74568520647671,1.74568520647671,0.15398638225109,0.0237118059187788,8.82097079586751,1653.16389053344,1653.16389053344
309003,,3673,0,0,0,0,0,0,0,0,nan,0,0
309004,,1,0,0,0,0,0,0,0,0,nan,0,0
309007,,1307,0,0,0,0,0,0,0,0,nan,0,0
309008,,2,0,0,0,0,0,0,0,0,nan,0,0
310002,,1246,0,0,0,0,0,0,0,0,nan,0,0
310003,,55,0,0,0,0,0,0,0,0,nan,0,0
310004,,86,0,0,0,0,0,0,0,0,nan,0,0
310007,,5899,0,0,0,0,0,0,0,0,nan,0,0
310008,,878,0,0,0,0,0,0,0,0,nan,0,0
311001,,170,0,0,0,0,0,0,0,0,nan,0,0
311002,,8240,0,0,0,0,0,0,0,0,nan,0,0
311003,,2313,0,0,0,0,0,0,0,0,nan,0,0
311004,,105,0,0,0,0,0,0,0,0,nan,0,0
311006,,95,0,0,0,0,0,0,0,0,nan,0,0
311007,,121028,0,0,0,0,0,0,0,0,nan,0,0
311008,,43374,0,0,0,0,0,0,0,0,nan,0,0
400001,,57631,0,0,0,0,0,0,0,0,nan,0,0
400002,,3521,0,0,0,0,0,0,0,0,nan,0,0
400003,,42,0,0,0,0,0,0,0,0,nan,0,0
400004,,450564,0,0,0,0,0,0,0,0,nan,0,0
400005,,299,0,0,0,0,0,0,0,0,nan,0,0
400006,,173046,0,0,0,0,0,0,0,0,nan,0,0
400007,,536253,0,0,0,0,0,0,0,0,nan,0,0
400008,,28481,0,0,0,0,0,0,0,0,nan,0,0
400009,,322,0,0,0,0,0,0,0,0,nan,0,0
402001,,6719151,0,0,0,0,0,0,0,0,nan,0,0
402002,,1956124,0,0,0,0,0,0,0,0,nan,0,0
402003,,31398,0,0,0,0,0,0,0,0,nan,0,0
402004,,255808,0,0,0,0,0,0,0,0,nan,0,0
402005,,1438321,0,0,0,0,0,0,0,0,nan,0,0
402006,,35635,0,0,0,0,0,0,0,0,nan,0,0
402007,,2728612,0,0,0,0,0,0,0,0,nan,0,0
402008,,1189835,0,0,0,0,0,0,0,0,nan,0,0
402009,,1413,0,0,0,0,0,0,0,0,nan,0,0
403001,,7123142,0,0,0,0,0,0,0,0,nan,0,0
403002,,2339421,0,0,0,0,0,0,0,0,nan,0,0
403003,,17101,0,0,0,0,0,0,0,0,nan,0,0
403004,,231071,0,0,0,0,0,0,0,0,nan,0,0
403005,,3830959,0,0,0,0,0,0,0,0,nan,0,0
403006,,155225,0,0,0,0,0,0,0,0,nan,0,0
403007,,2028207,0,0,0,0,0,0,0,0,nan,0,0
403008,,308899,0,0,0,0,0,0,0,0,nan,0,0
403009,,48669,0,0,0,0,0,0,0,0,nan,0,0
404001,,31932495,0,0,2.15730007171631,2.15730007171631,0.156876146628643,0.156876146628643,0.550800655991764,0.303381362640958,351.105421588165,5009446.76783841,5009446.76783841
404002,,9941596,0,0,2.15730007171631,2.15730007171631,0.134547707581718,0.134547707581718,0.511085776578501,0.26120867102085,379.854689287881,1337618.95150358,1337618.95150358
404003,,43480,0,0,2.15730007171631,2.15730007171631,0.186140868346134,0.186140868346134,0.59486288254084,0.353861849024797,319.576720483905,8093.40495568992,8093.40495568992
404004,,452521,0,0,2.15730007171631,2.15730007171631,0.887288864213448,0.887288864213448,1.05858861951011,1.12060986535633,119.305973759573,401516.844122734,401516.844122734
404005,,17723626,0,0,2.15730007171631,2.15730007171631,0.119030313479205,0.119030313479205,0.481725145433083,0.232059115742525,404.707953253642,2109648.75876818,2109648.75876818
404006,,531733,0,0,2.15730007171631,2.15730007171631,0.279948958045378,0.279948958045378,0.717711498017133,0.515109794385996,256.372269798124,148858.099308343,148858.099308343
404007,,9718309,0,0,2.15730007171631,2.15730007171631,0.122286191271215,0.122286191271215,0.488507957520523,0.238640024560873,399.479248181896,1188414.99320677,1188414.99320677
404008,,1562676,0,0,2.15730007171631,2.15730007171631,0.155141682041038,0.155141682041038,0.545799956743627,0.297897592781345,351.807425034397,242436.183125161,242436.183125161
404009,,164492,0,0,2.15730007171631,2.15730007171631,0.0214547010742467,0.0214547010742467,0.19704531670636,0.0388268568359098,918.424899160608,3529.12668910499,3529.12668910499
405001,,353905,0,0,0.610999977588654,0.610999977588654,0.035024092736312,0.035024092736312,0.129053685612332,0.0166548537701268,368.471173782992,12395.2015398445,12395.2015398445
405002,,28303,0,0,0.610999977588654,0.610999977588654,0.0202384123023663,0.0202384123023663,0.098024437298793,0.00960879030774499,484.348454979009,572.807783393873,572.807783393873
405003,,24309,0,0,0.610999977588654,0.610999977588654,0.0122640047352154,0.0122640047352154,0.0630396497502465,0.00397399744063375,514.021733612282,298.125691108351,298.125691108351
405004,,15130,0,0,0.610999977588654,0.610999977588654,0.0229560674943747,0.0229560674943747,0.0514834568154768,0.00265054632567106,224.269495757898,347.325301189889,347.325301189889
405005,,412786,0,0,0.0610999977588654,0.0610999977588654,0.00511247090876947,0.00511247090876947,0.0136714971489319,0.000186909834293253,267.414668814664,2110.35641654731,2110.35641654731
405006,,87768,0,0,0.610999977588654,0.610999977588654,0.0167621977492576,0.0167621977492576,0.0725831370944678,0.0052683117904743,433.016828581936,1471.18457205684,1471.18457205684
405007,,403575,0,0,0.610999977588654,0.610999977588654,0.11810266020741,0.11810266020741,0.235626681997213,0.0555199332690159,199.510054712916,47663.2810932055,47663.2810932055
405008,,15383,0,0,0.610999977588654,0.610999977588654,0.016394239896033,0.016394239896033,0.0869446113312132,0.00755936543953572,530.336336924359,252.192592320675,252.192592320675
405009,,360591,0,0,0.610999977588654,0.610999977588654,0.0188255723752051,0.0188255723752051,0.100655973499341,0.0101316250011,534.676829438205,6788.33196834757,6788.33196834757
406001,,166180,0,0,0,0,0,0,0,0,nan,0,0
406002,,113776,0,0,0,0,0,0,0,0,nan,0,0
406003,,45951,0,0,0,0,0,0,0,0,nan,0,0
406004,,30045,0,0,0,0,0,0,0,0,nan,0,0
406005,,320320,0,0,0,0,0,0,0,0,nan,0,0
406006,,4084,0,0,0,0,0,0,0,0,nan,0,0
406007,,426836,0,0,0,0,0,0,0,0,nan,0,0
406008,,32183,0,0,0,0,0,0,0,0,nan,0,0
406009,,80061,0,0,0,0,0,0,0,0,nan,0,0
407001,,252,0,1.21259996414185,2.69779989242554,1.48519992828369,1.30626428859575,1.30626428859575,0.115730777594833,0.0133936128827047,8.85967553466884,329.178600726128,329.178600726128
407002,,6,0,1.24550004482269,1.27840001344681,0.0328999686241152,1.26743335723877,1.26743335723877,0.0155091939433077,0.000240535096771133,1.2236693830669,7.60460014343262,7.60460014343262
407003,,628,0,1.24550004482269,1.31599997758865,0.0704999327659608,1.27941036280173,1.27941036280173,0.0164210696432198,0.000269651528227476,1.28348730951811,803.469707839485,803.469707839485
407004,,3,0,1.31599997758865,1.31599997758865,0,1.31599997758865,1.31599997758865,0,0,0,3.94799993276596,3.94799993276596
407006,,17,0,1.27840001344681,1.31599997758865,0.0375999641418456,1.30272940200918,1.30272940200918,0.0179684442765231,0.000322864989718517,1.37929214223696,22.146399834156,22.146399834156
407007,,5825,0,1.175,1.31599997758865,0.140999977588654,1.27871468904611,1.27871468904611,0.0262531772720046,0.000689229316875297,2.05309108410953,7448.51306369359,7448.51306369359
407009,,2614,0,1.175,1.31599997758865,0.140999977588654,1.27448754436933,1.27448754436933,0.0246904272334389,0.000609617196969742,1.93728274101391,3331.51044098142,3331.51044098142
408001,,152937,0,0,3.50620001792908,3.50620001792908,2.32783513198931,2.32783513198931,0.476779666487575,0.227318850376003,20.4816767276869,356012.12158105,356012.12158105
408002,,97580,0,0,3.50620001792908,3.50620001792908,2.57801762142837,2.57801762142837,0.688089027250207,0.473466509422137,26.6906254453361,251562.95949898,251562.95949898
408003,,1288,0,1.51810000896454,2.69310000896454,1.175,1.96742804096908,1.96742804096908,0.292802963915886,0.0857335756779274,14.8825246880014,2534.04731676817,2534.04731676817
408004,,810,0,0,3.50620001792908,3.50620001792908,1.51443284110817,1.51443284110817,1.06454070530983,1.13324691326155,70.2930282818525,1226.69060129762,1226.69060129762
408005,,416344,0,0,3.50620001792908,3.50620001792908,2.46922149651016,2.46922149651016,0.509543561781895,0.259634641353379,20.6357980643717,1028045.55474303,1028045.55474303
408006,,142697,0,0,3.50620001792908,3.50620001792908,2.26883488997295,2.26883488997295,0.343277553343153,0.117839478629262,15.1301249315346,323755.93229447,323755.93229447
408007,,26635,0,0,3.50620001792908,3.50620001792908,2.19811298116125,2.19811298116125,0.391540027995948,0.153303593523068,17.8125524643915,58546.73925323,58546.73925323
408008,,10865,0,0,3.50620001792908,3.50620001792908,2.44088584060745,2.44088584060745,0.297059558669272,0.0882443813967827,12.1701537092511,26520.2246581999,26520.2246581999
408009,,141073,0,0.733199973106384,3.50620001792908,2.77300004482269,2.46934036607968,2.46934036607968,0.201977965551625,0.0407950985683735,8.17942995328282,348357.253463959,348357.253463959
409001,,2396,0,0.907099975347519,2.43930002689362,1.5322000515461,1.33007644487892,1.33007644487892,0.186375933049581,0.0347359884201019,14.0124226518836,3186.86316192989,3186.86316192989
409002,,4,0,1.68259996414185,1.71080004930496,0.0282000851631163,1.70375002801418,1.70375002801418,0.0122109950700727,0.000149108400601339,0.716712831653201,6.81500011205673,6.81500011205673
409003,,573,0,0.991699950695038,2.43930002689362,1.44760007619858,1.7525094038862,1.7525094038862,0.220208881663786,0.0484919515636153,12.5653466495228,1004.18788842679,1004.18788842679
409004,,56,0,1.34889994621277,1.98339990139008,0.634499955177307,1.53127675009625,1.53127675009625,0.206275595049163,0.0425496211128861,13.4708239406232,85.7514980053902,85.7514980053902
409005,,2374,0,1.09039996862412,2.07269992828369,0.982299959659576,1.26895445010896,1.26895445010896,0.152770012403304,0.0233386766897055,12.0390461919406,3012.49786455866,3012.49786455866
409006,,12868,0,1.09039996862412,2.43930002689362,1.3489000582695,1.47210514345956,1.47210514345956,0.214199857979794,0.045881579158564,14.5505814534692,18943.0489860377,18943.0489860377
409007,,3688,0,0,2.69779989242554,2.69779989242554,1.58483793136994,1.58483793136994,0.296667926246767,0.0880118584635573,18.7191333810597,5844.88229089234,5844.88229089234
409008,,9,0,1.27370001792908,1.65909998655319,0.385399968624115,1.4669222052892,1.4669222052892,0.130972658579853,0.0171538372954747,8.92839839138104,13.2022998476028,13.2022998476028
409009,,2118,0,0.991699950695038,2.69779989242554,1.7060999417305,1.66196702185162,1.66196702185162,0.302966983105902,0.0917889928522921,18.2294220717066,3520.04615228172,3520.04615228172
410001,,58023,0,0,0,0,0,0,0,0,nan,0,0
410002,,41914,0,0,0,0,0,0,0,0,nan,0,0
410003,,7,0,0,0,0,0,0,0,0,nan,0,0
410004,,10556,0,0,0,0,0,0,0,0,nan,0,0
410005,,5423,0,0,0,0,0,0,0,0,nan,0,0
410006,,1684,0,0,0,0,0,0,0,0,nan,0,0
410007,,120602,0,0,0,0,0,0,0,0,nan,0,0
410008,,3199,0,0,0,0,0,0,0,0,nan,0,0
410009,,890,0,0,0,0,0,0,0,0,nan,0,0
411006,,1,0,0,0,0,0,0,0,0,nan,0,0
411007,,11,0,0,0,0,0,0,0,0,nan,0,0
500001,,21757,0,0,0,0,0,0,0,0,nan,0,0
500002,,16697,0,0,0,0,0,0,0,0,nan,0,0
500003,,1779,0,0,0,0,0,0,0,0,nan,0,0
500004,,23083,0,0,0,0,0,0,0,0,nan,0,0
500006,,174407,0,0,0,0,0,0,0,0,nan,0,0
500007,,759018,0,0,0,0,0,0,0,0,nan,0,0
500008,,222599,0,0,0,0,0,0,0,0,nan,0,0
500009,,22002,0,0,0,0,0,0,0,0,nan,0,0
501007,,1,0,0,0,0,0,0,0,0,nan,0,0
501009,,1,0,0,0,0,0,0,0,0,nan,0,0
502001,,155924,0,0,0,0,0,0,0,0,nan,0,0
502002,,1627,0,0,0,0,0,0,0,0,nan,0,0
502003,,1534,0,0,0,0,0,0,0,0,nan,0,0
502004,,25797,0,0,0,0,0,0,0,0,nan,0,0
502005,,16,0,0,0,0,0,0,0,0,nan,0,0
502006,,68692,0,0,0,0,0,0,0,0,nan,0,0
502007,,379862,0,0,0,0,0,0,0,0,nan,0,0
502008,,13427,0,0,0,0,0,0,0,0,nan,0,0
502009,,91485,0,0,0,0,0,0,0,0,nan,0,0
503001,,263976,0,0,0,0,0,0,0,0,nan,0,0
503002,,1661,0,0,0,0,0,0,0,0,nan,0,0
503003,,2829,0,0,0,0,0,0,0,0,nan,0,0
503004,,71636,0,0,0,0,0,0,0,0,nan,0,0
503005,,99,0,0,0,0,0,0,0,0,nan,0,0
503006,,73106,0,0,0,0,0,0,0,0,nan,0,0
503007,,139250,0,0,0,0,0,0,0,0,nan,0,0
503008,,19996,0,0,0,0,0,0,0,0,nan,0,0
503009,,237501,0,0,0.0140999996848404,0.0140999996848404,6.53049867298432e-07,6.53049867298432e-07,9.59561173087146e-05,9.2075764489638e-09,14693.5359937627,0.155099996533245,0.155099996533245
504001,,608401,0,0,0.00469999989494681,0.00469999989494681,0.00136211706008921,0.00136211706008921,0.00213227276725272,4.54658715396758e-06,156.541080772682,828.713381475334,828.713381475334
504002,,15391,0,0,0.00469999989494681,0.00469999989494681,9.77194442455318e-06,9.77194442455318e-06,0.000214085606407786,4.58326468709895e-08,2190.81891081851,0.150399996638298,0.150399996638298
504003,,3889,0,0,0.00469999989494681,0.00469999989494681,0.000717870901928111,0.000717870901928111,0.00169075560972378,2.85865453181242e-06,235.523630388503,2.79179993759842,2.79179993759842
504004,,239054,0,0,0.00469999989494681,0.00469999989494681,0.000573506391592101,0.000573506391592101,0.00153836614596014,2.36657039903626e-06,268.238709892929,137.098996935658,137.098996935658
504006,,87903,0,0,0.00469999989494681,0.00469999989494681,0.00271131013358755,0.00271131013358755,0.00232205829008344,5.39195470254523e-06,85.6434039513932,238.332294672746,238.332294672746
504007,,124027,0,0,0.00469999989494681,0.00469999989494681,0.00026462060088859,0.00026462060088859,0.00108337100476363,1.17369273396255e-06,409.405390633114,32.8200992664092,32.8200992664092
504008,,19477,0,0,0.00469999989494681,0.00469999989494681,0.000766401379388503,0.000766401379388503,0.0017362935605147,3.01471532828483e-06,226.551466008589,14.9271996663499,14.9271996663499
504009,,147545,0,0,0.00469999989494681,0.00469999989494681,0.00233940826381877,0.00233940826381877,0.00234997607846258,5.52238756934635e-06,100.45173024338,345.167992285141,345.167992285141
505001,,4868908,0,0,0.610999977588654,0.610999977588654,0.00879128381724655,0.00879128381724655,0.0204606679245615,0.000418638931919178,232.738111405551,42803.9521080623,42803.9521080623
505002,,96644,0,0,0.0516999997198582,0.0516999997198582,0.0129192125884236,0.0129192125884236,0.0101038149136853,0.00010208707581001,78.2076681882219,1248.56438139561,1248.56438139561
505003,,70087,0,0,0.610999977588654,0.610999977588654,0.0464395821875114,0.0464395821875114,0.135093769211455,0.018250326479758,290.902206367794,3254.81099677611,3254.81099677611
505004,,127986,0,0,0.610999977588654,0.610999977588654,0.00649732238974942,0.00649732238974942,0.0143875856306192,0.000207002620278399,221.43869070308,831.566303374469,831.566303374469
505005,,1971,0,0,0.610999977588654,0.610999977588654,0.0314620998057993,0.0314620998057993,0.0933300783264493,0.00871050352042117,296.642877946901,62.0117987172304,62.0117987172304
505006,,563490,0,0,0.610999977588654,0.610999977588654,0.0124302232687805,0.0124302232687805,0.0221939055818045,0.000492569444974055,178.547923894065,7004.3065097251,7004.3065097251
505007,,3093176,0,0,0.610999977588654,0.610999977588654,0.0161138782710344,0.0161138782710344,0.0519411431921904,0.00269788235611163,322.337939498758,49843.0615348851,49843.0615348851
505008,,255371,0,0,0.610999977588654,0.610999977588654,0.00899808018910395,0.00899808018910395,0.04740433486541,0.00224717096403192,526.827210573355,2297.84873597166,2297.84873597166
505009,,4122151,0,0,0.610999977588654,0.610999977588654,0.023028409948799,0.023028409948799,0.0360944412520732,0.00130280868929936,156.738747192381,94926.5830988516,94926.5830988516
506001,,386201,0,0,0,0,0,0,0,0,nan,0,0
506002,,4654,0,0,0,0,0,0,0,0,nan,0,0
506003,,16367,0,0,0,0,0,0,0,0,nan,0,0
506004,,46573,0,0,0,0,0,0,0,0,nan,0,0
506005,,1620,0,0,0,0,0,0,0,0,nan,0,0
506006,,39909,0,0,0,0,0,0,0,0,nan,0,0
506007,,193290,0,0,0,0,0,0,0,0,nan,0,0
506008,,37313,0,0,0,0,0,0,0,0,nan,0,0
506009,,231204,0,0,0,0,0,0,0,0,nan,0,0
507001,,93348,0,0.831899991035461,2.69779989242554,1.86589990139008,1.76792650681053,1.76792650681053,0.211381793199143,0.0446822624960853,11.9564807917549,165032.403557749,165032.403557749
507003,,60889,0,0.907099975347519,2.69779989242554,1.79069991707802,1.694813873197,1.694813873197,0.0575932543199289,0.00331698294316001,3.39820526789106,103195.521925092,103195.521925092
507004,,14,0,1.73900002241135,2.43930002689362,0.700300004482269,1.98004288179534,1.98004288179534,0.324812552503318,0.105503194263721,16.4043190927666,27.7206003451347,27.7206003451347
507005,,2,0,1.73900002241135,1.73900002241135,0,1.73900002241135,1.73900002241135,0,0,0,3.47800004482269,3.47800004482269
507006,,24380,0,0.831899991035461,2.69779989242554,1.86589990139008,1.69900335750083,1.69900335750083,0.176381130862826,0.0311103033244492,10.3814468690795,41421.7018558703,41421.7018558703
507007,,494831,0,0.831899991035461,2.69779989242554,1.86589990139008,1.69497253966132,1.69497253966132,0.178778839606621,0.0319618734910898,10.5475950449523,838724.956773153,838724.956773153
507008,,5394,0,0.831899991035461,2.43930002689362,1.60740003585815,1.70857287142714,1.70857287142714,0.162698031218066,0.0264706493622347,9.52245197959671,9216.04206847797,9216.04206847797
507009,,974448,0,0.831899991035461,2.69779989242554,1.86589990139008,1.65444412045683,1.65444412045683,0.159401383020653,0.0254088009088968,9.63473961131058,1612169.76429091,1612169.76429091
508001,,1648386,0,0,3.50620001792908,3.50620001792908,2.1876924692004,2.1876924692004,0.33622054682598,0.113044256107961,15.3687299087732,3606161.63853536,3606161.63853536
508002,,8,0,2.43930002689362,2.43930002689362,0,2.43930002689362,2.43930002689362,0,0,0,19.5144002151489,19.5144002151489
508003,,45581,0,0,3.50620001792908,3.50620001792908,1.91261654722021,1.91261654722021,0.556892825296641,0.310129618866875,29.1168047304635,87178.9748388443,87178.9748388443
508004,,57078,0,0.643900002241135,3.50620001792908,2.86230001568794,2.18747073380857,2.18747073380857,0.564827850657367,0.319030500878221,25.8210471997472,124856.454544326,124856.454544326
508005,,4,0,1.78129998207092,1.78129998207092,0,1.78129998207092,1.78129998207092,0,0,0,7.12519992828369,7.12519992828369
508006,,567635,0,0,3.50620001792908,3.50620001792908,2.15950337269012,2.15950337269012,0.4808209729352,0.231188808014353,22.2653494787663,1225809.69695696,1225809.69695696
508007,,1208790,0,0,3.50620001792908,3.50620001792908,2.02285606843533,2.02285606843533,0.533406843081999,0.284522860246704,26.3689963613965,2445208.18696394,2445208.18696394
508008,,70729,0,0,3.50620001792908,3.50620001792908,2.18933542457107,2.18933542457107,0.556757641763313,0.309979071661846,25.4304404667637,154849.505244487,154849.505244487
508009,,2626365,0,0,3.50620001792908,3.50620001792908,1.88501676904565,1.88501676904565,0.400006161825689,0.160004929498519,21.2202972617695,4950742.06663457,4950742.06663457
509001,,108541,0,0,2.69779989242554,2.69779989242554,1.64334507620339,1.64334507620339,0.366150369366651,0.134066092987335,22.2807963262692,178370.317916193,178370.317916193
509003,,55172,0,0,3.05029989242554,3.05029989242554,1.36633563719957,1.36633563719957,0.257461403725671,0.0662863744083931,18.8432034352381,75383.4697755748,75383.4697755748
509004,,6607,0,0.733199973106384,2.69310000896454,1.95990003585815,1.80176739806501,1.80176739806501,0.301685479458111,0.0910141285158702,16.7438638184986,11904.2771990155,11904.2771990155
509005,,4,0,1.09039996862412,1.09039996862412,0,1.09039996862412,1.09039996862412,0,0,0,4.36159987449646,4.36159987449646
509006,,169442,0,0,2.69779989242554,2.69779989242554,1.30592810610613,1.30592810610613,0.24658463455125,0.0608039819967733,18.8819455985588,221279.070154836,221279.070154836
509007,,516582,0,0,3.05029989242554,3.05029989242554,1.36747277798403,1.36747277798403,0.328960841346116,0.108215235139145,24.0561162636876,706411.822596546,706411.822596546
509008,,8856,0,0,3.05029989242554,3.05029989242554,1.6428819161119,1.6428819161119,0.404227498027543,0.163399870161607,24.604781029193,14549.362249087,14549.362249087
509009,,1032561,0,0,2.69779989242554,2.69779989242554,1.3415809432549,1.3415809432549,0.288562124645645,0.0832680997800089,21.5091102848811,1385264.16034823,1385264.16034823
510001,,137226,0,0,0.0140999996848404,0.0140999996848404,4.8189846327884e-05,4.8189846327884e-05,0.000822894013070072,6.77154556746567e-07,1707.60870966696,6.61289985219021,6.61289985219021
510002,,5836,0,0,0,0,0,0,0,0,nan,0,0
510003,,18008,0,0,0.0140999996848404,0.0140999996848404,0.0124400708014655,0.0124400708014655,0.00454418670771557,2.06496328345789e-05,36.5286241552599,224.020794992791,224.020794992791
510004,,36346,0,0,0.0140999996848404,0.0140999996848404,3.87938141331658e-07,3.87938141331658e-07,7.39579419299406e-05,5.46977717451246e-09,19064.3646628992,0.0140999996848404,0.0140999996848404
510006,,11286,0,0,0.0140999996848404,0.0140999996848404,0.0120098615072115,0.0120098615072115,0.00501021656660313,2.51022700442645e-05,41.7175215850297,135.543296970389,135.543296970389
510007,,59682,0,0,0.0140999996848404,0.0140999996848404,0.00185505173294087,0.00185505173294087,0.00476602684821893,2.27150119179437e-05,256.921505938985,110.713197525377,110.713197525377
510008,,13847,0,0,0.0140999996848404,0.0140999996848404,0.00010590019262103,0.00010590019262103,0.00121736511851782,1.48197783178389e-06,1149.54004179598,1.46639996722341,1.46639996722341
510009,,54603,0,0,0.0140999996848404,0.0140999996848404,0.00927114423538934,0.00927114423538934,0.00669096520419138,4.47690153636998e-05,72.1697886939454,506.232288684964,506.232288684964
600001,,4883,0,0,0,0,0,0,0,0,nan,0,0
600002,,28230,0,0,0,0,0,0,0,0,nan,0,0
600003,,2589,0,0,0,0,0,0,0,0,nan,0,0
600004,,10974,0,0,0,0,0,0,0,0,nan,0,0
600005,,12682,0,0,0,0,0,0,0,0,nan,0,0
600006,,113438,0,0,0,0,0,0,0,0,nan,0,0
600007,,315629,0,0,0,0,0,0,0,0,nan,0,0
600008,,6810,0,0,0,0,0,0,0,0,nan,0,0
600009,,229500,0,0,0,0,0,0,0,0,nan,0,0
601006,,21538,0,0,0,0,0,0,0,0,nan,0,0
601009,,3,0,0,0,0,0,0,0,0,nan,0,0
602001,,6440,0,0,0,0,0,0,0,0,nan,0,0
602002,,588,0,0,0,0,0,0,0,0,nan,0,0
602003,,3802,0,0,0,0,0,0,0,0,nan,0,0
602004,,4207,0,0,0,0,0,0,0,0,nan,0,0
602005,,83,0,0,0,0,0,0,0,0,nan,0,0
602006,,34131,0,0,0,0,0,0,0,0,nan,0,0
602007,,78395,0,0,0,0,0,0,0,0,nan,0,0
602008,,1141,0,0,0,0,0,0,0,0,nan,0,0
602009,,40314,0,0,0,0,0,0,0,0,nan,0,0
603001,,8376,0,0,0,0,0,0,0,0,nan,0,0
603002,,914,0,0,0,0,0,0,0,0,nan,0,0
603003,,2115,0,0,0,0,0,0,0,0,nan,0,0
603004,,542,0,0,0,0,0,0,0,0,nan,0,0
603005,,481,0,0,0,0,0,0,0,0,nan,0,0
603006,,173052,0,0,0,0,0,0,0,0,nan,0,0
603007,,59370,0,0,0,0,0,0,0,0,nan,0,0
603008,,1044,0,0,0,0,0,0,0,0,nan,0,0
603009,,56779,0,0,0,0,0,0,0,0,nan,0,0
604003,,2,0,0.0187999995797873,0.0187999995797873,0,0.0187999995797873,0.0187999995797873,0,0,0,0.0375999991595745,0.0375999991595745
604004,,5,0,0.0187999995797873,0.0187999995797873,0,0.0187999995797873,0.0187999995797873,0,0,0,0.0939999978989363,0.0939999978989363
604006,,31,0,0.0187999995797873,0.0187999995797873,0,0.0187999995797873,0.0187999995797873,0,0,0,0.582799986973405,0.582799986973405
604007,,2499,0,0,0.0516999997198582,0.0516999997198582,0.0187247694922335,0.0187247694922335,0.00174216551568,3.03514068402456e-06,9.30406922447082,46.7931989610916,46.7931989610916
604009,,17,0,0.0187999995797873,0.0516999997198582,0.0329000001400709,0.0207352937056738,0.0207352937056738,0.00774117650354611,5.99258136590544e-05,37.3333342340259,0.352499992996454,0.352499992996454
605001,,652552,0,0,0.610999977588654,0.610999977588654,0.437896377791505,0.437896377791505,0.275221636730466,0.0757469493245963,62.8508594016063,285750.157120602,285750.157120602
605002,,22833,0,0,0.610999977588654,0.610999977588654,0.214623650867757,0.214623650867757,0.291629940044588,0.0850480219304102,135.879684678498,4900.5018202635,4900.5018202635
605003,,131856,0,0,0.610999977588654,0.610999977588654,0.278444228201124,0.278444228201124,0.303911574273049,0.0923622449771229,109.146300584665,36714.5421536874,36714.5421536874
605004,,25038,0,0,0.610999977588654,0.610999977588654,0.252623395159203,0.252623395159203,0.300884658175283,0.0905315775252567,119.104035469742,6325.18456799612,6325.18456799612
605005,,6374,0,0,0.610999977588654,0.610999977588654,0.33435329805916,0.33435329805916,0.304134394138202,0.0924977296978113,90.9619841956484,2131.16792182909,2131.16792182909
605006,,148060,0,0,0.610999977588654,0.610999977588654,0.423785455212877,0.423785455212877,0.281533215484445,0.0792609514210108,66.4329584749492,62745.6744988185,62745.6744988185
605007,,4228070,0,0,0.610999977588654,0.610999977588654,0.403914474936639,0.403914474936639,0.288959970413854,0.0834978645015751,71.5398898391007,1707778.67404536,1707778.67404536
605008,,45931,0,0,0.610999977588654,0.610999977588654,0.398649337673709,0.398649337673709,0.290545635341473,0.0844167662159799,72.8825079798029,18310.3627286911,18310.3627286911
605009,,579196,0,0,0.610999977588654,0.610999977588654,0.428774589256125,0.428774589256125,0.279052700860904,0.0778704098577649,65.0814455551175,248344.526998791,248344.526998791
606001,,375469,0,0,0,0,0,0,0,0,nan,0,0
606002,,11140,0,0,0,0,0,0,0,0,nan,0,0
606003,,144650,0,0,0,0,0,0,0,0,nan,0,0
606004,,10116,0,0,0,0,0,0,0,0,nan,0,0
606005,,33854,0,0,0,0,0,0,0,0,nan,0,0
606006,,941315,0,0,0,0,0,0,0,0,nan,0,0
606007,,5048221,0,0,0,0,0,0,0,0,nan,0,0
606008,,106933,0,0,0,0,0,0,0,0,nan,0,0
606009,,1528200,0,0,0,0,0,0,0,0,nan,0,0
607001,,285203,0,0.831899991035461,2.69779989242554,1.86589990139008,1.20687092140177,1.20687092140177,0.0642595073920177,0.00412928429026478,5.32447225734639,344203.207396548,344203.207396548
607002,,6754,0,1.04810000896454,1.31599997758865,0.267899968624115,1.21256521494108,1.21256521494108,0.0479687676897941,0.00230100267367743,3.95597425183642,8189.66546171205,8189.66546171205
607003,,84630,0,0.907099975347519,2.69779989242554,1.79069991707802,1.22881336849963,1.22881336849963,0.117575048972005,0.0138238921407695,9.56817788494308,103994.475376123,103994.475376123
607004,,13755,0,1.04810000896454,1.71080004930496,0.662700040340424,1.19432041469191,1.19432041469191,0.0465042653748702,0.00216264669805635,3.89378468313852,16427.8773040873,16427.8773040873
607005,,24369,0,1.04810000896454,1.31599997758865,0.267899968624115,1.18844136752062,1.18844136752062,0.043295687401238,0.00187451654754572,3.64306465463782,28961.1276851099,28961.1276851099
607006,,40089,0,0.831899991035461,2.69779989242554,1.86589990139008,1.22535926245991,1.22535926245991,0.122061797758814,0.0148990824721136,9.96130698141328,49123.4274727555,49123.4274727555
607007,,2710095,0,0.00939999978989363,2.69779989242554,2.68839989263564,1.24007610846128,1.24007610846128,0.0975010646647911,0.00950645761076777,7.86250650258659,3360724.06116038,3360724.06116038
607008,,27705,0,0.991699950695038,2.43930002689362,1.44760007619858,1.19912480903785,1.19912480903785,0.0604089113350852,0.00364923656869019,5.03775010572551,33221.7528343937,33221.7528343937
607009,,179442,0,0.831899991035461,2.69779989242554,1.86589990139008,1.26131672587918,1.26131672587918,0.203640714748976,0.0414695407034738,16.1450895378424,226333.195925213,226333.195925213
608001,,401973,0,0.643900002241135,3.50620001792908,2.86230001568794,1.69701873223486,1.69701873223486,0.256595489158386,0.0658412450564315,15.1203686962528,682155.710852645,682155.710852645
608002,,6622,0,0.733199973106384,2.36879998207092,1.63560000896454,1.77658366014794,1.77658366014794,0.163517476366745,0.0267379650773492,9.20404031820989,11764.5369974997,11764.5369974997
608003,,61023,0,0.719099986553192,3.50620001792908,2.78710003137589,1.73499393803232,1.73499393803232,0.205573125014899,0.0422603097283915,11.8486365000239,105874.535080546,105874.535080546
608004,,4361,0,0.8225,3.50620001792908,2.68370001792908,1.81845487598982,1.81845487598982,0.288195442954508,0.0830566133397453,15.8483692259692,7930.28171419162,7930.28171419162
608005,,32261,0,0.719099986553192,2.36879998207092,1.64969999551773,1.60784477162982,1.60784477162982,0.287668946175931,0.0827534225939707,17.8915870021663,51870.6801775495,51870.6801775495
608006,,1187066,0,0.00939999978989363,3.05029989242554,3.04089989263564,1.58279182705998,1.58279182705998,0.298684638620073,0.0892125133476038,18.8707468356642,1878878.36298078,1878878.36298078
608007,,2779840,0,0,3.50620001792908,3.50620001792908,1.67799526131125,1.67799526131125,0.248244505267226,0.0616253343953699,14.7941124144319,4664558.34720346,4664558.34720346
608008,,38352,0,0.465300004482269,3.50620001792908,3.04090001344681,1.63451543218961,1.63451543218961,0.249922694301404,0.0624613531268732,15.2903233202641,62686.935855336,62686.935855336
608009,,2857890,0,0.258500005602837,3.50620001792908,3.24770001232624,1.59830974323565,1.59830974323565,0.260530584792687,0.0678761856124194,16.3003814432904,4567793.43209574,4567793.43209574
609001,,496121,0,0,3.05029989242554,3.05029989242554,1.48718591229335,1.48718591229335,0.334677857641744,0.112009268395667,22.5041035471917,737824.161992889,737824.161992889
609002,,12852,0,0.907099975347519,2.36879998207092,1.4617000067234,1.49703813956477,1.49703813956477,0.235089946880486,0.0552672831242699,15.7036711802702,19239.9341696864,19239.9341696864
609003,,127322,0,0,3.05029989242554,3.05029989242554,1.4545045935976,1.4545045935976,0.300314325418804,0.0901886940517513,20.6471898913705,185190.433866034,185190.433866034
609004,,931,0,0.869500011205673,2.36879998207092,1.49929997086525,1.60808152650786,1.60808152650786,0.345259085449224,0.119203836085234,21.4702476061021,1497.12390117882,1497.12390117882
609005,,73310,0,0.719099986553192,2.43930002689362,1.72020004034042,1.40392020684213,1.40392020684213,0.257462184457482,0.0662867764256183,18.3388046701455,102921.390363597,102921.390363597
609006,,4020836,0,0,3.05029989242554,3.05029989242554,1.28260449530957,1.28260449530957,0.293277474513023,0.086011677056737,22.8657762845466,5157142.32850254,5157142.32850254
609007,,6106752,0,0,3.05029989242554,3.05029989242554,1.45250437960561,1.45250437960561,0.334446767770734,0.111854640472291,23.0255256002425,8870084.02516532,8870084.02516532
609008,,93124,0,0,3.05029989242554,3.05029989242554,1.40451937156614,1.40451937156614,0.271494994524353,0.0737095320517786,19.3300996782705,130794.461957725,130794.461957725
609009,,11177265,0,0,3.05029989242554,3.05029989242554,1.32551362436825,1.32551362436825,0.280990134733882,0.078955455817765,21.1985851799753,14815617.0406744,14815617.0406744
610001,,52,0,0,0.0140999996848404,0.0140999996848404,0.00406730760139628,0.00406730760139628,0.00638796092454084,4.08060447734607e-05,157.056253191863,0.211499995272607,0.211499995272607
610003,,46,0,0.0140999996848404,0.0140999996848404,0,0.0140999996848404,0.0140999996848404,0,0,0,0.64859998550266,0.64859998550266
610006,,1496,0,0,0.0140999996848404,0.0140999996848404,0.00341189831946007,0.00341189831946007,0.00603876767948228,3.64667150867598e-05,176.991431574605,5.10419988591227,5.10419988591227
610007,,10230,0,0,0.0140999996848404,0.0140999996848404,0.0133915539528767,0.0133915539528767,0.00308012812108267,9.48718924228426e-06,23.000528033724,136.995596937928,136.995596937928
610008,,11,0,0,0.0140999996848404,0.0140999996848404,0.00256363630633463,0.00256363630633463,0.00543829385011574,2.95750400002067e-05,212.132034355964,0.0281999993696809,0.0281999993696809
610009,,1769,0,0,0.0140999996848404,0.0140999996848404,0.0114617295346526,0.0114617295346526,0.00549901253870163,3.02391389007977e-05,47.9771619289767,20.2757995468005,20.2757995468005
611003,,2,0,0,0,0,0,0,0,0,nan,0,0
611007,,93,0,0,0,0,0,0,0,0,nan,0,0
700001,,2215,0,0,0,0,0,0,0,0,nan,0,0
700002,,7554,0,0,0,0,0,0,0,0,nan,0,0
700003,,7973,0,0,0,0,0,0,0,0,nan,0,0
700004,,16084,0,0,0,0,0,0,0,0,nan,0,0
700005,,7414,0,0,0,0,0,0,0,0,nan,0,0
700006,,4756,0,0,0,0,0,0,0,0,nan,0,0
700007,,239066,0,0,0,0,0,0,0,0,nan,0,0
700008,,82052,0,0,0,0,0,0,0,0,nan,0,0
700009,,389,0,0,0,0,0,0,0,0,nan,0,0
702001,,3747,0,0,0,0,0,0,0,0,nan,0,0
702002,,239,0,0,0,0,0,0,0,0,nan,0,0
702003,,729,0,0,0,0,0,0,0,0,nan,0,0
702004,,1991,0,0,0,0,0,0,0,0,nan,0,0
702005,,3563,0,0,0,0,0,0,0,0,nan,0,0
702006,,2039,0,0,0,0,0,0,0,0,nan,0,0
702007,,50466,0,0,0,0,0,0,0,0,nan,0,0
702008,,12942,0,0,0,0,0,0,0,0,nan,0,0
702009,,160,0,0,0,0,0,0,0,0,nan,0,0
703001,,3664,0,0,0,0,0,0,0,0,nan,0,0
703002,,385,0,0,0,0,0,0,0,0,nan,0,0
703003,,1807,0,0,0,0,0,0,0,0,nan,0,0
703004,,1211,0,0,0,0,0,0,0,0,nan,0,0
703005,,1908,0,0,0,0,0,0,0,0,nan,0,0
703006,,361,0,0,0,0,0,0,0,0,nan,0,0
703007,,20933,0,0,0,0,0,0,0,0,nan,0,0
703008,,6240,0,0,0,0,0,0,0,0,nan,0,0
703009,,164,0,0,0,0,0,0,0,0,nan,0,0
704001,,2777,0,0.0187999995797873,0.0516999997198582,0.0329000001400709,0.0447930137343837,0.0447930137343837,0.0133990068470029,0.00017953338448603,29.9131621874275,124.390199140384,124.390199140384
704002,,66,0,0.0187999995797873,0.0516999997198582,0.0329000001400709,0.0402348481558941,0.0402348481558941,0.0156765362142177,0.000245753787675679,38.9625832648289,2.65549997828901,2.65549997828901
704003,,60174,0,0.0187999995797873,0.0516999997198582,0.0329000001400709,0.0190115128590091,0.0190115128590091,0.00262400744722759,6.88541508310585e-06,13.8022022060393,1143.99877477801,1143.99877477801
704004,,7134,0,0.0187999995797873,0.0516999997198582,0.0329000001400709,0.019845542057428,0.019845542057428,0.00576301096543169,3.32122953876859e-05,29.0393225277244,141.578097037691,141.578097037691
704005,,171666,0,0.0187999995797873,0.0516999997198582,0.0329000001400709,0.0189438748968089,0.0189438748968089,0.00215375906077163,4.6386780918559e-06,11.3691579600456,3252.01922803559,3252.01922803559
704006,,1899,0,0.0187999995797873,0.0516999997198582,0.0329000001400709,0.0296973666614629,0.0296973666614629,0.0154845332251507,0.000239770769200796,52.1410985750611,56.3952992901181,56.3952992901181
704007,,154011,0,0.0187999995797873,0.0516999997198582,0.0329000001400709,0.0222421374942243,0.0222421374942243,0.0100644867379539,0.00010129389329845,45.2496381724437,3425.53383762297,3425.53383762297
704008,,15440,0,0.0187999995797873,0.0516999997198582,0.0329000001400709,0.0208178946672359,0.0208178946672359,0.0078815868656987,6.21194115215542e-05,37.8596730922224,321.428293662122,321.428293662122
704009,,36,0,0.0187999995797873,0.0516999997198582,0.0329000001400709,0.0315944440787037,0.0315944440787037,0.016038684976351,0.000257239415770628,50.7642575903461,1.13739998683333,1.13739998683333
705001,,20837,0,0,0.610999977588654,0.610999977588654,0.0699358711210098,0.0699358711210098,0.194523115822555,0.0378392425893152,278.144981544553,1457.25374654848,1457.25374654848
705002,,7711,0,0,0.610999977588654,0.610999977588654,0.0554662150579772,0.0554662150579772,0.175537332623271,0.0308133551444929,316.476133155628,427.699984312062,427.699984312062
705003,,244646,0,0,0.610999977588654,0.610999977588654,0.152881515856283,0.152881515856283,0.264614851489927,0.0700210196290359,173.084921357451,37401.8513281762,37401.8513281762
705004,,59323,0,0,0.610999977588654,0.610999977588654,0.132275724631209,0.132275724631209,0.251520807041228,0.0632627163746705,190.14887859619,7846.99281229719,7846.99281229719
705005,,33600,0,0,0.610999977588654,0.610999977588654,0.0226292402465582,0.0226292402465582,0.114506612160529,0.0131117642284818,506.011739293569,760.342472284354,760.342472284354
705006,,7757,0,0,0.610999977588654,0.610999977588654,0.348703996491523,0.348703996491523,0.302429589941606,0.0914636568722482,86.7296024664169,2704.89690078475,2704.89690078475
705007,,1334082,0,0,0.610999977588654,0.610999977588654,0.15936942452025,0.15936942452025,0.268279168753983,0.071973712387328,168.337916486544,212611.880602824,212611.880602824
705008,,84496,0,0,0.610999977588654,0.610999977588654,0.131695723962164,0.131695723962164,0.251177274150411,0.0630900230496309,190.725459106458,11127.761891907,11127.761891907
705009,,108,0,0,0.610999977588654,0.610999977588654,0.0113148143997899,0.0113148143997899,0.0823730922072839,0.0067853263197897,728.010988928052,1.22199995517731,1.22199995517731
706001,,33679,0,0,0,0,0,0,0,0,nan,0,0
706002,,3496,0,0,0,0,0,0,0,0,nan,0,0
706003,,102253,0,0,0,0,0,0,0,0,nan,0,0
706004,,16605,0,0,0,0,0,0,0,0,nan,0,0
706005,,19161,0,0,0,0,0,0,0,0,nan,0,0
706006,,4478,0,0,0,0,0,0,0,0,nan,0,0
706007,,1226528,0,0,0,0,0,0,0,0,nan,0,0
706008,,34494,0,0,0,0,0,0,0,0,nan,0,0
706009,,2854,0,0,0,0,0,0,0,0,nan,0,0
707001,,1381,0,1.04810000896454,1.31599997758865,0.267899968624115,1.17437719712128,1.17437719712128,0.0592952132918522,0.00351592231932625,5.04907736945175,1621.81490922448,1621.81490922448
707002,,1232,0,1.08099997758865,1.31599997758865,0.235,1.19470032353292,1.19470032353292,0.0385788476773682,0.00148832748811357,3.22916524901277,1471.87079859256,1471.87079859256
707003,,38425,0,1.04810000896454,1.31599997758865,0.267899968624115,1.18007564385715,1.18007564385715,0.0522402765607151,0.00272904649514,4.42685829782611,45344.4066152109,45344.4066152109
707004,,20387,0,1.04810000896454,1.31599997758865,0.267899968624115,1.19469704658197,1.19469704658197,0.049552314242986,0.00245543184683564,4.14768868683112,24356.2886886667,24356.2886886667
707005,,2336,0,1.04810000896454,1.31599997758865,0.267899968624115,1.18313044121819,1.18313044121819,0.05680701742844,0.00322703722911509,4.80141626395391,2763.7927106857,2763.7927106857
707006,,1171,0,1.04810000896454,1.31599997758865,0.267899968624115,1.20606976783549,1.20606976783549,0.0612895030124034,0.00375640317950741,5.08175436006479,1412.30769813536,1412.30769813536
707007,,387423,0,1.04810000896454,1.31599997758865,0.267899968624115,1.18583976960971,1.18583976960971,0.0558117586008185,0.00311495239811604,4.70651769582558,459421.601061504,459421.601061504
707008,,32574,0,1.04810000896454,1.31599997758865,0.267899968624115,1.1760444997384,1.1760444997384,0.0570215565844199,0.0032514579153102,4.84858834823885,38308.4735344786,38308.4735344786
707009,,469,0,1.04810000896454,1.31599997758865,0.267899968624115,1.11598441957156,1.11598441957156,0.0548400554476754,0.00300743168150412,4.91405206792485,523.396692779062,523.396692779062
708001,,67044,0,0.643900002241135,2.36879998207092,1.72489997982979,1.57965837967032,1.57965837967032,0.1811357801809,0.0328101708617433,11.4667691769346,105906.616406617,105906.616406617
708002,,6413,0,0.8225,2.36879998207092,1.54629998207092,1.78083972946982,1.78083972946982,0.159826875382723,0.0255446300946046,8.97480400610257,11420.5251850899,11420.5251850899
708003,,144789,0,0.719099986553192,2.69779989242554,1.97869990587234,1.71799519798226,1.71799519798226,0.212766149698353,0.0452694344574621,12.3845602099611,248746.806720653,248746.806720653
708004,,23369,0,0.733199973106384,2.36879998207092,1.63560000896454,1.74671157164808,1.74671157164808,0.232535195086195,0.054072616953775,13.3127414314197,40818.902717844,40818.902717844
708005,,25215,0,0.0658000002801418,3.09730007171631,3.03150007143617,1.5807248973209,1.5807248973209,0.375572129241121,0.141054424262709,23.7594871743755,39857.9782859466,39857.9782859466
708006,,7677,0,0.643900002241135,2.22779989242554,1.5838998901844,1.69029005989091,1.69029005989091,0.214553943663864,0.0460333947417166,12.693321031404,12976.3567897825,12976.3567897825
708007,,974579,0,0.531099997758865,3.09730007171631,2.56620007395744,1.67229790364054,1.67229790364054,0.259949262119916,0.0675736188766888,15.5444350886295,1629786.4186321,1629786.4186321
708008,,71011,0,0.643900002241135,3.09730007171631,2.45340006947517,1.60842211189439,1.60842211189439,0.309207635789881,0.0956093620307679,19.2242840671781,114215.662587732,114215.662587732
708009,,3543,0,0.643900002241135,2.53329993724823,1.88939993500709,1.52606465775849,1.52606465775849,0.324671213876632,0.105411397120126,21.2750627718169,5406.84708243834,5406.84708243834
709001,,404124,0,0.390099992156029,2.36879998207092,1.97869998991489,1.43205863316613,1.43205863316613,0.236987347758154,0.0561630029974441,16.5487182067539,578729.263069628,578729.263069628
709002,,8960,0,0.719099986553192,2.36879998207092,1.64969999551773,1.50143441857023,1.50143441857023,0.23043982801456,0.0531025143353799,15.3479782509582,13452.8523903893,13452.8523903893
709003,,896409,0,0,2.69779989242554,2.69779989242554,1.45865113145464,1.45865113145464,0.270777239238157,0.0733203132894379,18.5635367771679,1307548.00209612,1307548.00209612
709004,,115118,0,0,2.36879998207092,2.36879998207092,1.51510128837761,1.51510128837761,0.308943357291963,0.0954459980148297,20.3909375341357,174415.430115454,174415.430115454
709005,,418927,0,0.15510000616312,2.36879998207092,2.2136999759078,1.44457300537434,1.44457300537434,0.231645082400794,0.0536594442004708,16.0355400204067,605170.635422458,605170.635422458
709006,,39287,0,0.15510000616312,2.36879998207092,2.2136999759078,1.34015641143549,1.34015641143549,0.241448082170458,0.0582971763837922,18.0164106301469,52650.7249360659,52650.7249360659
709007,,8478260,0,0,3.05029989242554,3.05029989242554,1.45834664294395,1.45834664294395,0.248686613879609,0.0618450319229055,17.0526407478532,12364242.009006,12364242.009006
709008,,929388,0,0,2.53329993724823,2.53329993724823,1.4174675240918,1.4174675240918,0.220409867266027,0.0485805095882276,15.5495532363077,1317377.30728063,1317377.30728063
709009,,67203,0,0.286700006723404,2.36879998207092,2.08209997534752,1.3100659448225,1.3100659448225,0.232307515344048,0.0539667816853252,17.7325054713581,88040.3616899063,88040.3616899063
711001,,706,0,0,0,0,0,0,0,0,nan,0,0
711002,,202,0,0,0,0,0,0,0,0,nan,0,0
711003,,10276,0,0,0,0,0,0,0,0,nan,0,0
711004,,3111,0,0,0,0,0,0,0,0,nan,0,0
711005,,942,0,0,0,0,0,0,0,0,nan,0,0
711006,,6647,0,0,0,0,0,0,0,0,nan,0,0
711007,,62963,0,0,0,0,0,0,0,0,nan,0,0
711008,,19680,0,0,0,0,0,0,0,0,nan,0,0
800001,,33880,0,0,0,0,0,0,0,0,nan,0,0
800002,,24663,0,0,0,0,0,0,0,0,nan,0,0
800003,,10043,0,0,0,0,0,0,0,0,nan,0,0
800004,,64127,0,0,0,0,0,0,0,0,nan,0,0
800005,,97577,0,0,0,0,0,0,0,0,nan,0,0
800006,,201106,0,0,0,0,0,0,0,0,nan,0,0
800007,,784256,0,0,0,0,0,0,0,0,nan,0,0
800008,,59019,0,0,0,0,0,0,0,0,nan,0,0
800009,,234431,0,0,0,0,0,0,0,0,nan,0,0
801003,,36,0,0,0,0,0,0,0,0,nan,0,0
801005,,13851,0,0,0,0,0,0,0,0,nan,0,0
801006,,33434,0,0,0,0,0,0,0,0,nan,0,0
801007,,32,0,0,0,0,0,0,0,0,nan,0,0
801009,,2154,0,0,0,0,0,0,0,0,nan,0,0
802001,,33068,0,0,0,0,0,0,0,0,nan,0,0
802002,,1051,0,0,0,0,0,0,0,0,nan,0,0
802003,,16644,0,0,0,0,0,0,0,0,nan,0,0
802004,,571,0,0,0,0,0,0,0,0,nan,0,0
802005,,1819314,0,0,0,0,0,0,0,0,nan,0,0
802006,,1695487,0,0,0,0,0,0,0,0,nan,0,0
802007,,100059,0,0,0,0,0,0,0,0,nan,0,0
802008,,16121,0,0,0,0,0,0,0,0,nan,0,0
802009,,373407,0,0,0,0,0,0,0,0,nan,0,0
803001,,515862,0,0,0,0,0,0,0,0,nan,0,0
803002,,1895,0,0,0,0,0,0,0,0,nan,0,0
803003,,20326,0,0,0,0,0,0,0,0,nan,0,0
803004,,4953,0,0,0,0,0,0,0,0,nan,0,0
803005,,679377,0,0,0.0140999996848404,0.0140999996848404,1.38638779197314e-05,1.38638779197314e-05,0.00044191454738208,1.95288467187908e-07,3187.52480323803,9.41879978947339,9.41879978947339
803006,,1297540,0,0,0.0140999996848404,0.0140999996848404,5.04650327052688e-05,5.04650327052688e-05,0.000842027449501454,7.09010225713923e-07,1668.53641890842,65.4803985363944,65.4803985363944
803007,,448301,0,0,0.0140999996848404,0.0140999996848404,9.12110369730098e-07,9.12110369730098e-07,0.000113401604840529,1.28599239804075e-08,12432.8818752588,0.408899990860373,0.408899990860373
803008,,25379,0,0,0,0,0,0,0,0,nan,0,0
803009,,923550,0,0,0.0140999996848404,0.0140999996848404,1.18167936290037e-05,1.18167936290037e-05,0.000408016114673316,1.66477149833108e-07,3452.84962641524,10.9133997560664,10.9133997560664
804001,,544515,0,0,2.15730007171631,2.15730007171631,0.0318910003348641,0.0318910003348641,0.241764126790574,0.0584498930028087,758.095149891774,17365.1280473385,17365.1280473385
804002,,235,0,0,0,0,0,0,0,0,nan,0,0
804003,,19340,0,0,0.0470000007003546,0.0470000007003546,0.0186629370964021,0.0186629370964021,0.0203789824545375,0.000415302925882348,109.194937266687,360.941203444416,360.941203444416
804004,,18033,0,0,2.15730007171631,2.15730007171631,0.0071489104572577,0.0071489104572577,0.105146205362331,0.0110557245020975,1470.80042463792,128.916302275728,128.916302275728
804006,,31718,0,0,2.15730007171631,2.15730007171631,0.00824270764288554,0.00824270764288554,0.0896256912999486,0.00803276454099369,1087.33313351598,261.442201017044,261.442201017044
804007,,272565,0,0,2.15730007171631,2.15730007171631,0.0234915339253205,0.0234915339253205,0.199315411347875,0.0397266332007727,848.456350196194,6402.96994435499,6402.96994435499
804008,,5787,0,0,0.0470000007003546,0.0470000007003546,0.0047479176429692,0.0047479176429692,0.00158772088277159,2.52085760158899e-06,33.4403627477135,27.4761993998628,27.4761993998628
804009,,51560,0,0,2.15730007171631,2.15730007171631,0.0098341758711594,0.0098341758711594,0.121550084687419,0.0147744230875187,1235.99665370931,507.050107916979,507.050107916979
805001,,937675,0,0,0.610999977588654,0.610999977588654,0.214643246752937,0.214643246752937,0.287575227344693,0.082699511382352,133.978232110747,201265.60639906,201265.60639906
805002,,37858,0,0,0.610999977588654,0.610999977588654,0.441528968462828,0.441528968462828,0.271718262908283,0.0738308143978948,61.5403025206394,16715.4036880657,16715.4036880657
805003,,624526,0,0,0.610999977588654,0.610999977588654,0.386168383189458,0.386168383189458,0.292122342460943,0.0853354629648684,75.6463644300017,241172.195679779,241172.195679779
805004,,61784,0,0,0.610999977588654,0.610999977588654,0.275552932543929,0.275552932543929,0.300047320306422,0.0900283944230643,108.889176949183,17024.7623842941,17024.7623842941
805005,,230867,0,0,0.610999977588654,0.610999977588654,0.028910067211025,0.028910067211025,0.107089814742556,0.0114682284215949,370.423956336277,6674.3804868077,6674.3804868077
805006,,737915,0,0,0.610999977588654,0.610999977588654,0.10812501487379,0.10812501487379,0.221134250823594,0.0489003568873121,204.517198061627,79787.070350593,79787.070350593
805007,,7385464,0,0,0.610999977588654,0.610999977588654,0.419588975296456,0.419588975296456,0.279881942028826,0.0783339014738273,66.7038360173975,3098859.27184886,3098859.27184886
805008,,277292,0,0,0.610999977588654,0.610999977588654,0.433360706769055,0.433360706769055,0.275891359862898,0.0761160424469992,63.6632153200556,120167.457101405,120167.457101405
805009,,2011208,0,0,0.610999977588654,0.610999977588654,0.0813330614707375,0.0813330614707375,0.196328087753498,0.0385447180409451,241.387799995865,163577.703894439,163577.703894439
806001,,129748,0,0,0,0,0,0,0,0,nan,0,0
806002,,3735,0,0,0,0,0,0,0,0,nan,0,0
806003,,107325,0,0,0,0,0,0,0,0,nan,0,0
806004,,8119,0,0,0,0,0,0,0,0,nan,0,0
806005,,243784,0,0,0,0,0,0,0,0,nan,0,0
806006,,258498,0,0,0,0,0,0,0,0,nan,0,0
806007,,801201,0,0,0,0,0,0,0,0,nan,0,0
806008,,55884,0,0,0,0,0,0,0,0,nan,0,0
806009,,745400,0,0,0,0,0,0,0,0,nan,0,0
807001,,702125,0,0.831899991035461,2.69779989242554,1.86589990139008,1.3037877542022,1.3037877542022,0.166279410207572,0.0276488422589781,12.7535643490777,915421.976919217,915421.976919217
807002,,10794,0,1.14210003137588,1.31599997758865,0.173899946212769,1.26129686522607,1.26129686522607,0.0471145884404486,0.00221978444391285,3.7354083514672,13614.4383632502,13614.4383632502
807003,,432824,0,0.831899991035461,2.69779989242554,1.86589990139008,1.26062039537539,1.26062039537539,0.0791718655672467,0.00626818429739818,6.28038907332376,545626.762007958,545626.762007958
807004,,61846,0,0.991699950695038,2.69779989242554,1.7060999417305,1.24457674828352,1.24457674828352,0.0432166404710904,0.00186767801360749,3.47239658226731,76972.0935743423,76972.0935743423
807005,,40507,0,0.907099975347519,2.69779989242554,1.79069991707802,1.36176778358821,1.36176778358821,0.213680649021805,0.0456594197663797,15.6914160840818,55161.1276098077,55161.1276098077
807006,,302584,0,0.831899991035461,2.69779989242554,1.86589990139008,1.25534734739164,1.25534734739164,0.0793695554568535,0.00629952633341854,6.32251747866975,379848.021763152,379848.021763152
807007,,8668611,0,0.15510000616312,2.69779989242554,2.54269988626242,1.27271533669853,1.27271533669853,0.119586025224418,0.0143008174289752,9.39613295889317,11032674.1675735,11032674.1675735
807008,,262343,0,0.831899991035461,2.69779989242554,1.86589990139008,1.26631244076352,1.26631244076352,0.114175471342063,0.0130360382561823,9.01637444809603,332208.204647224,332208.204647224
807009,,1879190,0,0.831899991035461,2.69779989242554,1.86589990139008,1.44865858841746,1.44865858841746,0.248276455096495,0.0616411981552817,17.1383690457885,2722304.73276821,2722304.73276821
808001,,973191,0,0,3.50620001792908,3.50620001792908,1.78437170596016,1.78437170596016,0.301441284131522,0.0908668477788608,16.8934131338581,1736534.48489508,1736534.48489508
808002,,10945,0,0.8225,3.50620001792908,2.68370001792908,1.91402208903506,1.91402208903506,0.452077015337478,0.204373627796442,23.6192162006547,20948.9717644888,20948.9717644888
808003,,331597,0,0.643900002241135,3.50620001792908,2.86230001568794,1.80221117851856,1.80221117851856,0.393457803975199,0.154809043508986,21.8319478130541,597607.820163219,597607.820163219
808004,,33805,0,0.0470000007003546,3.50620001792908,3.45920001722872,1.77049437615847,1.77049437615847,0.477130561218087,0.227653572448287,26.9490017953822,59851.5623860372,59851.5623860372
808005,,1383646,0,0.643900002241135,3.50620001792908,2.86230001568794,1.61906917235945,1.61906917235945,0.286233376166565,0.0819295456317101,17.6788849453196,2240218.58405846,2240218.58405846
808006,,2558334,0,0,3.50620001792908,3.50620001792908,1.71151562656261,1.71151562656261,0.303048819753109,0.0918385871537521,17.7064594123366,4378628.61896644,4378628.61896644
808007,,6788673,0,0,3.50620001792908,3.50620001792908,1.71198041107163,1.71198041107163,0.335152874052568,0.112327448985696,19.5769105700675,11622075.1931709,11622075.1931709
808008,,181927,0,0.643900002241135,3.50620001792908,2.86230001568794,1.73633188668928,1.73633188668928,0.391998853914789,0.153663101470508,22.5762630358777,315885.65114972,315885.65114972
808009,,9384728,0,0,3.50620001792908,3.50620001792908,1.68770076205514,1.68770076205514,0.32274145248496,0.104162045152102,19.1231443239945,15838612.5972802,15838612.5972802
809001,,333014,0,0,3.05029989242554,3.05029989242554,1.4456817959106,1.4456817959106,0.301965988211374,0.0911834580364719,20.8874448765659,481432.277583372,481432.277583372
809002,,118,0,0.949399991035461,1.73900002241135,0.789600031375885,1.20558983267364,1.20558983267364,0.244265710080551,0.0596657371211557,20.2610957276275,142.259600255489,142.259600255489
809003,,247582,0,0,3.05029989242554,3.05029989242554,1.35443799694098,1.35443799694098,0.3899000955584,0.152022084516449,28.7868545063707,335334.468158641,335334.468158641
809004,,14699,0,0.643900002241135,2.69310000896454,2.0492000067234,1.37109286078178,1.37109286078178,0.345430778459533,0.119322422707159,25.1938281016629,20153.6939606313,20153.6939606313
809005,,2972742,0,0.286700006723404,3.05029989242554,2.76359988570213,1.22938534600557,1.22938534600557,0.281666716417715,0.0793361391375373,22.9111821881468,3654645.45225529,3654645.45225529
809006,,3322717,0,0,3.05029989242554,3.05029989242554,1.31186683233122,1.31186683233122,0.2996160956314,0.0897698047614042,22.8389107985127,4358962.22552308,4358962.22552308
809007,,9814422,0,0,3.05029989242554,3.05029989242554,1.31416638776104,1.31416638776104,0.310771568891528,0.0965789680313017,23.6478098805276,12897783.5077025,12897783.5077025
809008,,206121,0,0,3.05029989242554,3.05029989242554,1.25903123603512,1.25903123603512,0.333675098095967,0.111339071089353,26.502527383416,259512.777402794,259512.777402794
809009,,16758049,0,0,3.05029989242554,3.05029989242554,1.23199279279654,1.23199279279654,0.254612950142357,0.0648277543801942,20.6667564640863,20645795.5893313,20645795.5893313
810001,,1444,0,0,0.0140999996848404,0.0140999996848404,0.000595637105800046,0.000595637105800046,0.00283614164707161,8.04369944225407e-06,476.152613639167,0.860099980775267,0.860099980775267
810003,,5106,0,0,0.0140999996848404,0.0140999996848404,0.0139508810042717,0.0139508810042717,0.0014423373281437,2.0803369681567e-06,10.3386827520216,71.2331984078112,71.2331984078112
810004,,1293,0,0,0.0140999996848404,0.0140999996848404,0.000850580027391767,0.000850580027391767,0.00335703615338854,1.12696917351577e-05,394.676108688163,1.09979997541755,1.09979997541755
810005,,420737,0,0,0.0140999996848404,0.0140999996848404,1.0388912556539e-06,1.0388912556539e-06,0.000121025976890345,1.46472870822624e-08,11649.532733257,0.437099990230054,0.437099990230054
810006,,369625,0,0,0.0140999996848404,0.0140999996848404,1.15966179349111e-05,1.15966179349111e-05,0.000404200232162144,1.63377827679931e-07,3485.50098339721,4.28639990419152,4.28639990419152
810007,,41650,0,0,0.0140999996848404,0.0140999996848404,0.0132147295965882,0.0132147295965882,0.00342032232928281,1.16986048361906e-05,25.88265090317,550.393487697898,550.393487697898
810008,,354,0,0,0.0140999996848404,0.0140999996848404,0.0083245760851177,0.0083245760851177,0.0069338267341833,4.80779531796751e-05,83.2934513816179,2.94689993413167,2.94689993413167
810009,,73517,0,0,0.0140999996848404,0.0140999996848404,0.00479902868879532,0.00479902868879532,0.00668098994488623,4.4635626643671e-05,139.215461672169,352.810192114166,352.810192114166
811007,,1,0,0,0,0,0,0,0,0,nan,0,0
900001,,458,0,0,0,0,0,0,0,0,nan,0,0
900002,,6431,0,0,0,0,0,0,0,0,nan,0,0
900003,,1576,0,0,0,0,0,0,0,0,nan,0,0
900004,,61095,0,0,0,0,0,0,0,0,nan,0,0
900005,,858,0,0,0,0,0,0,0,0,nan,0,0
900006,,25779,0,0,0,0,0,0,0,0,nan,0,0
900007,,115500,0,0,0,0,0,0,0,0,nan,0,0
900008,,32820,0,0,0,0,0,0,0,0,nan,0,0
900009,,9515,0,0,0,0,0,0,0,0,nan,0,0
902001,,235136,0,0,0,0,0,0,0,0,nan,0,0
902002,,26900,0,0,0,0,0,0,0,0,nan,0,0
902003,,19471,0,0,0,0,0,0,0,0,nan,0,0
902004,,9785,0,0,0,0,0,0,0,0,nan,0,0
902005,,7373,0,0,0,0,0,0,0,0,nan,0,0
902006,,52257,0,0,0,0,0,0,0,0,nan,0,0
902007,,159057,0,0,0,0,0,0,0,0,nan,0,0
902008,,451811,0,0,0,0,0,0,0,0,nan,0,0
902009,,58774,0,0,0,0,0,0,0,0,nan,0,0
903001,,127418,0,0,0,0,0,0,0,0,nan,0,0
903002,,6302,0,0,0,0,0,0,0,0,nan,0,0
903003,,10494,0,0,0,0,0,0,0,0,nan,0,0
903004,,4813,0,0,0,0,0,0,0,0,nan,0,0
903005,,99078,0,0,0,0,0,0,0,0,nan,0,0
903006,,64936,0,0,0,0,0,0,0,0,nan,0,0
903007,,96008,0,0,0,0,0,0,0,0,nan,0,0
903008,,97888,0,0,0,0,0,0,0,0,nan,0,0
903009,,51931,0,0,0,0,0,0,0,0,nan,0,0
904001,,958651,0,0,2.15730007171631,2.15730007171631,0.0506919475614469,0.0506919475614469,0.293886333530816,0.0863691770361858,579.749541432745,48595.8862217286,48595.8862217286
904002,,382262,0,0,1.89879998207092,1.89879998207092,0.04619409738843,0.04619409738843,0.0334796052719125,0.00112088396916307,72.4759377597407,17658.248055896,17658.248055896
904003,,301127,0,0,2.15730007171631,2.15730007171631,0.0861947215337624,0.0861947215337624,0.30545510754694,0.0933028227265129,354.377973629504,25955.5579112973,25955.5579112973
904004,,283479,0,0,2.15730007171631,2.15730007171631,0.0498861802768027,0.0498861802768027,0.11545582219937,0.0133300468797326,231.438489695427,14141.6844986877,14141.6844986877
904005,,664766,0,0,2.15730007171631,2.15730007171631,0.0660021656713584,0.0660021656713584,0.300607799571674,0.0903650491633237,455.451418167817,43875.9956646863,43875.9956646863
904006,,294265,0,0,2.15730007171631,2.15730007171631,0.0464046128350298,0.0464046128350298,0.238653840322138,0.0569556555005046,514.289045295047,13655.2533959001,13655.2533959001
904007,,2405765,0,0,2.15730007171631,2.15730007171631,0.0475401335638015,0.0475401335638015,0.141830742855472,0.0201159596189349,298.338965886848,114370.389423119,114370.389423119
904008,,615210,0,0,2.15730007171631,2.15730007171631,0.0262746207335306,0.0262746207335306,0.123746459998855,0.0153131863622481,470.973344406582,16164.4094214754,16164.4094214754
904009,,311371,0,0,2.15730007171631,2.15730007171631,0.0302008109782669,0.0302008109782669,0.18950556934868,0.0359123608141673,627.485035037807,9403.65671511394,9403.65671511394
905001,,487457,0,0,0.610999977588654,0.610999977588654,0.0176745610974581,0.0176745610974581,0.0814203005803449,0.00662926534659371,460.663776211419,8615.58852888363,8615.58852888363
905002,,133647,0,0,0.610999977588654,0.610999977588654,0.0100219328593015,0.0100219328593015,0.0537981135422489,0.00289423702070471,536.803771263724,1339.40126084707,1339.40126084707
905003,,151086,0,0,0.610999977588654,0.610999977588654,0.0137853098766157,0.0137853098766157,0.0837275847124024,0.00701030844177252,607.368172799881,2082.76732801836,2082.76732801836
905004,,241942,0,0,0.610999977588654,0.610999977588654,0.00682129581664563,0.00682129581664563,0.0431734673202863,0.00186394828045583,632.921786135304,1650.35795247088,1650.35795247088
905005,,56299,0,0,0.610999977588654,0.610999977588654,0.0112765267440847,0.0112765267440847,0.0702384793924298,0.00493344398736079,622.87334554742,634.857179165224,634.857179165224
905006,,1068271,0,0,0.610999977588654,0.610999977588654,0.0195414430468894,0.0195414430468894,0.0937605562368463,0.00879104190584281,479.803646086264,20875.5569051436,20875.5569051436
905007,,2324455,0,0,0.610999977588654,0.610999977588654,0.0152799579147364,0.0152799579147364,0.0769757511004246,0.00592526625747452,503.769392101448,35517.5745746986,35517.5745746986
905008,,566771,0,0,0.610999977588654,0.610999977588654,0.0198056335586533,0.0198056335586533,0.0897016278198015,0.00804638203352219,452.909661052525,11225.2587376715,11225.2587376715
905009,,2335412,0,0,0.610999977588654,0.610999977588654,0.0244639832453917,0.0244639832453917,0.109301505496722,0.0119468191038499,446.785400400041,57133.4800390866,57133.4800390866
906001,,615791,0,0,0,0,0,0,0,0,nan,0,0
906002,,547976,0,0,0,0,0,0,0,0,nan,0,0
906003,,270820,0,0,0,0,0,0,0,0,nan,0,0
906004,,681645,0,0,0,0,0,0,0,0,nan,0,0
906005,,146558,0,0,0,0,0,0,0,0,nan,0,0
906006,,1630499,0,0,0,0,0,0,0,0,nan,0,0
906007,,4425400,0,0,0,0,0,0,0,0,nan,0,0
906008,,1010521,0,0,0,0,0,0,0,0,nan,0,0
906009,,2594987,0,0,0,0,0,0,0,0,nan,0,0
907001,,21318,0,1.14210003137588,1.31599997758865,0.173899946212769,1.26947556680849,1.26947556680849,0.0323595033415194,0.00104713745650981,2.54904499051308,27062.6801332234,27062.6801332234
907002,,57112,0,1.04810000896454,1.31599997758865,0.267899968624115,1.21373566335346,1.21373566335346,0.0366645953760332,0.00134429255408823,3.02080564022743,69318.8712054428,69318.8712054428
907003,,32476,0,1.04810000896454,1.31599997758865,0.267899968624115,1.2317593581721,1.2317593581721,0.0328071699668065,0.00107631040123093,2.66343987964431,40002.6169159972,40002.6169159972
907004,,98815,0,1.04810000896454,1.31599997758865,0.267899968624115,1.22436515065725,1.22436515065725,0.0397987975817702,0.00158394428895472,3.25056602275929,120985.642362196,120985.642362196
907005,,14026,0,1.08099997758865,1.31599997758865,0.235,1.20151817237367,1.20151817237367,0.0382447410518723,0.00146266021812477,3.18303475812752,16852.493885713,16852.493885713
907006,,203093,0,1.04810000896454,1.68259996414185,0.634499955177307,1.2411176809905,1.2411176809905,0.0355098753967622,0.00126095125069357,2.86112074146126,252062.313185404,252062.313185404
907007,,636824,0,1.04810000896454,2.69779989242554,1.649699883461,1.23144121932956,1.23144121932956,0.0387423523450428,0.00150096986522745,3.14609838755727,784211.323058328,784211.323058328
907008,,58898,0,1.08099997758865,1.31599997758865,0.235,1.22407485496069,1.22407485496069,0.043462134534835,0.0018889571383241,3.55061084366697,72095.5608074749,72095.5608074749
907009,,345675,0,1.08099997758865,2.69779989242554,1.61679991483688,1.23991575550483,1.23991575550483,0.0381042978065155,0.00145193751132762,3.07313602858458,428607.878784132,428607.878784132
908001,,60902,0,0.921200017929077,3.50620001792908,2.585,2.02028322933616,2.02028322933616,0.329445307278439,0.108534210487785,16.3068871975288,123039.289233031,123039.289233031
908002,,60594,0,0.986999955177307,2.69779989242554,1.71079993724823,1.60250297936511,1.60250297936511,0.285825234915282,0.0816960649143764,17.8361749460536,97102.0655316494,97102.0655316494
908003,,55873,0,0.286700006723404,2.69779989242554,2.41109988570213,1.81827582739301,1.81827582739301,0.287438511118123,0.0826208976738031,15.8083007422611,101592.525303929,101592.525303929
908004,,62569,0,0.686200017929077,2.69779989242554,2.01159987449646,1.71206593745834,1.71206593745834,0.302058142586847,0.0912391215030159,17.642903580879,107122.253640831,107122.253640831
908005,,8344,0,1.08099997758865,3.50620001792908,2.42520004034042,1.87132152787994,1.87132152787994,0.346718218901555,0.120213523318267,18.5279875070084,15614.3068286302,15614.3068286302
908006,,882992,0,0,3.50620001792908,3.50620001792908,1.80263149332369,1.80263149332369,0.278406316230289,0.07751007691692,15.4444387142579,1591709.18755288,1591709.18755288
908007,,910985,0,0,3.05029989242554,3.05029989242554,1.76159251715397,1.76159251715397,0.270222147069844,0.0730200087670365,15.3396511644143,1604784.35923951,1604784.35923951
908008,,80748,0,0,3.50620001792908,3.50620001792908,1.87630969602352,1.87630969602352,0.354587024709696,0.125731958092475,18.8981075704707,151508.255334507,151508.255334507
908009,,1879202,0,0,3.50620001792908,3.50620001792908,1.78212606853687,1.78212606853687,0.257554365550849,0.0663342512143004,14.4520845128707,3348974.87224663,3348974.87224663
909001,,21991,0,0.789599975347519,2.69779989242554,1.90819991707802,1.8213484279715,1.8213484279715,0.340361857666895,0.115846194154459,18.687355611906,40053.2732795213,40053.2732795213
909002,,1609,0,0,2.36879998207092,2.36879998207092,1.6079637677185,1.6079637677185,0.205224313688486,0.0421170189289101,12.7629936574798,2587.21370225907,2587.21370225907
909003,,10805,0,0,2.69779989242554,2.69779989242554,1.46386188193434,1.46386188193434,0.543703788992323,0.295613810164608,37.1417410141095,15817.0276343005,15817.0276343005
909004,,8287,0,0,2.69779989242554,2.69779989242554,1.51750675205916,1.51750675205916,0.289832099097956,0.0840026456675275,19.0992296215271,12575.5784543142,12575.5784543142
909005,,426,0,1.07629998207092,2.43930002689362,1.36300004482269,1.60176221282269,1.60176221282269,0.189248634488778,0.0358150456558671,11.8150267857347,682.350702662467,682.350702662467
909006,,580346,0,0.15510000616312,2.69779989242554,2.54269988626242,1.54590056631596,1.54590056631596,0.369939114224113,0.136854948232921,23.9303304678719,897157.210059204,897157.210059204
909007,,164337,0,0,2.69779989242554,2.69779989242554,1.55087544353153,1.55087544353153,0.326877478901233,0.106848886212826,21.0769652885143,254866.217763642,254866.217763642
909008,,46792,0,0,2.69779989242554,2.69779989242554,1.49366837640635,1.49366837640635,0.458971305010251,0.210654658822813,30.7277915406164,69891.7306688057,69891.7306688057
909009,,858765,0,0,2.69779989242554,2.69779989242554,1.57819439301326,1.57819439301326,0.353821612120088,0.125189733203258,22.4193935605445,1355298.10791603,1355298.10791603
910001,,189,0,0,0,0,0,0,0,0,nan,0,0
910002,,8668,0,0,0,0,0,0,0,0,nan,0,0
910003,,692,0,0,0,0,0,0,0,0,nan,0,0
910004,,2315,0,0,0,0,0,0,0,0,nan,0,0
910005,,125,0,0,0,0,0,0,0,0,nan,0,0
910006,,120,0,0,0,0,0,0,0,0,nan,0,0
910007,,18500,0,0,0,0,0,0,0,0,nan,0,0
910008,,978,0,0,0,0,0,0,0,0,nan,0,0
910009,,121,0,0,0,0,0,0,0,0,nan,0,0
911002,,3907,0,0,0,0,0,0,0,0,nan,0,0
911003,,579,0,0,0,0,0,0,0,0,nan,0,0
911004,,686,0,0,0,0,0,0,0,0,nan,0,0
911005,,64,0,0,0,0,0,0,0,0,nan,0,0
911006,,2089,0,0,0,0,0,0,0,0,nan,0,0
911007,,2115,0,0,0,0,0,0,0,0,nan,0,0
911008,,3710,0,0,0,0,0,0,0,0,nan,0,0
