Scenario,Region,Land_Type,Ownership,Component,Units,Year,Value
Alternative,All_region,All_land,All_own,Net_Wood_Gain,MMT C,2020,-3.74384969
Alternative,All_region,All_land,All_own,Ecosystem_Gain_minus_NWG,MMT C,2020,16.58614088
Alternative,All_region,All_land,All_own,Loss_to_Atmos_from_Manage,MMT C,2020,-27.65595705
Alternative,All_region,All_land,All_own,Loss_to_Atmos_from_Fire,MMT C,2020,0.900134480000006
Alternative,All_region,All_land,All_own,Loss_to_Atmos_from_LCC,MMT C,2020,1.89933257
Alternative,All_region,All_land,All_own,Loss_to_Atmos_from_Wood,MMT C,2020,0.23601104
