Scenario,Region,Land_Type,Ownership,Component,Units,Year,Value
Baseline,All_region,All_land,All_own,Net_Wood_Gain,MMT C,2020,17.11070063
Baseline,All_region,All_land,All_own,Ecosystem_Gain_minus_NWG,MMT C,2020,63.79615979
Baseline,All_region,All_land,All_own,Loss_to_Atmos_from_Manage,MMT C,2020,-140.27608173
Baseline,All_region,All_land,All_own,Loss_to_Atmos_from_Fire,MMT C,2020,-113.24491268
Baseline,All_region,All_land,All_own,Loss_to_Atmos_from_LCC,MMT C,2020,-19.59392273
Baseline,All_region,All_land,All_own,Loss_to_Atmos_from_Wood,MMT C,2020,-1.15731747
Alternative,All_region,All_land,All_own,Net_Wood_Gain,MMT C,2020,13.36685094
Alternative,All_region,All_land,All_own,Ecosystem_Gain_minus_NWG,MMT C,2020,80.38230067
Alternative,All_region,All_land,All_own,Loss_to_Atmos_from_Manage,MMT C,2020,-167.93203878
Alternative,All_region,All_land,All_own,Loss_to_Atmos_from_Fire,MMT C,2020,-112.3447782
Alternative,All_region,All_land,All_own,Loss_to_Atmos_from_LCC,MMT C,2020,-17.69459016
Alternative,All_region,All_land,All_own,Loss_to_Atmos_from_Wood,MMT C,2020,-0.92130643
