Scenario,Region,Land_Type,Ownership,Component,Units,Year,Value
Baseline,All_region,All_land,All_own,Net_Wood_Gain,MMT C,2020,1.62136333
Baseline,All_region,All_land,All_own,Ecosystem_Gain_minus_NWG,MMT C,2020,2.79856209
Baseline,All_region,All_land,All_own,Loss_to_Atmos_from_Manage,MMT C,2020,-13.69956912
Baseline,All_region,All_land,All_own,Loss_to_Atmos_from_Fire,MMT C,2020,-11.4611356
Baseline,All_region,All_land,All_own,Loss_to_Atmos_from_LCC,MMT C,2020,-1.94442608
Baseline,All_region,All_land,All_own,Loss_to_Atmos_from_Wood,MMT C,2020,-0.23891162
Alternative,All_region,All_land,All_own,Net_Wood_Gain,MMT C,2020,1.1860435
Alternative,All_region,All_land,All_own,Ecosystem_Gain_minus_NWG,MMT C,2020,6.05723023
Alternative,All_region,All_land,All_own,Loss_to_Atmos_from_Manage,MMT C,2020,-16.11615461
Alternative,All_region,All_land,All_own,Loss_to_Atmos_from_Fire,MMT C,2020,-11.36483054
Alternative,All_region,All_land,All_own,Loss_to_Atmos_from_LCC,MMT C,2020,-1.1453692
Alternative,All_region,All_land,All_own,Loss_to_Atmos_from_Wood,MMT C,2020,-0.18609922
