Scenario,Region,Land_Type,Ownership,Units,Year,Value
Baseline_10_29_19_RCP85_output_D+sd_A-sd_S=mean_BC1_NR120,All_region,All_land,All_own,MMT CO2-eq,2010,0
Baseline_10_29_19_RCP85_output_D+sd_A-sd_S=mean_BC1_NR120,All_region,All_land,All_own,MMT CO2-eq,2011,-37.03857466
Baseline_10_29_19_RCP85_output_D+sd_A-sd_S=mean_BC1_NR120,All_region,All_land,All_own,MMT CO2-eq,2012,-48.03877993
Baseline_10_29_19_RCP85_output_D+sd_A-sd_S=mean_BC1_NR120,All_region,All_land,All_own,MMT CO2-eq,2013,-47.14000586
Baseline_10_29_19_RCP85_output_D+sd_A-sd_S=mean_BC1_NR120,All_region,All_land,All_own,MMT CO2-eq,2014,-44.90129922
Baseline_10_29_19_RCP85_output_D+sd_A-sd_S=mean_BC1_NR120,All_region,All_land,All_own,MMT CO2-eq,2015,-63.69856958
Baseline_10_29_19_RCP85_output_D+sd_A-sd_S=mean_BC1_NR120,All_region,All_land,All_own,MMT CO2-eq,2016,-50.10324061
Baseline_10_29_19_RCP85_output_D+sd_A-sd_S=mean_BC1_NR120,All_region,All_land,All_own,MMT CO2-eq,2017,-3.58531928
Baseline_10_29_19_RCP85_output_D+sd_A-sd_S=mean_BC1_NR120,All_region,All_land,All_own,MMT CO2-eq,2018,32.90915863
Baseline_10_29_19_RCP85_output_D+sd_A-sd_S=mean_BC1_NR120,All_region,All_land,All_own,MMT CO2-eq,2019,45.94123411
Baseline_10_29_19_RCP85_output_D+sd_A-sd_S=mean_BC1_NR120,All_region,All_land,All_own,MMT CO2-eq,2020,71.94879671
Baseline_10_29_19_RCP85_output_D+sd_A-sd_S=mean_BC1_NR120,All_region,All_land,All_own,MMT CO2-eq,2021,91.69145939
Baseline_10_29_19_RCP85_output_D+sd_A-sd_S=mean_BC1_NR120,All_region,All_land,All_own,MMT CO2-eq,2022,80.40487168
Alternative_B_10_29_19_RCP85_output_D+sd_A-sd_S=mean_BC1_NR120,All_region,All_land,All_own,MMT CO2-eq,2010,0
Alternative_B_10_29_19_RCP85_output_D+sd_A-sd_S=mean_BC1_NR120,All_region,All_land,All_own,MMT CO2-eq,2011,-34.38011095
Alternative_B_10_29_19_RCP85_output_D+sd_A-sd_S=mean_BC1_NR120,All_region,All_land,All_own,MMT CO2-eq,2012,-44.29244717
Alternative_B_10_29_19_RCP85_output_D+sd_A-sd_S=mean_BC1_NR120,All_region,All_land,All_own,MMT CO2-eq,2013,-43.7918123
Alternative_B_10_29_19_RCP85_output_D+sd_A-sd_S=mean_BC1_NR120,All_region,All_land,All_own,MMT CO2-eq,2014,-43.66958687
Alternative_B_10_29_19_RCP85_output_D+sd_A-sd_S=mean_BC1_NR120,All_region,All_land,All_own,MMT CO2-eq,2015,-66.08461524
Alternative_B_10_29_19_RCP85_output_D+sd_A-sd_S=mean_BC1_NR120,All_region,All_land,All_own,MMT CO2-eq,2016,-57.26457261
Alternative_B_10_29_19_RCP85_output_D+sd_A-sd_S=mean_BC1_NR120,All_region,All_land,All_own,MMT CO2-eq,2017,-16.80298232
Alternative_B_10_29_19_RCP85_output_D+sd_A-sd_S=mean_BC1_NR120,All_region,All_land,All_own,MMT CO2-eq,2018,11.6866644
Alternative_B_10_29_19_RCP85_output_D+sd_A-sd_S=mean_BC1_NR120,All_region,All_land,All_own,MMT CO2-eq,2019,15.34620165
Alternative_B_10_29_19_RCP85_output_D+sd_A-sd_S=mean_BC1_NR120,All_region,All_land,All_own,MMT CO2-eq,2020,30.99592496
Alternative_B_10_29_19_RCP85_output_D+sd_A-sd_S=mean_BC1_NR120,All_region,All_land,All_own,MMT CO2-eq,2021,38.63266409
Alternative_B_10_29_19_RCP85_output_D+sd_A-sd_S=mean_BC1_NR120,All_region,All_land,All_own,MMT CO2-eq,2022,13.26485908
