Scenario,Land_Type,Units,Year,Value
Alternative,All_land,MMT C,2010,-3.39151457
Alternative,All_land,MMT C,2011,-2.87916824
Alternative,All_land,MMT C,2012,-2.38461631
Alternative,All_land,MMT C,2013,-1.83562942
Alternative,All_land,MMT C,2014,-1.38678605
Alternative,All_land,MMT C,2015,-0.954147410000001
Alternative,All_land,MMT C,2016,-0.537959349999998
Alternative,All_land,MMT C,2017,0.0974724499999979
Alternative,All_land,MMT C,2018,0.676197279999997
Alternative,All_land,MMT C,2019,0.817963849999998
Alternative,All_land,MMT C,2020,1.35493716
Alternative,All_land,MMT C,2021,1.94625162
