Scenario,Land_Type,Units,Year,Value
Baseline,All_land,MMT C,2010,-5.99521552
Baseline,All_land,MMT C,2011,-10.9086877
Baseline,All_land,MMT C,2012,-14.9630788
Baseline,All_land,MMT C,2013,-16.61810107
Baseline,All_land,MMT C,2014,-5.94049088
Baseline,All_land,MMT C,2015,-21.9731228
Baseline,All_land,MMT C,2016,-28.15655286
Baseline,All_land,MMT C,2017,-30.16845774
Baseline,All_land,MMT C,2018,-35.47378741
Baseline,All_land,MMT C,2019,-23.16787941
Baseline,All_land,MMT C,2020,-22.924117
Baseline,All_land,MMT C,2021,-14.5406151
Alternative,All_land,MMT C,2010,-9.38673009
Alternative,All_land,MMT C,2011,-13.78785594
Alternative,All_land,MMT C,2012,-17.34769511
Alternative,All_land,MMT C,2013,-18.45373049
Alternative,All_land,MMT C,2014,-7.32727693
Alternative,All_land,MMT C,2015,-22.92727021
Alternative,All_land,MMT C,2016,-28.69451221
Alternative,All_land,MMT C,2017,-30.07098529
Alternative,All_land,MMT C,2018,-34.79759013
Alternative,All_land,MMT C,2019,-22.34991556
Alternative,All_land,MMT C,2020,-21.56917984
Alternative,All_land,MMT C,2021,-12.59436348
