Scenario,Region,Land_Type,Ownership,Units,Year,Value
Alternative_B_10_29_19_RCP85_output_D+sd_A-sd_S=mean_BC1_NR120,All_region,All_land,All_own,MgC/ac,2010,0
Alternative_B_10_29_19_RCP85_output_D+sd_A-sd_S=mean_BC1_NR120,All_region,All_land,All_own,MgC/ac,2011,-0.0396038814590725
Alternative_B_10_29_19_RCP85_output_D+sd_A-sd_S=mean_BC1_NR120,All_region,All_land,All_own,MgC/ac,2012,-0.0649941158554412
Alternative_B_10_29_19_RCP85_output_D+sd_A-sd_S=mean_BC1_NR120,All_region,All_land,All_own,MgC/ac,2013,-0.0851946885602075
Alternative_B_10_29_19_RCP85_output_D+sd_A-sd_S=mean_BC1_NR120,All_region,All_land,All_own,MgC/ac,2014,-0.0995768152753556
Alternative_B_10_29_19_RCP85_output_D+sd_A-sd_S=mean_BC1_NR120,All_region,All_land,All_own,MgC/ac,2015,-0.109769975921424
Alternative_B_10_29_19_RCP85_output_D+sd_A-sd_S=mean_BC1_NR120,All_region,All_land,All_own,MgC/ac,2016,-0.115216744314822
Alternative_B_10_29_19_RCP85_output_D+sd_A-sd_S=mean_BC1_NR120,All_region,All_land,All_own,MgC/ac,2017,-0.116585941651891
Alternative_B_10_29_19_RCP85_output_D+sd_A-sd_S=mean_BC1_NR120,All_region,All_land,All_own,MgC/ac,2018,-0.111633425287124
Alternative_B_10_29_19_RCP85_output_D+sd_A-sd_S=mean_BC1_NR120,All_region,All_land,All_own,MgC/ac,2019,-0.10083256318498
Alternative_B_10_29_19_RCP85_output_D+sd_A-sd_S=mean_BC1_NR120,All_region,All_land,All_own,MgC/ac,2020,-0.0884771317545585
Alternative_B_10_29_19_RCP85_output_D+sd_A-sd_S=mean_BC1_NR120,All_region,All_land,All_own,MgC/ac,2021,-0.0706376112285056
Alternative_B_10_29_19_RCP85_output_D+sd_A-sd_S=mean_BC1_NR120,All_region,All_land,All_own,MgC/ac,2022,-0.0470765818053422
