Scenario,Region,Land_Type,Ownership,Units,Year,Value,Diff,Component
Baseline_10_29_19_RCP85_output_D+sd_A-sd_S=mean_BC1_NR120,All_region,All_land,All_own,MMT CO2-eq,2010,0,0,Eco_AnnCH4eq
Baseline_10_29_19_RCP85_output_D+sd_A-sd_S=mean_BC1_NR120,All_region,All_land,All_own,MMT CO2-eq,2011,0,0,Eco_AnnCH4eq
Baseline_10_29_19_RCP85_output_D+sd_A-sd_S=mean_BC1_NR120,All_region,All_land,All_own,MMT CO2-eq,2012,0,0,Eco_AnnCH4eq
Baseline_10_29_19_RCP85_output_D+sd_A-sd_S=mean_BC1_NR120,All_region,All_land,All_own,MMT CO2-eq,2013,0,0,Eco_AnnCH4eq
Baseline_10_29_19_RCP85_output_D+sd_A-sd_S=mean_BC1_NR120,All_region,All_land,All_own,MMT CO2-eq,2014,0,0,Eco_AnnCH4eq
Baseline_10_29_19_RCP85_output_D+sd_A-sd_S=mean_BC1_NR120,All_region,All_land,All_own,MMT CO2-eq,2015,0,0,Eco_AnnCH4eq
Baseline_10_29_19_RCP85_output_D+sd_A-sd_S=mean_BC1_NR120,All_region,All_land,All_own,MMT CO2-eq,2016,0,0,Eco_AnnCH4eq
Baseline_10_29_19_RCP85_output_D+sd_A-sd_S=mean_BC1_NR120,All_region,All_land,All_own,MMT CO2-eq,2017,0,0,Eco_AnnCH4eq
Baseline_10_29_19_RCP85_output_D+sd_A-sd_S=mean_BC1_NR120,All_region,All_land,All_own,MMT CO2-eq,2018,0,0,Eco_AnnCH4eq
Baseline_10_29_19_RCP85_output_D+sd_A-sd_S=mean_BC1_NR120,All_region,All_land,All_own,MMT CO2-eq,2019,0,0,Eco_AnnCH4eq
Baseline_10_29_19_RCP85_output_D+sd_A-sd_S=mean_BC1_NR120,All_region,All_land,All_own,MMT CO2-eq,2020,0,0,Eco_AnnCH4eq
Baseline_10_29_19_RCP85_output_D+sd_A-sd_S=mean_BC1_NR120,All_region,All_land,All_own,MMT CO2-eq,2021,0,0,Eco_AnnCH4eq
Baseline_10_29_19_RCP85_output_D+sd_A-sd_S=mean_BC1_NR120,All_region,All_land,All_own,MMT CO2-eq,2010,-74.67957865,0,Eco_AnnCO2
Baseline_10_29_19_RCP85_output_D+sd_A-sd_S=mean_BC1_NR120,All_region,All_land,All_own,MMT CO2-eq,2011,-48.42853094,0,Eco_AnnCO2
Baseline_10_29_19_RCP85_output_D+sd_A-sd_S=mean_BC1_NR120,All_region,All_land,All_own,MMT CO2-eq,2012,-36.33073294,0,Eco_AnnCO2
Baseline_10_29_19_RCP85_output_D+sd_A-sd_S=mean_BC1_NR120,All_region,All_land,All_own,MMT CO2-eq,2013,-34.80053896,0,Eco_AnnCO2
Baseline_10_29_19_RCP85_output_D+sd_A-sd_S=mean_BC1_NR120,All_region,All_land,All_own,MMT CO2-eq,2014,-55.64661531,0,Eco_AnnCO2
Baseline_10_29_19_RCP85_output_D+sd_A-sd_S=mean_BC1_NR120,All_region,All_land,All_own,MMT CO2-eq,2015,-23.16020747,0,Eco_AnnCO2
Baseline_10_29_19_RCP85_output_D+sd_A-sd_S=mean_BC1_NR120,All_region,All_land,All_own,MMT CO2-eq,2016,9.91411462,0,Eco_AnnCO2
Baseline_10_29_19_RCP85_output_D+sd_A-sd_S=mean_BC1_NR120,All_region,All_land,All_own,MMT CO2-eq,2017,0.01389144,0,Eco_AnnCO2
Baseline_10_29_19_RCP85_output_D+sd_A-sd_S=mean_BC1_NR120,All_region,All_land,All_own,MMT CO2-eq,2018,-23.28834974,0,Eco_AnnCO2
Baseline_10_29_19_RCP85_output_D+sd_A-sd_S=mean_BC1_NR120,All_region,All_land,All_own,MMT CO2-eq,2019,-10.05501773,0,Eco_AnnCO2
Baseline_10_29_19_RCP85_output_D+sd_A-sd_S=mean_BC1_NR120,All_region,All_land,All_own,MMT CO2-eq,2020,-16.19563537,0,Eco_AnnCO2
Baseline_10_29_19_RCP85_output_D+sd_A-sd_S=mean_BC1_NR120,All_region,All_land,All_own,MMT CO2-eq,2021,-47.10053309,0,Eco_AnnCO2
Baseline_10_29_19_RCP85_output_D+sd_A-sd_S=mean_BC1_NR120,All_region,All_land,All_own,MMT CO2-eq,2010,0,0,LCCFire_AnnCH4eq
Baseline_10_29_19_RCP85_output_D+sd_A-sd_S=mean_BC1_NR120,All_region,All_land,All_own,MMT CO2-eq,2011,0,0,LCCFire_AnnCH4eq
Baseline_10_29_19_RCP85_output_D+sd_A-sd_S=mean_BC1_NR120,All_region,All_land,All_own,MMT CO2-eq,2012,0,0,LCCFire_AnnCH4eq
Baseline_10_29_19_RCP85_output_D+sd_A-sd_S=mean_BC1_NR120,All_region,All_land,All_own,MMT CO2-eq,2013,0,0,LCCFire_AnnCH4eq
Baseline_10_29_19_RCP85_output_D+sd_A-sd_S=mean_BC1_NR120,All_region,All_land,All_own,MMT CO2-eq,2014,0,0,LCCFire_AnnCH4eq
Baseline_10_29_19_RCP85_output_D+sd_A-sd_S=mean_BC1_NR120,All_region,All_land,All_own,MMT CO2-eq,2015,0,0,LCCFire_AnnCH4eq
Baseline_10_29_19_RCP85_output_D+sd_A-sd_S=mean_BC1_NR120,All_region,All_land,All_own,MMT CO2-eq,2016,0,0,LCCFire_AnnCH4eq
Baseline_10_29_19_RCP85_output_D+sd_A-sd_S=mean_BC1_NR120,All_region,All_land,All_own,MMT CO2-eq,2017,0,0,LCCFire_AnnCH4eq
Baseline_10_29_19_RCP85_output_D+sd_A-sd_S=mean_BC1_NR120,All_region,All_land,All_own,MMT CO2-eq,2018,0,0,LCCFire_AnnCH4eq
Baseline_10_29_19_RCP85_output_D+sd_A-sd_S=mean_BC1_NR120,All_region,All_land,All_own,MMT CO2-eq,2019,0,0,LCCFire_AnnCH4eq
Baseline_10_29_19_RCP85_output_D+sd_A-sd_S=mean_BC1_NR120,All_region,All_land,All_own,MMT CO2-eq,2020,0,0,LCCFire_AnnCH4eq
Baseline_10_29_19_RCP85_output_D+sd_A-sd_S=mean_BC1_NR120,All_region,All_land,All_own,MMT CO2-eq,2021,0,0,LCCFire_AnnCH4eq
Baseline_10_29_19_RCP85_output_D+sd_A-sd_S=mean_BC1_NR120,All_region,All_land,All_own,MMT CO2-eq,2010,0,0,LCCFire_AnnCO2
Baseline_10_29_19_RCP85_output_D+sd_A-sd_S=mean_BC1_NR120,All_region,All_land,All_own,MMT CO2-eq,2011,0,0,LCCFire_AnnCO2
Baseline_10_29_19_RCP85_output_D+sd_A-sd_S=mean_BC1_NR120,All_region,All_land,All_own,MMT CO2-eq,2012,0,0,LCCFire_AnnCO2
Baseline_10_29_19_RCP85_output_D+sd_A-sd_S=mean_BC1_NR120,All_region,All_land,All_own,MMT CO2-eq,2013,0,0,LCCFire_AnnCO2
Baseline_10_29_19_RCP85_output_D+sd_A-sd_S=mean_BC1_NR120,All_region,All_land,All_own,MMT CO2-eq,2014,0,0,LCCFire_AnnCO2
Baseline_10_29_19_RCP85_output_D+sd_A-sd_S=mean_BC1_NR120,All_region,All_land,All_own,MMT CO2-eq,2015,0,0,LCCFire_AnnCO2
Baseline_10_29_19_RCP85_output_D+sd_A-sd_S=mean_BC1_NR120,All_region,All_land,All_own,MMT CO2-eq,2016,0,0,LCCFire_AnnCO2
Baseline_10_29_19_RCP85_output_D+sd_A-sd_S=mean_BC1_NR120,All_region,All_land,All_own,MMT CO2-eq,2017,0,0,LCCFire_AnnCO2
Baseline_10_29_19_RCP85_output_D+sd_A-sd_S=mean_BC1_NR120,All_region,All_land,All_own,MMT CO2-eq,2018,0,0,LCCFire_AnnCO2
Baseline_10_29_19_RCP85_output_D+sd_A-sd_S=mean_BC1_NR120,All_region,All_land,All_own,MMT CO2-eq,2019,0,0,LCCFire_AnnCO2
Baseline_10_29_19_RCP85_output_D+sd_A-sd_S=mean_BC1_NR120,All_region,All_land,All_own,MMT CO2-eq,2020,0,0,LCCFire_AnnCO2
Baseline_10_29_19_RCP85_output_D+sd_A-sd_S=mean_BC1_NR120,All_region,All_land,All_own,MMT CO2-eq,2021,0,0,LCCFire_AnnCO2
Baseline_10_29_19_RCP85_output_D+sd_A-sd_S=mean_BC1_NR120,All_region,All_land,All_own,MMT CO2-eq,2010,6.9404949,0,LCCNonBurn_AnnCO2
Baseline_10_29_19_RCP85_output_D+sd_A-sd_S=mean_BC1_NR120,All_region,All_land,All_own,MMT CO2-eq,2011,6.94024642,0,LCCNonBurn_AnnCO2
Baseline_10_29_19_RCP85_output_D+sd_A-sd_S=mean_BC1_NR120,All_region,All_land,All_own,MMT CO2-eq,2012,6.93269622,0,LCCNonBurn_AnnCO2
Baseline_10_29_19_RCP85_output_D+sd_A-sd_S=mean_BC1_NR120,All_region,All_land,All_own,MMT CO2-eq,2013,6.92663497,0,LCCNonBurn_AnnCO2
Baseline_10_29_19_RCP85_output_D+sd_A-sd_S=mean_BC1_NR120,All_region,All_land,All_own,MMT CO2-eq,2014,6.92665563,0,LCCNonBurn_AnnCO2
Baseline_10_29_19_RCP85_output_D+sd_A-sd_S=mean_BC1_NR120,All_region,All_land,All_own,MMT CO2-eq,2015,6.91783405,0,LCCNonBurn_AnnCO2
Baseline_10_29_19_RCP85_output_D+sd_A-sd_S=mean_BC1_NR120,All_region,All_land,All_own,MMT CO2-eq,2016,6.90636388,0,LCCNonBurn_AnnCO2
Baseline_10_29_19_RCP85_output_D+sd_A-sd_S=mean_BC1_NR120,All_region,All_land,All_own,MMT CO2-eq,2017,6.89236205,0,LCCNonBurn_AnnCO2
Baseline_10_29_19_RCP85_output_D+sd_A-sd_S=mean_BC1_NR120,All_region,All_land,All_own,MMT CO2-eq,2018,6.87600235,0,LCCNonBurn_AnnCO2
Baseline_10_29_19_RCP85_output_D+sd_A-sd_S=mean_BC1_NR120,All_region,All_land,All_own,MMT CO2-eq,2019,6.86440459,0,LCCNonBurn_AnnCO2
Baseline_10_29_19_RCP85_output_D+sd_A-sd_S=mean_BC1_NR120,All_region,All_land,All_own,MMT CO2-eq,2020,6.85188212,0,LCCNonBurn_AnnCO2
Baseline_10_29_19_RCP85_output_D+sd_A-sd_S=mean_BC1_NR120,All_region,All_land,All_own,MMT CO2-eq,2021,6.84369592,0,LCCNonBurn_AnnCO2
Baseline_10_29_19_RCP85_output_D+sd_A-sd_S=mean_BC1_NR120,All_region,All_land,All_own,MMT CO2-eq,2010,0.00023807,0,LCCTotEnergy_AnnCH4eq
Baseline_10_29_19_RCP85_output_D+sd_A-sd_S=mean_BC1_NR120,All_region,All_land,All_own,MMT CO2-eq,2011,0.00023951,0,LCCTotEnergy_AnnCH4eq
Baseline_10_29_19_RCP85_output_D+sd_A-sd_S=mean_BC1_NR120,All_region,All_land,All_own,MMT CO2-eq,2012,0.00024077,0,LCCTotEnergy_AnnCH4eq
Baseline_10_29_19_RCP85_output_D+sd_A-sd_S=mean_BC1_NR120,All_region,All_land,All_own,MMT CO2-eq,2013,0.00024205,0,LCCTotEnergy_AnnCH4eq
Baseline_10_29_19_RCP85_output_D+sd_A-sd_S=mean_BC1_NR120,All_region,All_land,All_own,MMT CO2-eq,2014,0.00024383,0,LCCTotEnergy_AnnCH4eq
Baseline_10_29_19_RCP85_output_D+sd_A-sd_S=mean_BC1_NR120,All_region,All_land,All_own,MMT CO2-eq,2015,0.00024455,0,LCCTotEnergy_AnnCH4eq
Baseline_10_29_19_RCP85_output_D+sd_A-sd_S=mean_BC1_NR120,All_region,All_land,All_own,MMT CO2-eq,2016,0.00024565,0,LCCTotEnergy_AnnCH4eq
Baseline_10_29_19_RCP85_output_D+sd_A-sd_S=mean_BC1_NR120,All_region,All_land,All_own,MMT CO2-eq,2017,0.00024663,0,LCCTotEnergy_AnnCH4eq
Baseline_10_29_19_RCP85_output_D+sd_A-sd_S=mean_BC1_NR120,All_region,All_land,All_own,MMT CO2-eq,2018,0.00024661,0,LCCTotEnergy_AnnCH4eq
Baseline_10_29_19_RCP85_output_D+sd_A-sd_S=mean_BC1_NR120,All_region,All_land,All_own,MMT CO2-eq,2019,0.00024786,0,LCCTotEnergy_AnnCH4eq
Baseline_10_29_19_RCP85_output_D+sd_A-sd_S=mean_BC1_NR120,All_region,All_land,All_own,MMT CO2-eq,2020,0.0002487,0,LCCTotEnergy_AnnCH4eq
Baseline_10_29_19_RCP85_output_D+sd_A-sd_S=mean_BC1_NR120,All_region,All_land,All_own,MMT CO2-eq,2021,0.0002496,0,LCCTotEnergy_AnnCH4eq
Baseline_10_29_19_RCP85_output_D+sd_A-sd_S=mean_BC1_NR120,All_region,All_land,All_own,MMT CO2-eq,2010,0.26125354,0,LCCTotEnergy_AnnCO2
Baseline_10_29_19_RCP85_output_D+sd_A-sd_S=mean_BC1_NR120,All_region,All_land,All_own,MMT CO2-eq,2011,0.26283382,0,LCCTotEnergy_AnnCO2
Baseline_10_29_19_RCP85_output_D+sd_A-sd_S=mean_BC1_NR120,All_region,All_land,All_own,MMT CO2-eq,2012,0.26421943,0,LCCTotEnergy_AnnCO2
Baseline_10_29_19_RCP85_output_D+sd_A-sd_S=mean_BC1_NR120,All_region,All_land,All_own,MMT CO2-eq,2013,0.26562432,0,LCCTotEnergy_AnnCO2
Baseline_10_29_19_RCP85_output_D+sd_A-sd_S=mean_BC1_NR120,All_region,All_land,All_own,MMT CO2-eq,2014,0.26757391,0,LCCTotEnergy_AnnCO2
Baseline_10_29_19_RCP85_output_D+sd_A-sd_S=mean_BC1_NR120,All_region,All_land,All_own,MMT CO2-eq,2015,0.26836451,0,LCCTotEnergy_AnnCO2
Baseline_10_29_19_RCP85_output_D+sd_A-sd_S=mean_BC1_NR120,All_region,All_land,All_own,MMT CO2-eq,2016,0.26957101,0,LCCTotEnergy_AnnCO2
Baseline_10_29_19_RCP85_output_D+sd_A-sd_S=mean_BC1_NR120,All_region,All_land,All_own,MMT CO2-eq,2017,0.2706546,0,LCCTotEnergy_AnnCO2
Baseline_10_29_19_RCP85_output_D+sd_A-sd_S=mean_BC1_NR120,All_region,All_land,All_own,MMT CO2-eq,2018,0.27063322,0,LCCTotEnergy_AnnCO2
Baseline_10_29_19_RCP85_output_D+sd_A-sd_S=mean_BC1_NR120,All_region,All_land,All_own,MMT CO2-eq,2019,0.27200218,0,LCCTotEnergy_AnnCO2
Baseline_10_29_19_RCP85_output_D+sd_A-sd_S=mean_BC1_NR120,All_region,All_land,All_own,MMT CO2-eq,2020,0.27292027,0,LCCTotEnergy_AnnCO2
Baseline_10_29_19_RCP85_output_D+sd_A-sd_S=mean_BC1_NR120,All_region,All_land,All_own,MMT CO2-eq,2021,0.27390933,0,LCCTotEnergy_AnnCO2
Baseline_10_29_19_RCP85_output_D+sd_A-sd_S=mean_BC1_NR120,All_region,All_land,All_own,MMT CO2-eq,2010,0.19881918,0,ManFire_AnnCH4eq
Baseline_10_29_19_RCP85_output_D+sd_A-sd_S=mean_BC1_NR120,All_region,All_land,All_own,MMT CO2-eq,2011,0.19640096,0,ManFire_AnnCH4eq
Baseline_10_29_19_RCP85_output_D+sd_A-sd_S=mean_BC1_NR120,All_region,All_land,All_own,MMT CO2-eq,2012,0.19418562,0,ManFire_AnnCH4eq
Baseline_10_29_19_RCP85_output_D+sd_A-sd_S=mean_BC1_NR120,All_region,All_land,All_own,MMT CO2-eq,2013,0.19198034,0,ManFire_AnnCH4eq
Baseline_10_29_19_RCP85_output_D+sd_A-sd_S=mean_BC1_NR120,All_region,All_land,All_own,MMT CO2-eq,2014,0.18972852,0,ManFire_AnnCH4eq
Baseline_10_29_19_RCP85_output_D+sd_A-sd_S=mean_BC1_NR120,All_region,All_land,All_own,MMT CO2-eq,2015,0.188537,0,ManFire_AnnCH4eq
Baseline_10_29_19_RCP85_output_D+sd_A-sd_S=mean_BC1_NR120,All_region,All_land,All_own,MMT CO2-eq,2016,0.18680712,0,ManFire_AnnCH4eq
Baseline_10_29_19_RCP85_output_D+sd_A-sd_S=mean_BC1_NR120,All_region,All_land,All_own,MMT CO2-eq,2017,0.18530357,0,ManFire_AnnCH4eq
Baseline_10_29_19_RCP85_output_D+sd_A-sd_S=mean_BC1_NR120,All_region,All_land,All_own,MMT CO2-eq,2018,0.18342579,0,ManFire_AnnCH4eq
Baseline_10_29_19_RCP85_output_D+sd_A-sd_S=mean_BC1_NR120,All_region,All_land,All_own,MMT CO2-eq,2019,0.18058545,0,ManFire_AnnCH4eq
Baseline_10_29_19_RCP85_output_D+sd_A-sd_S=mean_BC1_NR120,All_region,All_land,All_own,MMT CO2-eq,2020,0.17911336,0,ManFire_AnnCH4eq
Baseline_10_29_19_RCP85_output_D+sd_A-sd_S=mean_BC1_NR120,All_region,All_land,All_own,MMT CO2-eq,2021,0.17751633,0,ManFire_AnnCH4eq
Baseline_10_29_19_RCP85_output_D+sd_A-sd_S=mean_BC1_NR120,All_region,All_land,All_own,MMT CO2-eq,2010,10.3689074,0,ManFire_AnnCO2
Baseline_10_29_19_RCP85_output_D+sd_A-sd_S=mean_BC1_NR120,All_region,All_land,All_own,MMT CO2-eq,2011,10.24279135,0,ManFire_AnnCO2
Baseline_10_29_19_RCP85_output_D+sd_A-sd_S=mean_BC1_NR120,All_region,All_land,All_own,MMT CO2-eq,2012,10.1272561,0,ManFire_AnnCO2
Baseline_10_29_19_RCP85_output_D+sd_A-sd_S=mean_BC1_NR120,All_region,All_land,All_own,MMT CO2-eq,2013,10.01224505,0,ManFire_AnnCO2
Baseline_10_29_19_RCP85_output_D+sd_A-sd_S=mean_BC1_NR120,All_region,All_land,All_own,MMT CO2-eq,2014,9.89480742,0,ManFire_AnnCO2
Baseline_10_29_19_RCP85_output_D+sd_A-sd_S=mean_BC1_NR120,All_region,All_land,All_own,MMT CO2-eq,2015,9.83266669,0,ManFire_AnnCO2
Baseline_10_29_19_RCP85_output_D+sd_A-sd_S=mean_BC1_NR120,All_region,All_land,All_own,MMT CO2-eq,2016,9.74244934,0,ManFire_AnnCO2
Baseline_10_29_19_RCP85_output_D+sd_A-sd_S=mean_BC1_NR120,All_region,All_land,All_own,MMT CO2-eq,2017,9.6640356,0,ManFire_AnnCO2
Baseline_10_29_19_RCP85_output_D+sd_A-sd_S=mean_BC1_NR120,All_region,All_land,All_own,MMT CO2-eq,2018,9.5661047,0,ManFire_AnnCO2
Baseline_10_29_19_RCP85_output_D+sd_A-sd_S=mean_BC1_NR120,All_region,All_land,All_own,MMT CO2-eq,2019,9.41797405,0,ManFire_AnnCO2
Baseline_10_29_19_RCP85_output_D+sd_A-sd_S=mean_BC1_NR120,All_region,All_land,All_own,MMT CO2-eq,2020,9.34120065,0,ManFire_AnnCO2
Baseline_10_29_19_RCP85_output_D+sd_A-sd_S=mean_BC1_NR120,All_region,All_land,All_own,MMT CO2-eq,2021,9.25791154,0,ManFire_AnnCO2
Baseline_10_29_19_RCP85_output_D+sd_A-sd_S=mean_BC1_NR120,All_region,All_land,All_own,MMT CO2-eq,2010,30.70050908,0,ManNonBurn_AnnCO2
Baseline_10_29_19_RCP85_output_D+sd_A-sd_S=mean_BC1_NR120,All_region,All_land,All_own,MMT CO2-eq,2011,30.48807925,0,ManNonBurn_AnnCO2
Baseline_10_29_19_RCP85_output_D+sd_A-sd_S=mean_BC1_NR120,All_region,All_land,All_own,MMT CO2-eq,2012,30.2968108,0,ManNonBurn_AnnCO2
Baseline_10_29_19_RCP85_output_D+sd_A-sd_S=mean_BC1_NR120,All_region,All_land,All_own,MMT CO2-eq,2013,30.11261064,0,ManNonBurn_AnnCO2
Baseline_10_29_19_RCP85_output_D+sd_A-sd_S=mean_BC1_NR120,All_region,All_land,All_own,MMT CO2-eq,2014,29.92268932,0,ManNonBurn_AnnCO2
Baseline_10_29_19_RCP85_output_D+sd_A-sd_S=mean_BC1_NR120,All_region,All_land,All_own,MMT CO2-eq,2015,29.83770239,0,ManNonBurn_AnnCO2
Baseline_10_29_19_RCP85_output_D+sd_A-sd_S=mean_BC1_NR120,All_region,All_land,All_own,MMT CO2-eq,2016,29.69744283,0,ManNonBurn_AnnCO2
Baseline_10_29_19_RCP85_output_D+sd_A-sd_S=mean_BC1_NR120,All_region,All_land,All_own,MMT CO2-eq,2017,29.58822442,0,ManNonBurn_AnnCO2
Baseline_10_29_19_RCP85_output_D+sd_A-sd_S=mean_BC1_NR120,All_region,All_land,All_own,MMT CO2-eq,2018,29.44442287,0,ManNonBurn_AnnCO2
Baseline_10_29_19_RCP85_output_D+sd_A-sd_S=mean_BC1_NR120,All_region,All_land,All_own,MMT CO2-eq,2019,29.19817575,0,ManNonBurn_AnnCO2
Baseline_10_29_19_RCP85_output_D+sd_A-sd_S=mean_BC1_NR120,All_region,All_land,All_own,MMT CO2-eq,2020,29.08641594,0,ManNonBurn_AnnCO2
Baseline_10_29_19_RCP85_output_D+sd_A-sd_S=mean_BC1_NR120,All_region,All_land,All_own,MMT CO2-eq,2021,28.97024945,0,ManNonBurn_AnnCO2
Baseline_10_29_19_RCP85_output_D+sd_A-sd_S=mean_BC1_NR120,All_region,All_land,All_own,MMT CO2-eq,2010,0.01032533,0,ManTotEnergy_AnnCH4eq
Baseline_10_29_19_RCP85_output_D+sd_A-sd_S=mean_BC1_NR120,All_region,All_land,All_own,MMT CO2-eq,2011,0.01037564,0,ManTotEnergy_AnnCH4eq
Baseline_10_29_19_RCP85_output_D+sd_A-sd_S=mean_BC1_NR120,All_region,All_land,All_own,MMT CO2-eq,2012,0.01042852,0,ManTotEnergy_AnnCH4eq
Baseline_10_29_19_RCP85_output_D+sd_A-sd_S=mean_BC1_NR120,All_region,All_land,All_own,MMT CO2-eq,2013,0.01048443,0,ManTotEnergy_AnnCH4eq
Baseline_10_29_19_RCP85_output_D+sd_A-sd_S=mean_BC1_NR120,All_region,All_land,All_own,MMT CO2-eq,2014,0.01054202,0,ManTotEnergy_AnnCH4eq
Baseline_10_29_19_RCP85_output_D+sd_A-sd_S=mean_BC1_NR120,All_region,All_land,All_own,MMT CO2-eq,2015,0.01058692,0,ManTotEnergy_AnnCH4eq
Baseline_10_29_19_RCP85_output_D+sd_A-sd_S=mean_BC1_NR120,All_region,All_land,All_own,MMT CO2-eq,2016,0.01061385,0,ManTotEnergy_AnnCH4eq
Baseline_10_29_19_RCP85_output_D+sd_A-sd_S=mean_BC1_NR120,All_region,All_land,All_own,MMT CO2-eq,2017,0.01065702,0,ManTotEnergy_AnnCH4eq
Baseline_10_29_19_RCP85_output_D+sd_A-sd_S=mean_BC1_NR120,All_region,All_land,All_own,MMT CO2-eq,2018,0.0106846,0,ManTotEnergy_AnnCH4eq
Baseline_10_29_19_RCP85_output_D+sd_A-sd_S=mean_BC1_NR120,All_region,All_land,All_own,MMT CO2-eq,2019,0.01066803,0,ManTotEnergy_AnnCH4eq
Baseline_10_29_19_RCP85_output_D+sd_A-sd_S=mean_BC1_NR120,All_region,All_land,All_own,MMT CO2-eq,2020,0.01070712,0,ManTotEnergy_AnnCH4eq
Baseline_10_29_19_RCP85_output_D+sd_A-sd_S=mean_BC1_NR120,All_region,All_land,All_own,MMT CO2-eq,2021,0.0107392,0,ManTotEnergy_AnnCH4eq
Baseline_10_29_19_RCP85_output_D+sd_A-sd_S=mean_BC1_NR120,All_region,All_land,All_own,MMT CO2-eq,2010,11.33098338,0,ManTotEnergy_AnnCO2
Baseline_10_29_19_RCP85_output_D+sd_A-sd_S=mean_BC1_NR120,All_region,All_land,All_own,MMT CO2-eq,2011,11.38619252,0,ManTotEnergy_AnnCO2
Baseline_10_29_19_RCP85_output_D+sd_A-sd_S=mean_BC1_NR120,All_region,All_land,All_own,MMT CO2-eq,2012,11.44422625,0,ManTotEnergy_AnnCO2
Baseline_10_29_19_RCP85_output_D+sd_A-sd_S=mean_BC1_NR120,All_region,All_land,All_own,MMT CO2-eq,2013,11.50558197,0,ManTotEnergy_AnnCO2
Baseline_10_29_19_RCP85_output_D+sd_A-sd_S=mean_BC1_NR120,All_region,All_land,All_own,MMT CO2-eq,2014,11.56877034,0,ManTotEnergy_AnnCO2
Baseline_10_29_19_RCP85_output_D+sd_A-sd_S=mean_BC1_NR120,All_region,All_land,All_own,MMT CO2-eq,2015,11.61804939,0,ManTotEnergy_AnnCO2
Baseline_10_29_19_RCP85_output_D+sd_A-sd_S=mean_BC1_NR120,All_region,All_land,All_own,MMT CO2-eq,2016,11.64760363,0,ManTotEnergy_AnnCO2
Baseline_10_29_19_RCP85_output_D+sd_A-sd_S=mean_BC1_NR120,All_region,All_land,All_own,MMT CO2-eq,2017,11.69497611,0,ManTotEnergy_AnnCO2
Baseline_10_29_19_RCP85_output_D+sd_A-sd_S=mean_BC1_NR120,All_region,All_land,All_own,MMT CO2-eq,2018,11.72524114,0,ManTotEnergy_AnnCO2
Baseline_10_29_19_RCP85_output_D+sd_A-sd_S=mean_BC1_NR120,All_region,All_land,All_own,MMT CO2-eq,2019,11.70705322,0,ManTotEnergy_AnnCO2
Baseline_10_29_19_RCP85_output_D+sd_A-sd_S=mean_BC1_NR120,All_region,All_land,All_own,MMT CO2-eq,2020,11.74996001,0,ManTotEnergy_AnnCO2
Baseline_10_29_19_RCP85_output_D+sd_A-sd_S=mean_BC1_NR120,All_region,All_land,All_own,MMT CO2-eq,2021,11.78516185,0,ManTotEnergy_AnnCO2
Baseline_10_29_19_RCP85_output_D+sd_A-sd_S=mean_BC1_NR120,All_region,All_land,All_own,MMT CO2-eq,2010,0.69799947,0,Wildfire_AnnCH4eq
Baseline_10_29_19_RCP85_output_D+sd_A-sd_S=mean_BC1_NR120,All_region,All_land,All_own,MMT CO2-eq,2011,0.53742755,0,Wildfire_AnnCH4eq
Baseline_10_29_19_RCP85_output_D+sd_A-sd_S=mean_BC1_NR120,All_region,All_land,All_own,MMT CO2-eq,2012,0.58684337,0,Wildfire_AnnCH4eq
Baseline_10_29_19_RCP85_output_D+sd_A-sd_S=mean_BC1_NR120,All_region,All_land,All_own,MMT CO2-eq,2013,0.66933752,0,Wildfire_AnnCH4eq
Baseline_10_29_19_RCP85_output_D+sd_A-sd_S=mean_BC1_NR120,All_region,All_land,All_own,MMT CO2-eq,2014,0.32087971,0,Wildfire_AnnCH4eq
Baseline_10_29_19_RCP85_output_D+sd_A-sd_S=mean_BC1_NR120,All_region,All_land,All_own,MMT CO2-eq,2015,0.81508629,0,Wildfire_AnnCH4eq
Baseline_10_29_19_RCP85_output_D+sd_A-sd_S=mean_BC1_NR120,All_region,All_land,All_own,MMT CO2-eq,2016,0.61328322,0,Wildfire_AnnCH4eq
Baseline_10_29_19_RCP85_output_D+sd_A-sd_S=mean_BC1_NR120,All_region,All_land,All_own,MMT CO2-eq,2017,0.93589246,0,Wildfire_AnnCH4eq
Baseline_10_29_19_RCP85_output_D+sd_A-sd_S=mean_BC1_NR120,All_region,All_land,All_own,MMT CO2-eq,2018,1.73640499,0,Wildfire_AnnCH4eq
Baseline_10_29_19_RCP85_output_D+sd_A-sd_S=mean_BC1_NR120,All_region,All_land,All_own,MMT CO2-eq,2019,0.62479343,0,Wildfire_AnnCH4eq
Baseline_10_29_19_RCP85_output_D+sd_A-sd_S=mean_BC1_NR120,All_region,All_land,All_own,MMT CO2-eq,2020,0.72302226,0,Wildfire_AnnCH4eq
Baseline_10_29_19_RCP85_output_D+sd_A-sd_S=mean_BC1_NR120,All_region,All_land,All_own,MMT CO2-eq,2021,0.72499413,0,Wildfire_AnnCH4eq
Baseline_10_29_19_RCP85_output_D+sd_A-sd_S=mean_BC1_NR120,All_region,All_land,All_own,MMT CO2-eq,2010,36.40238297,0,Wildfire_AnnCO2
Baseline_10_29_19_RCP85_output_D+sd_A-sd_S=mean_BC1_NR120,All_region,All_land,All_own,MMT CO2-eq,2011,28.02816384,0,Wildfire_AnnCO2
Baseline_10_29_19_RCP85_output_D+sd_A-sd_S=mean_BC1_NR120,All_region,All_land,All_own,MMT CO2-eq,2012,30.60531995,0,Wildfire_AnnCO2
Baseline_10_29_19_RCP85_output_D+sd_A-sd_S=mean_BC1_NR120,All_region,All_land,All_own,MMT CO2-eq,2013,34.90759199,0,Wildfire_AnnCO2
Baseline_10_29_19_RCP85_output_D+sd_A-sd_S=mean_BC1_NR120,All_region,All_land,All_own,MMT CO2-eq,2014,16.7346636,0,Wildfire_AnnCO2
Baseline_10_29_19_RCP85_output_D+sd_A-sd_S=mean_BC1_NR120,All_region,All_land,All_own,MMT CO2-eq,2015,42.50874766,0,Wildfire_AnnCO2
Baseline_10_29_19_RCP85_output_D+sd_A-sd_S=mean_BC1_NR120,All_region,All_land,All_own,MMT CO2-eq,2016,31.98422307,0,Wildfire_AnnCO2
Baseline_10_29_19_RCP85_output_D+sd_A-sd_S=mean_BC1_NR120,All_region,All_land,All_own,MMT CO2-eq,2017,48.80908549,0,Wildfire_AnnCO2
Baseline_10_29_19_RCP85_output_D+sd_A-sd_S=mean_BC1_NR120,All_region,All_land,All_own,MMT CO2-eq,2018,90.55777617,0,Wildfire_AnnCO2
Baseline_10_29_19_RCP85_output_D+sd_A-sd_S=mean_BC1_NR120,All_region,All_land,All_own,MMT CO2-eq,2019,32.58450884,0,Wildfire_AnnCO2
Baseline_10_29_19_RCP85_output_D+sd_A-sd_S=mean_BC1_NR120,All_region,All_land,All_own,MMT CO2-eq,2020,37.70738314,0,Wildfire_AnnCO2
Baseline_10_29_19_RCP85_output_D+sd_A-sd_S=mean_BC1_NR120,All_region,All_land,All_own,MMT CO2-eq,2021,37.81022111,0,Wildfire_AnnCO2
Baseline_10_29_19_RCP85_output_D+sd_A-sd_S=mean_BC1_NR120,All_region,All_land,All_own,MMT CO2-eq,2010,0.13609276,0,Wood_AnnCH4eq
Baseline_10_29_19_RCP85_output_D+sd_A-sd_S=mean_BC1_NR120,All_region,All_land,All_own,MMT CO2-eq,2011,0.40655267,0,Wood_AnnCH4eq
Baseline_10_29_19_RCP85_output_D+sd_A-sd_S=mean_BC1_NR120,All_region,All_land,All_own,MMT CO2-eq,2012,0.67481084,0,Wood_AnnCH4eq
Baseline_10_29_19_RCP85_output_D+sd_A-sd_S=mean_BC1_NR120,All_region,All_land,All_own,MMT CO2-eq,2013,0.94096062,0,Wood_AnnCH4eq
Baseline_10_29_19_RCP85_output_D+sd_A-sd_S=mean_BC1_NR120,All_region,All_land,All_own,MMT CO2-eq,2014,1.20511865,0,Wood_AnnCH4eq
Baseline_10_29_19_RCP85_output_D+sd_A-sd_S=mean_BC1_NR120,All_region,All_land,All_own,MMT CO2-eq,2015,1.46717631,0,Wood_AnnCH4eq
Baseline_10_29_19_RCP85_output_D+sd_A-sd_S=mean_BC1_NR120,All_region,All_land,All_own,MMT CO2-eq,2016,1.72679735,0,Wood_AnnCH4eq
Baseline_10_29_19_RCP85_output_D+sd_A-sd_S=mean_BC1_NR120,All_region,All_land,All_own,MMT CO2-eq,2017,1.98403348,0,Wood_AnnCH4eq
Baseline_10_29_19_RCP85_output_D+sd_A-sd_S=mean_BC1_NR120,All_region,All_land,All_own,MMT CO2-eq,2018,2.23889121,0,Wood_AnnCH4eq
Baseline_10_29_19_RCP85_output_D+sd_A-sd_S=mean_BC1_NR120,All_region,All_land,All_own,MMT CO2-eq,2019,2.49069572,0,Wood_AnnCH4eq
Baseline_10_29_19_RCP85_output_D+sd_A-sd_S=mean_BC1_NR120,All_region,All_land,All_own,MMT CO2-eq,2020,2.73963461,0,Wood_AnnCH4eq
Baseline_10_29_19_RCP85_output_D+sd_A-sd_S=mean_BC1_NR120,All_region,All_land,All_own,MMT CO2-eq,2021,2.9862748,0,Wood_AnnCH4eq
Baseline_10_29_19_RCP85_output_D+sd_A-sd_S=mean_BC1_NR120,All_region,All_land,All_own,MMT CO2-eq,2010,0.02855106,0,Wood_AnnCO2
Baseline_10_29_19_RCP85_output_D+sd_A-sd_S=mean_BC1_NR120,All_region,All_land,All_own,MMT CO2-eq,2011,0.08529116,0,Wood_AnnCO2
Baseline_10_29_19_RCP85_output_D+sd_A-sd_S=mean_BC1_NR120,All_region,All_land,All_own,MMT CO2-eq,2012,0.14156936,0,Wood_AnnCO2
Baseline_10_29_19_RCP85_output_D+sd_A-sd_S=mean_BC1_NR120,All_region,All_land,All_own,MMT CO2-eq,2013,0.19740523,0,Wood_AnnCO2
Baseline_10_29_19_RCP85_output_D+sd_A-sd_S=mean_BC1_NR120,All_region,All_land,All_own,MMT CO2-eq,2014,0.25282325,0,Wood_AnnCO2
Baseline_10_29_19_RCP85_output_D+sd_A-sd_S=mean_BC1_NR120,All_region,All_land,All_own,MMT CO2-eq,2015,0.30780064,0,Wood_AnnCO2
Baseline_10_29_19_RCP85_output_D+sd_A-sd_S=mean_BC1_NR120,All_region,All_land,All_own,MMT CO2-eq,2016,0.36226684,0,Wood_AnnCO2
Baseline_10_29_19_RCP85_output_D+sd_A-sd_S=mean_BC1_NR120,All_region,All_land,All_own,MMT CO2-eq,2017,0.41623271,0,Wood_AnnCO2
Baseline_10_29_19_RCP85_output_D+sd_A-sd_S=mean_BC1_NR120,All_region,All_land,All_own,MMT CO2-eq,2018,0.46969961,0,Wood_AnnCO2
Baseline_10_29_19_RCP85_output_D+sd_A-sd_S=mean_BC1_NR120,All_region,All_land,All_own,MMT CO2-eq,2019,0.52252597,0,Wood_AnnCO2
Baseline_10_29_19_RCP85_output_D+sd_A-sd_S=mean_BC1_NR120,All_region,All_land,All_own,MMT CO2-eq,2020,0.57475115,0,Wood_AnnCO2
Baseline_10_29_19_RCP85_output_D+sd_A-sd_S=mean_BC1_NR120,All_region,All_land,All_own,MMT CO2-eq,2021,0.62649409,0,Wood_AnnCO2
