Scenario,Land_Type,Units,Year,Value
Alternative,All_land,MMT C,2010,0
Alternative,All_land,MMT C,2011,-3.39151457
Alternative,All_land,MMT C,2012,-6.27068280000001
Alternative,All_land,MMT C,2013,-8.65529909999999
Alternative,All_land,MMT C,2014,-10.49092854
Alternative,All_land,MMT C,2015,-11.87771458
Alternative,All_land,MMT C,2016,-12.83186199
Alternative,All_land,MMT C,2017,-13.36982134
Alternative,All_land,MMT C,2018,-13.27234887
Alternative,All_land,MMT C,2019,-12.59615161
Alternative,All_land,MMT C,2020,-11.77818777
Alternative,All_land,MMT C,2021,-10.42325062
Alternative,All_land,MMT C,2022,-8.47699901000001
