Scenario,Region,Land_Type,Ownership,Units,Year,Value
Alternative_B_10_29_19_RCP85_output_D+sd_A-sd_S=mean_BC1_NR120,All_region,All_land,All_own,MMT C,2010,0
Alternative_B_10_29_19_RCP85_output_D+sd_A-sd_S=mean_BC1_NR120,All_region,All_land,All_own,MMT C,2011,-0.31460558
Alternative_B_10_29_19_RCP85_output_D+sd_A-sd_S=mean_BC1_NR120,All_region,All_land,All_own,MMT C,2012,-0.644141440000001
Alternative_B_10_29_19_RCP85_output_D+sd_A-sd_S=mean_BC1_NR120,All_region,All_land,All_own,MMT C,2013,-0.9879851
Alternative_B_10_29_19_RCP85_output_D+sd_A-sd_S=mean_BC1_NR120,All_region,All_land,All_own,MMT C,2014,-1.34607849
Alternative_B_10_29_19_RCP85_output_D+sd_A-sd_S=mean_BC1_NR120,All_region,All_land,All_own,MMT C,2015,-1.7183465
Alternative_B_10_29_19_RCP85_output_D+sd_A-sd_S=mean_BC1_NR120,All_region,All_land,All_own,MMT C,2016,-2.10179154
Alternative_B_10_29_19_RCP85_output_D+sd_A-sd_S=mean_BC1_NR120,All_region,All_land,All_own,MMT C,2017,-2.49605519
Alternative_B_10_29_19_RCP85_output_D+sd_A-sd_S=mean_BC1_NR120,All_region,All_land,All_own,MMT C,2018,-2.90196364
Alternative_B_10_29_19_RCP85_output_D+sd_A-sd_S=mean_BC1_NR120,All_region,All_land,All_own,MMT C,2019,-3.31853138
Alternative_B_10_29_19_RCP85_output_D+sd_A-sd_S=mean_BC1_NR120,All_region,All_land,All_own,MMT C,2020,-3.74384969
Alternative_B_10_29_19_RCP85_output_D+sd_A-sd_S=mean_BC1_NR120,All_region,All_land,All_own,MMT C,2021,-4.17916952
Alternative_B_10_29_19_RCP85_output_D+sd_A-sd_S=mean_BC1_NR120,All_region,All_land,All_own,MMT C,2022,-4.62348949
