Scenario,Land_Type,Units,Year,Value
Baseline,All_land,MMT C,2010,0
Baseline,All_land,MMT C,2011,-5.99521552
Baseline,All_land,MMT C,2012,-16.90390322
Baseline,All_land,MMT C,2013,-31.86698202
Baseline,All_land,MMT C,2014,-48.48508309
Baseline,All_land,MMT C,2015,-54.42557397
Baseline,All_land,MMT C,2016,-76.39869676
Baseline,All_land,MMT C,2017,-104.55524964
Baseline,All_land,MMT C,2018,-134.72370738
Baseline,All_land,MMT C,2019,-170.19749479
Baseline,All_land,MMT C,2020,-193.36537419
Baseline,All_land,MMT C,2021,-216.2894912
Baseline,All_land,MMT C,2022,-230.83010628
Alternative,All_land,MMT C,2010,0
Alternative,All_land,MMT C,2011,-9.38673009
Alternative,All_land,MMT C,2012,-23.17458602
Alternative,All_land,MMT C,2013,-40.52228112
Alternative,All_land,MMT C,2014,-58.97601163
Alternative,All_land,MMT C,2015,-66.30328855
Alternative,All_land,MMT C,2016,-89.23055875
Alternative,All_land,MMT C,2017,-117.92507098
Alternative,All_land,MMT C,2018,-147.99605625
Alternative,All_land,MMT C,2019,-182.7936464
Alternative,All_land,MMT C,2020,-205.14356196
Alternative,All_land,MMT C,2021,-226.71274182
Alternative,All_land,MMT C,2022,-239.30710529
