Scenario,Region,Land_Type,Ownership,Component,Units,Year,Value
Alternative,All_region,All_land,All_own,Net_Wood_Gain,MMT C,2020,-0.43531983
Alternative,All_region,All_land,All_own,Ecosystem_Gain_minus_NWG,MMT C,2020,3.25866814
Alternative,All_region,All_land,All_own,Loss_to_Atmos_from_Manage,MMT C,2020,-2.41658549
Alternative,All_region,All_land,All_own,Loss_to_Atmos_from_Fire,MMT C,2020,0.0963050600000006
Alternative,All_region,All_land,All_own,Loss_to_Atmos_from_LCC,MMT C,2020,0.79905688
Alternative,All_region,All_land,All_own,Loss_to_Atmos_from_Wood,MMT C,2020,0.0528124
