Scenario,Region,Land_Type,Ownership,Component,Units,Year,Value
Baseline,All_region,All_land,All_own,Net_Wood_Gain,MMT C,2010,0
Baseline,All_region,All_land,All_own,Net_Wood_Gain,MMT C,2011,1.77673945
Baseline,All_region,All_land,All_own,Net_Wood_Gain,MMT C,2012,3.53882747
Baseline,All_region,All_land,All_own,Net_Wood_Gain,MMT C,2013,5.28675758
Baseline,All_region,All_land,All_own,Net_Wood_Gain,MMT C,2014,7.02125691
Baseline,All_region,All_land,All_own,Net_Wood_Gain,MMT C,2015,8.7431245
Baseline,All_region,All_land,All_own,Net_Wood_Gain,MMT C,2016,10.45014683
Baseline,All_region,All_land,All_own,Net_Wood_Gain,MMT C,2017,12.14013753
Baseline,All_region,All_land,All_own,Net_Wood_Gain,MMT C,2018,13.81594858
Baseline,All_region,All_land,All_own,Net_Wood_Gain,MMT C,2019,15.47482554
Baseline,All_region,All_land,All_own,Net_Wood_Gain,MMT C,2020,17.11070063
Baseline,All_region,All_land,All_own,Net_Wood_Gain,MMT C,2021,18.73206396
Baseline,All_region,All_land,All_own,Net_Wood_Gain,MMT C,2022,20.33786434
Baseline,All_region,All_land,All_own,Ecosystem_Gain_from_Atmos,MMT C,2010,0
Baseline,All_region,All_land,All_own,Ecosystem_Gain_from_Atmos,MMT C,2011,20.38068655
Baseline,All_region,All_land,All_own,Ecosystem_Gain_from_Atmos,MMT C,2012,33.59724089
Baseline,All_region,All_land,All_own,Ecosystem_Gain_from_Atmos,MMT C,2013,43.51220418
Baseline,All_region,All_land,All_own,Ecosystem_Gain_from_Atmos,MMT C,2014,53.00956463
Baseline,All_region,All_land,All_own,Ecosystem_Gain_from_Atmos,MMT C,2015,68.19599504
Baseline,All_region,All_land,All_own,Ecosystem_Gain_from_Atmos,MMT C,2016,74.5166109
Baseline,All_region,All_land,All_own,Ecosystem_Gain_from_Atmos,MMT C,2017,71.81096544
Baseline,All_region,All_land,All_own,Ecosystem_Gain_from_Atmos,MMT C,2018,71.80717435
Baseline,All_region,All_land,All_own,Ecosystem_Gain_from_Atmos,MMT C,2019,78.16276132
Baseline,All_region,All_land,All_own,Ecosystem_Gain_from_Atmos,MMT C,2020,80.90686042
Baseline,All_region,All_land,All_own,Ecosystem_Gain_from_Atmos,MMT C,2021,85.32678584
Baseline,All_region,All_land,All_own,Ecosystem_Gain_from_Atmos,MMT C,2022,98.18091837
Baseline,All_region,All_land,All_own,Loss_to_Atmos_from_Manage,MMT C,2010,0
Baseline,All_region,All_land,All_own,Loss_to_Atmos_from_Manage,MMT C,2011,-14.30677512
Baseline,All_region,All_land,All_own,Loss_to_Atmos_from_Manage,MMT C,2012,-28.53615433
Baseline,All_region,All_land,All_own,Loss_to_Atmos_from_Manage,MMT C,2013,-42.69757735
Baseline,All_region,All_land,All_own,Loss_to_Atmos_from_Manage,MMT C,2014,-56.79402323
Baseline,All_region,All_land,All_own,Loss_to_Atmos_from_Manage,MMT C,2015,-70.82376717
Baseline,All_region,All_land,All_own,Loss_to_Atmos_from_Manage,MMT C,2016,-84.82677306
Baseline,All_region,All_land,All_own,Loss_to_Atmos_from_Manage,MMT C,2017,-98.77489446
Baseline,All_region,All_land,All_own,Loss_to_Atmos_from_Manage,MMT C,2018,-112.68469407
Baseline,All_region,All_land,All_own,Loss_to_Atmos_from_Manage,MMT C,2019,-126.53672701
Baseline,All_region,All_land,All_own,Loss_to_Atmos_from_Manage,MMT C,2020,-140.27608173
Baseline,All_region,All_land,All_own,Loss_to_Atmos_from_Manage,MMT C,2021,-153.97565086
Baseline,All_region,All_land,All_own,Loss_to_Atmos_from_Manage,MMT C,2022,-167.63034687
Baseline,All_region,All_land,All_own,Loss_to_Atmos_from_Fire,MMT C,2010,0
Baseline,All_region,All_land,All_own,Loss_to_Atmos_from_Fire,MMT C,2011,-10.0918339
Baseline,All_region,All_land,All_own,Loss_to_Atmos_from_Fire,MMT C,2012,-17.98645454
Baseline,All_region,All_land,All_own,Loss_to_Atmos_from_Fire,MMT C,2013,-26.68012014
Baseline,All_region,All_land,All_own,Loss_to_Atmos_from_Fire,MMT C,2014,-36.65424326
Baseline,All_region,All_land,All_own,Loss_to_Atmos_from_Fire,MMT C,2015,-41.68295426
Baseline,All_region,All_land,All_own,Loss_to_Atmos_from_Fire,MMT C,2016,-53.88455948
Baseline,All_region,All_land,All_own,Loss_to_Atmos_from_Fire,MMT C,2017,-63.27837853
Baseline,All_region,All_land,All_own,Loss_to_Atmos_from_Fire,MMT C,2018,-77.40537162
Baseline,All_region,All_land,All_own,Loss_to_Atmos_from_Fire,MMT C,2019,-103.23708462
Baseline,All_region,All_land,All_own,Loss_to_Atmos_from_Fire,MMT C,2020,-113.24491268
Baseline,All_region,All_land,All_own,Loss_to_Atmos_from_Fire,MMT C,2021,-124.70604828
Baseline,All_region,All_land,All_own,Loss_to_Atmos_from_Fire,MMT C,2022,-136.2432179
Baseline,All_region,All_land,All_own,Loss_to_Atmos_from_LCC,MMT C,2010,0
Baseline,All_region,All_land,All_own,Loss_to_Atmos_from_LCC,MMT C,2011,-1.96542499
Baseline,All_region,All_land,All_own,Loss_to_Atmos_from_LCC,MMT C,2012,-3.93121349
Baseline,All_region,All_land,All_own,Loss_to_Atmos_from_LCC,MMT C,2013,-5.89531965
Baseline,All_region,All_land,All_own,Loss_to_Atmos_from_LCC,MMT C,2014,-7.85815508
Baseline,All_region,All_land,All_own,Loss_to_Atmos_from_LCC,MMT C,2015,-9.82152828
Baseline,All_region,All_land,All_own,Loss_to_Atmos_from_LCC,MMT C,2016,-11.78270976
Baseline,All_region,All_land,All_own,Loss_to_Atmos_from_LCC,MMT C,2017,-13.74109024
Baseline,All_region,All_land,All_own,Loss_to_Atmos_from_LCC,MMT C,2018,-15.69594526
Baseline,All_region,All_land,All_own,Loss_to_Atmos_from_LCC,MMT C,2019,-17.64632974
Baseline,All_region,All_land,All_own,Loss_to_Atmos_from_LCC,MMT C,2020,-19.59392273
Baseline,All_region,All_land,All_own,Loss_to_Atmos_from_LCC,MMT C,2021,-21.53834881
Baseline,All_region,All_land,All_own,Loss_to_Atmos_from_LCC,MMT C,2022,-23.48081076
Baseline,All_region,All_land,All_own,Loss_to_Atmos_from_Wood,MMT C,2010,0
Baseline,All_region,All_land,All_own,Loss_to_Atmos_from_Wood,MMT C,2011,-0.01186806
Baseline,All_region,All_land,All_own,Loss_to_Atmos_from_Wood,MMT C,2012,-0.04732175
Baseline,All_region,All_land,All_own,Loss_to_Atmos_from_Wood,MMT C,2013,-0.10616906
Baseline,All_region,All_land,All_own,Loss_to_Atmos_from_Wood,MMT C,2014,-0.18822615
Baseline,All_region,All_land,All_own,Loss_to_Atmos_from_Wood,MMT C,2015,-0.2933193
Baseline,All_region,All_land,All_own,Loss_to_Atmos_from_Wood,MMT C,2016,-0.42126536
Baseline,All_region,All_land,All_own,Loss_to_Atmos_from_Wood,MMT C,2017,-0.57185185
Baseline,All_region,All_land,All_own,Loss_to_Atmos_from_Wood,MMT C,2018,-0.74487078
Baseline,All_region,All_land,All_own,Loss_to_Atmos_from_Wood,MMT C,2019,-0.94011474
Baseline,All_region,All_land,All_own,Loss_to_Atmos_from_Wood,MMT C,2020,-1.15731747
Baseline,All_region,All_land,All_own,Loss_to_Atmos_from_Wood,MMT C,2021,-1.39622909
Baseline,All_region,All_land,All_own,Loss_to_Atmos_from_Wood,MMT C,2022,-1.65664912
Alternative,All_region,All_land,All_own,Net_Wood_Gain,MMT C,2010,0
Alternative,All_region,All_land,All_own,Net_Wood_Gain,MMT C,2011,1.46213387
Alternative,All_region,All_land,All_own,Net_Wood_Gain,MMT C,2012,2.89468603
Alternative,All_region,All_land,All_own,Net_Wood_Gain,MMT C,2013,4.29877248
Alternative,All_region,All_land,All_own,Net_Wood_Gain,MMT C,2014,5.67517842
Alternative,All_region,All_land,All_own,Net_Wood_Gain,MMT C,2015,7.02477799
Alternative,All_region,All_land,All_own,Net_Wood_Gain,MMT C,2016,8.3483553
Alternative,All_region,All_land,All_own,Net_Wood_Gain,MMT C,2017,9.64408234
Alternative,All_region,All_land,All_own,Net_Wood_Gain,MMT C,2018,10.91398494
Alternative,All_region,All_land,All_own,Net_Wood_Gain,MMT C,2019,12.15629415
Alternative,All_region,All_land,All_own,Net_Wood_Gain,MMT C,2020,13.36685094
Alternative,All_region,All_land,All_own,Net_Wood_Gain,MMT C,2021,14.55289444
Alternative,All_region,All_land,All_own,Net_Wood_Gain,MMT C,2022,15.71437484
Alternative,All_region,All_land,All_own,Ecosystem_Gain_from_Atmos,MMT C,2010,0
Alternative,All_region,All_land,All_own,Ecosystem_Gain_from_Atmos,MMT C,2011,20.41884858
Alternative,All_region,All_land,All_own,Ecosystem_Gain_from_Atmos,MMT C,2012,33.9608377
Alternative,All_region,All_land,All_own,Ecosystem_Gain_from_Atmos,MMT C,2013,44.469169
Alternative,All_region,All_land,All_own,Ecosystem_Gain_from_Atmos,MMT C,2014,54.89008389
Alternative,All_region,All_land,All_own,Ecosystem_Gain_from_Atmos,MMT C,2015,71.2785852
Alternative,All_region,All_land,All_own,Ecosystem_Gain_from_Atmos,MMT C,2016,78.99115539
Alternative,All_region,All_land,All_own,Ecosystem_Gain_from_Atmos,MMT C,2017,77.90540997
Alternative,All_region,All_land,All_own,Ecosystem_Gain_from_Atmos,MMT C,2018,79.92658042
Alternative,All_region,All_land,All_own,Ecosystem_Gain_from_Atmos,MMT C,2019,88.57584405
Alternative,All_region,All_land,All_own,Ecosystem_Gain_from_Atmos,MMT C,2020,93.74915161
Alternative,All_region,All_land,All_own,Ecosystem_Gain_from_Atmos,MMT C,2021,100.99242534
Alternative,All_region,All_land,All_own,Ecosystem_Gain_from_Atmos,MMT C,2022,117.10135361
Alternative,All_region,All_land,All_own,Loss_to_Atmos_from_Manage,MMT C,2010,0
Alternative,All_region,All_land,All_own,Loss_to_Atmos_from_Manage,MMT C,2011,-17.43649812
Alternative,All_region,All_land,All_own,Loss_to_Atmos_from_Manage,MMT C,2012,-34.69729136
Alternative,All_region,All_land,All_own,Loss_to_Atmos_from_Manage,MMT C,2013,-51.79942624
Alternative,All_region,All_land,All_own,Loss_to_Atmos_from_Manage,MMT C,2014,-68.75020211
Alternative,All_region,All_land,All_own,Loss_to_Atmos_from_Manage,MMT C,2015,-85.55284478
Alternative,All_region,All_land,All_own,Loss_to_Atmos_from_Manage,MMT C,2016,-102.26516514
Alternative,All_region,All_land,All_own,Loss_to_Atmos_from_Manage,MMT C,2017,-118.85736756
Alternative,All_region,All_land,All_own,Loss_to_Atmos_from_Manage,MMT C,2018,-135.35149061
Alternative,All_region,All_land,All_own,Loss_to_Atmos_from_Manage,MMT C,2019,-151.72916531
Alternative,All_region,All_land,All_own,Loss_to_Atmos_from_Manage,MMT C,2020,-167.93203878
Alternative,All_region,All_land,All_own,Loss_to_Atmos_from_Manage,MMT C,2021,-184.0481934
Alternative,All_region,All_land,All_own,Loss_to_Atmos_from_Manage,MMT C,2022,-200.07844878
Alternative,All_region,All_land,All_own,Loss_to_Atmos_from_Fire,MMT C,2010,0
Alternative,All_region,All_land,All_own,Loss_to_Atmos_from_Fire,MMT C,2011,-10.0765523
Alternative,All_region,All_land,All_own,Loss_to_Atmos_from_Fire,MMT C,2012,-17.9474297
Alternative,All_region,All_land,All_own,Loss_to_Atmos_from_Fire,MMT C,2013,-26.59954381
Alternative,All_region,All_land,All_own,Loss_to_Atmos_from_Fire,MMT C,2014,-36.51749945
Alternative,All_region,All_land,All_own,Loss_to_Atmos_from_Fire,MMT C,2015,-41.51861106
Alternative,All_region,All_land,All_own,Loss_to_Atmos_from_Fire,MMT C,2016,-53.63078622
Alternative,All_region,All_land,All_own,Loss_to_Atmos_from_Fire,MMT C,2017,-62.92868377
Alternative,All_region,All_land,All_own,Loss_to_Atmos_from_Fire,MMT C,2018,-76.90512635
Alternative,All_region,All_land,All_own,Loss_to_Atmos_from_Fire,MMT C,2019,-102.45144234
Alternative,All_region,All_land,All_own,Loss_to_Atmos_from_Fire,MMT C,2020,-112.3447782
Alternative,All_region,All_land,All_own,Loss_to_Atmos_from_Fire,MMT C,2021,-123.70960874
Alternative,All_region,All_land,All_own,Loss_to_Atmos_from_Fire,MMT C,2022,-135.14487527
Alternative,All_region,All_land,All_own,Loss_to_Atmos_from_LCC,MMT C,2010,0
Alternative,All_region,All_land,All_own,Loss_to_Atmos_from_LCC,MMT C,2011,-2.28276166
Alternative,All_region,All_land,All_own,Loss_to_Atmos_from_LCC,MMT C,2012,-4.45187719
Alternative,All_region,All_land,All_own,Loss_to_Atmos_from_LCC,MMT C,2013,-6.5056903
Alternative,All_region,All_land,All_own,Loss_to_Atmos_from_LCC,MMT C,2014,-8.44510865
Alternative,All_region,All_land,All_own,Loss_to_Atmos_from_LCC,MMT C,2015,-10.27246897
Alternative,All_region,All_land,All_own,Loss_to_Atmos_from_LCC,MMT C,2016,-11.98533421
Alternative,All_region,All_land,All_own,Loss_to_Atmos_from_LCC,MMT C,2017,-13.58406448
Alternative,All_region,All_land,All_own,Loss_to_Atmos_from_LCC,MMT C,2018,-15.06861879
Alternative,All_region,All_land,All_own,Loss_to_Atmos_from_LCC,MMT C,2019,-16.43770291
Alternative,All_region,All_land,All_own,Loss_to_Atmos_from_LCC,MMT C,2020,-17.69459016
Alternative,All_region,All_land,All_own,Loss_to_Atmos_from_LCC,MMT C,2021,-18.83995937
Alternative,All_region,All_land,All_own,Loss_to_Atmos_from_LCC,MMT C,2022,-19.87598438
Alternative,All_region,All_land,All_own,Loss_to_Atmos_from_Wood,MMT C,2010,0
Alternative,All_region,All_land,All_own,Loss_to_Atmos_from_Wood,MMT C,2011,-0.00976659
Alternative,All_region,All_land,All_own,Loss_to_Atmos_from_Wood,MMT C,2012,-0.03882547
Alternative,All_region,All_land,All_own,Loss_to_Atmos_from_Wood,MMT C,2013,-0.08678977
Alternative,All_region,All_land,All_own,Loss_to_Atmos_from_Wood,MMT C,2014,-0.15328531
Alternative,All_region,All_land,All_own,Loss_to_Atmos_from_Wood,MMT C,2015,-0.23794894
Alternative,All_region,All_land,All_own,Loss_to_Atmos_from_Wood,MMT C,2016,-0.34042857
Alternative,All_region,All_land,All_own,Loss_to_Atmos_from_Wood,MMT C,2017,-0.46036514
Alternative,All_region,All_land,All_own,Loss_to_Atmos_from_Wood,MMT C,2018,-0.59740092
Alternative,All_region,All_land,All_own,Loss_to_Atmos_from_Wood,MMT C,2019,-0.75117989
Alternative,All_region,All_land,All_own,Loss_to_Atmos_from_Wood,MMT C,2020,-0.92130643
Alternative,All_region,All_land,All_own,Loss_to_Atmos_from_Wood,MMT C,2021,-1.10740565
Alternative,All_region,All_land,All_own,Loss_to_Atmos_from_Wood,MMT C,2022,-1.30915047
