Scenario,Region,Land_Type,Ownership,Component,Units,Year,Value
Baseline,All_region,All_land,All_own,Net_Wood_Gain,MMT C,2010,1.77673945
Baseline,All_region,All_land,All_own,Net_Wood_Gain,MMT C,2011,1.76208802
Baseline,All_region,All_land,All_own,Net_Wood_Gain,MMT C,2012,1.7479301
Baseline,All_region,All_land,All_own,Net_Wood_Gain,MMT C,2013,1.73449934
Baseline,All_region,All_land,All_own,Net_Wood_Gain,MMT C,2014,1.7218676
Baseline,All_region,All_land,All_own,Net_Wood_Gain,MMT C,2015,1.70702232
Baseline,All_region,All_land,All_own,Net_Wood_Gain,MMT C,2016,1.68999071
Baseline,All_region,All_land,All_own,Net_Wood_Gain,MMT C,2017,1.67581105
Baseline,All_region,All_land,All_own,Net_Wood_Gain,MMT C,2018,1.65887696
Baseline,All_region,All_land,All_own,Net_Wood_Gain,MMT C,2019,1.63587508
Baseline,All_region,All_land,All_own,Net_Wood_Gain,MMT C,2020,1.62136333
Baseline,All_region,All_land,All_own,Net_Wood_Gain,MMT C,2021,1.60580038
Baseline,All_region,All_land,All_own,Ecosystem_Gain_from_Atmos,MMT C,2010,20.38068655
Baseline,All_region,All_land,All_own,Ecosystem_Gain_from_Atmos,MMT C,2011,13.21655434
Baseline,All_region,All_land,All_own,Ecosystem_Gain_from_Atmos,MMT C,2012,9.91496329
Baseline,All_region,All_land,All_own,Ecosystem_Gain_from_Atmos,MMT C,2013,9.49736045
Baseline,All_region,All_land,All_own,Ecosystem_Gain_from_Atmos,MMT C,2014,15.18643041
Baseline,All_region,All_land,All_own,Ecosystem_Gain_from_Atmos,MMT C,2015,6.32061586
Baseline,All_region,All_land,All_own,Ecosystem_Gain_from_Atmos,MMT C,2016,-2.70564545
Baseline,All_region,All_land,All_own,Ecosystem_Gain_from_Atmos,MMT C,2017,-0.00379109
Baseline,All_region,All_land,All_own,Ecosystem_Gain_from_Atmos,MMT C,2018,6.35558696
Baseline,All_region,All_land,All_own,Ecosystem_Gain_from_Atmos,MMT C,2019,2.7440991
Baseline,All_region,All_land,All_own,Ecosystem_Gain_from_Atmos,MMT C,2020,4.41992542
Baseline,All_region,All_land,All_own,Ecosystem_Gain_from_Atmos,MMT C,2021,12.85413253
Baseline,All_region,All_land,All_own,Loss_to_Atmos_from_Manage,MMT C,2010,-14.30677512
Baseline,All_region,All_land,All_own,Loss_to_Atmos_from_Manage,MMT C,2011,-14.22937921
Baseline,All_region,All_land,All_own,Loss_to_Atmos_from_Manage,MMT C,2012,-14.16142302
Baseline,All_region,All_land,All_own,Loss_to_Atmos_from_Manage,MMT C,2013,-14.09644587
Baseline,All_region,All_land,All_own,Loss_to_Atmos_from_Manage,MMT C,2014,-14.02974395
Baseline,All_region,All_land,All_own,Loss_to_Atmos_from_Manage,MMT C,2015,-14.00300589
Baseline,All_region,All_land,All_own,Loss_to_Atmos_from_Manage,MMT C,2016,-13.9481214
Baseline,All_region,All_land,All_own,Loss_to_Atmos_from_Manage,MMT C,2017,-13.90979961
Baseline,All_region,All_land,All_own,Loss_to_Atmos_from_Manage,MMT C,2018,-13.85203294
Baseline,All_region,All_land,All_own,Loss_to_Atmos_from_Manage,MMT C,2019,-13.73935472
Baseline,All_region,All_land,All_own,Loss_to_Atmos_from_Manage,MMT C,2020,-13.69956912
Baseline,All_region,All_land,All_own,Loss_to_Atmos_from_Manage,MMT C,2021,-13.65469602
Baseline,All_region,All_land,All_own,Loss_to_Atmos_from_Fire,MMT C,2010,-10.0918339
Baseline,All_region,All_land,All_own,Loss_to_Atmos_from_Fire,MMT C,2011,-7.89462065
Baseline,All_region,All_land,All_own,Loss_to_Atmos_from_Fire,MMT C,2012,-8.69366559
Baseline,All_region,All_land,All_own,Loss_to_Atmos_from_Fire,MMT C,2013,-9.97412313
Baseline,All_region,All_land,All_own,Loss_to_Atmos_from_Fire,MMT C,2014,-5.028711
Baseline,All_region,All_land,All_own,Loss_to_Atmos_from_Fire,MMT C,2015,-12.20160522
Baseline,All_region,All_land,All_own,Loss_to_Atmos_from_Fire,MMT C,2016,-9.39381905
Baseline,All_region,All_land,All_own,Loss_to_Atmos_from_Fire,MMT C,2017,-14.1269931
Baseline,All_region,All_land,All_own,Loss_to_Atmos_from_Fire,MMT C,2018,-25.83171299
Baseline,All_region,All_land,All_own,Loss_to_Atmos_from_Fire,MMT C,2019,-10.00782806
Baseline,All_region,All_land,All_own,Loss_to_Atmos_from_Fire,MMT C,2020,-11.4611356
Baseline,All_region,All_land,All_own,Loss_to_Atmos_from_Fire,MMT C,2021,-11.53716963
Baseline,All_region,All_land,All_own,Loss_to_Atmos_from_LCC,MMT C,2010,-1.96542499
Baseline,All_region,All_land,All_own,Loss_to_Atmos_from_LCC,MMT C,2011,-1.96578849
Baseline,All_region,All_land,All_own,Loss_to_Atmos_from_LCC,MMT C,2012,-1.96410616
Baseline,All_region,All_land,All_own,Loss_to_Atmos_from_LCC,MMT C,2013,-1.96283544
Baseline,All_region,All_land,All_own,Loss_to_Atmos_from_LCC,MMT C,2014,-1.96337319
Baseline,All_region,All_land,All_own,Loss_to_Atmos_from_LCC,MMT C,2015,-1.96118149
Baseline,All_region,All_land,All_own,Loss_to_Atmos_from_LCC,MMT C,2016,-1.95838048
Baseline,All_region,All_land,All_own,Loss_to_Atmos_from_LCC,MMT C,2017,-1.95485501
Baseline,All_region,All_land,All_own,Loss_to_Atmos_from_LCC,MMT C,2018,-1.95038448
Baseline,All_region,All_land,All_own,Loss_to_Atmos_from_LCC,MMT C,2019,-1.94759299
Baseline,All_region,All_land,All_own,Loss_to_Atmos_from_LCC,MMT C,2020,-1.94442608
Baseline,All_region,All_land,All_own,Loss_to_Atmos_from_LCC,MMT C,2021,-1.94246195
Baseline,All_region,All_land,All_own,Loss_to_Atmos_from_Wood,MMT C,2010,-0.01186806
Baseline,All_region,All_land,All_own,Loss_to_Atmos_from_Wood,MMT C,2011,-0.03545369
Baseline,All_region,All_land,All_own,Loss_to_Atmos_from_Wood,MMT C,2012,-0.05884732
Baseline,All_region,All_land,All_own,Loss_to_Atmos_from_Wood,MMT C,2013,-0.08205708
Baseline,All_region,All_land,All_own,Loss_to_Atmos_from_Wood,MMT C,2014,-0.10509315
Baseline,All_region,All_land,All_own,Loss_to_Atmos_from_Wood,MMT C,2015,-0.12794606
Baseline,All_region,All_land,All_own,Loss_to_Atmos_from_Wood,MMT C,2016,-0.15058648
Baseline,All_region,All_land,All_own,Loss_to_Atmos_from_Wood,MMT C,2017,-0.17301893
Baseline,All_region,All_land,All_own,Loss_to_Atmos_from_Wood,MMT C,2018,-0.19524396
Baseline,All_region,All_land,All_own,Loss_to_Atmos_from_Wood,MMT C,2019,-0.21720274
Baseline,All_region,All_land,All_own,Loss_to_Atmos_from_Wood,MMT C,2020,-0.23891162
Baseline,All_region,All_land,All_own,Loss_to_Atmos_from_Wood,MMT C,2021,-0.26042003
Alternative,All_region,All_land,All_own,Net_Wood_Gain,MMT C,2010,1.46213387
Alternative,All_region,All_land,All_own,Net_Wood_Gain,MMT C,2011,1.43255217
Alternative,All_region,All_land,All_own,Net_Wood_Gain,MMT C,2012,1.40408644
Alternative,All_region,All_land,All_own,Net_Wood_Gain,MMT C,2013,1.37640595
Alternative,All_region,All_land,All_own,Net_Wood_Gain,MMT C,2014,1.34959957
Alternative,All_region,All_land,All_own,Net_Wood_Gain,MMT C,2015,1.32357729
Alternative,All_region,All_land,All_own,Net_Wood_Gain,MMT C,2016,1.29572706
Alternative,All_region,All_land,All_own,Net_Wood_Gain,MMT C,2017,1.26990259
Alternative,All_region,All_land,All_own,Net_Wood_Gain,MMT C,2018,1.24230922
Alternative,All_region,All_land,All_own,Net_Wood_Gain,MMT C,2019,1.21055679
Alternative,All_region,All_land,All_own,Net_Wood_Gain,MMT C,2020,1.1860435
Alternative,All_region,All_land,All_own,Net_Wood_Gain,MMT C,2021,1.1614804
Alternative,All_region,All_land,All_own,Ecosystem_Gain_from_Atmos,MMT C,2010,20.41884858
Alternative,All_region,All_land,All_own,Ecosystem_Gain_from_Atmos,MMT C,2011,13.54198912
Alternative,All_region,All_land,All_own,Ecosystem_Gain_from_Atmos,MMT C,2012,10.5083313
Alternative,All_region,All_land,All_own,Ecosystem_Gain_from_Atmos,MMT C,2013,10.42091489
Alternative,All_region,All_land,All_own,Ecosystem_Gain_from_Atmos,MMT C,2014,16.3885013
Alternative,All_region,All_land,All_own,Ecosystem_Gain_from_Atmos,MMT C,2015,7.71257019
Alternative,All_region,All_land,All_own,Ecosystem_Gain_from_Atmos,MMT C,2016,-1.08574541
Alternative,All_region,All_land,All_own,Ecosystem_Gain_from_Atmos,MMT C,2017,2.02117044
Alternative,All_region,All_land,All_own,Ecosystem_Gain_from_Atmos,MMT C,2018,8.64926363
Alternative,All_region,All_land,All_own,Ecosystem_Gain_from_Atmos,MMT C,2019,5.17330756
Alternative,All_region,All_land,All_own,Ecosystem_Gain_from_Atmos,MMT C,2020,7.24327373
Alternative,All_region,All_land,All_own,Ecosystem_Gain_from_Atmos,MMT C,2021,16.10892827
Alternative,All_region,All_land,All_own,Loss_to_Atmos_from_Manage,MMT C,2010,-17.43649812
Alternative,All_region,All_land,All_own,Loss_to_Atmos_from_Manage,MMT C,2011,-17.26079324
Alternative,All_region,All_land,All_own,Loss_to_Atmos_from_Manage,MMT C,2012,-17.10213489
Alternative,All_region,All_land,All_own,Loss_to_Atmos_from_Manage,MMT C,2013,-16.95077586
Alternative,All_region,All_land,All_own,Loss_to_Atmos_from_Manage,MMT C,2014,-16.80264267
Alternative,All_region,All_land,All_own,Loss_to_Atmos_from_Manage,MMT C,2015,-16.71232036
Alternative,All_region,All_land,All_own,Loss_to_Atmos_from_Manage,MMT C,2016,-16.59220242
Alternative,All_region,All_land,All_own,Loss_to_Atmos_from_Manage,MMT C,2017,-16.49412305
Alternative,All_region,All_land,All_own,Loss_to_Atmos_from_Manage,MMT C,2018,-16.37767469
Alternative,All_region,All_land,All_own,Loss_to_Atmos_from_Manage,MMT C,2019,-16.20287347
Alternative,All_region,All_land,All_own,Loss_to_Atmos_from_Manage,MMT C,2020,-16.11615461
Alternative,All_region,All_land,All_own,Loss_to_Atmos_from_Manage,MMT C,2021,-16.03025539
Alternative,All_region,All_land,All_own,Loss_to_Atmos_from_Fire,MMT C,2010,-10.0765523
Alternative,All_region,All_land,All_own,Loss_to_Atmos_from_Fire,MMT C,2011,-7.87087741
Alternative,All_region,All_land,All_own,Loss_to_Atmos_from_Fire,MMT C,2012,-8.65211411
Alternative,All_region,All_land,All_own,Loss_to_Atmos_from_Fire,MMT C,2013,-9.91795564
Alternative,All_region,All_land,All_own,Loss_to_Atmos_from_Fire,MMT C,2014,-5.00111161
Alternative,All_region,All_land,All_own,Loss_to_Atmos_from_Fire,MMT C,2015,-12.11217516
Alternative,All_region,All_land,All_own,Loss_to_Atmos_from_Fire,MMT C,2016,-9.29789755
Alternative,All_region,All_land,All_own,Loss_to_Atmos_from_Fire,MMT C,2017,-13.97644258
Alternative,All_region,All_land,All_own,Loss_to_Atmos_from_Fire,MMT C,2018,-25.54631599
Alternative,All_region,All_land,All_own,Loss_to_Atmos_from_Fire,MMT C,2019,-9.89333586
Alternative,All_region,All_land,All_own,Loss_to_Atmos_from_Fire,MMT C,2020,-11.36483054
Alternative,All_region,All_land,All_own,Loss_to_Atmos_from_Fire,MMT C,2021,-11.43526653
Alternative,All_region,All_land,All_own,Loss_to_Atmos_from_LCC,MMT C,2010,-2.28276166
Alternative,All_region,All_land,All_own,Loss_to_Atmos_from_LCC,MMT C,2011,-2.16911553
Alternative,All_region,All_land,All_own,Loss_to_Atmos_from_LCC,MMT C,2012,-2.05381311
Alternative,All_region,All_land,All_own,Loss_to_Atmos_from_LCC,MMT C,2013,-1.93941835
Alternative,All_region,All_land,All_own,Loss_to_Atmos_from_LCC,MMT C,2014,-1.82736032
Alternative,All_region,All_land,All_own,Loss_to_Atmos_from_LCC,MMT C,2015,-1.71286524
Alternative,All_region,All_land,All_own,Loss_to_Atmos_from_LCC,MMT C,2016,-1.59873027
Alternative,All_region,All_land,All_own,Loss_to_Atmos_from_LCC,MMT C,2017,-1.48455431
Alternative,All_region,All_land,All_own,Loss_to_Atmos_from_LCC,MMT C,2018,-1.36908412
Alternative,All_region,All_land,All_own,Loss_to_Atmos_from_LCC,MMT C,2019,-1.25688725
Alternative,All_region,All_land,All_own,Loss_to_Atmos_from_LCC,MMT C,2020,-1.1453692
Alternative,All_region,All_land,All_own,Loss_to_Atmos_from_LCC,MMT C,2021,-1.03602501
Alternative,All_region,All_land,All_own,Loss_to_Atmos_from_Wood,MMT C,2010,-0.00976659
Alternative,All_region,All_land,All_own,Loss_to_Atmos_from_Wood,MMT C,2011,-0.02905888
Alternative,All_region,All_land,All_own,Loss_to_Atmos_from_Wood,MMT C,2012,-0.0479643
Alternative,All_region,All_land,All_own,Loss_to_Atmos_from_Wood,MMT C,2013,-0.06649553
Alternative,All_region,All_land,All_own,Loss_to_Atmos_from_Wood,MMT C,2014,-0.08466363
Alternative,All_region,All_land,All_own,Loss_to_Atmos_from_Wood,MMT C,2015,-0.10247964
Alternative,All_region,All_land,All_own,Loss_to_Atmos_from_Wood,MMT C,2016,-0.11993656
Alternative,All_region,All_land,All_own,Loss_to_Atmos_from_Wood,MMT C,2017,-0.13703579
Alternative,All_region,All_land,All_own,Loss_to_Atmos_from_Wood,MMT C,2018,-0.15377896
Alternative,All_region,All_land,All_own,Loss_to_Atmos_from_Wood,MMT C,2019,-0.17012654
Alternative,All_region,All_land,All_own,Loss_to_Atmos_from_Wood,MMT C,2020,-0.18609922
Alternative,All_region,All_land,All_own,Loss_to_Atmos_from_Wood,MMT C,2021,-0.20174482
