Scenario,Region,Land_Type,Ownership,Units,Year,Value
Baseline_10_29_19_RCP85_output_D+sd_A-sd_S=mean_BC1_NR120,All_region,All_land,All_own,MMT C,2010,429.0755812
Baseline_10_29_19_RCP85_output_D+sd_A-sd_S=mean_BC1_NR120,All_region,All_land,All_own,MMT C,2011,436.94540227
Baseline_10_29_19_RCP85_output_D+sd_A-sd_S=mean_BC1_NR120,All_region,All_land,All_own,MMT C,2012,444.84102278
Baseline_10_29_19_RCP85_output_D+sd_A-sd_S=mean_BC1_NR120,All_region,All_land,All_own,MMT C,2013,452.36607426
Baseline_10_29_19_RCP85_output_D+sd_A-sd_S=mean_BC1_NR120,All_region,All_land,All_own,MMT C,2014,460.47667164
Baseline_10_29_19_RCP85_output_D+sd_A-sd_S=mean_BC1_NR120,All_region,All_land,All_own,MMT C,2015,468.82523969
Baseline_10_29_19_RCP85_output_D+sd_A-sd_S=mean_BC1_NR120,All_region,All_land,All_own,MMT C,2016,475.16432428
Baseline_10_29_19_RCP85_output_D+sd_A-sd_S=mean_BC1_NR120,All_region,All_land,All_own,MMT C,2017,481.53160442
Baseline_10_29_19_RCP85_output_D+sd_A-sd_S=mean_BC1_NR120,All_region,All_land,All_own,MMT C,2018,488.36573656
Baseline_10_29_19_RCP85_output_D+sd_A-sd_S=mean_BC1_NR120,All_region,All_land,All_own,MMT C,2019,495.1982264
Baseline_10_29_19_RCP85_output_D+sd_A-sd_S=mean_BC1_NR120,All_region,All_land,All_own,MMT C,2020,501.85140555
Baseline_10_29_19_RCP85_output_D+sd_A-sd_S=mean_BC1_NR120,All_region,All_land,All_own,MMT C,2021,508.31626452
Baseline_10_29_19_RCP85_output_D+sd_A-sd_S=mean_BC1_NR120,All_region,All_land,All_own,MMT C,2022,514.97218812
Alternative_B_10_29_19_RCP85_output_D+sd_A-sd_S=mean_BC1_NR120,All_region,All_land,All_own,MMT C,2010,429.0755812
Alternative_B_10_29_19_RCP85_output_D+sd_A-sd_S=mean_BC1_NR120,All_region,All_land,All_own,MMT C,2011,437.03033432
Alternative_B_10_29_19_RCP85_output_D+sd_A-sd_S=mean_BC1_NR120,All_region,All_land,All_own,MMT C,2012,445.09754855
Alternative_B_10_29_19_RCP85_output_D+sd_A-sd_S=mean_BC1_NR120,All_region,All_land,All_own,MMT C,2013,452.87587548
Alternative_B_10_29_19_RCP85_output_D+sd_A-sd_S=mean_BC1_NR120,All_region,All_land,All_own,MMT C,2014,461.34209357
Alternative_B_10_29_19_RCP85_output_D+sd_A-sd_S=mean_BC1_NR120,All_region,All_land,All_own,MMT C,2015,470.13678436
Alternative_B_10_29_19_RCP85_output_D+sd_A-sd_S=mean_BC1_NR120,All_region,All_land,All_own,MMT C,2016,476.9973218
Alternative_B_10_29_19_RCP85_output_D+sd_A-sd_S=mean_BC1_NR120,All_region,All_land,All_own,MMT C,2017,483.97303088
Alternative_B_10_29_19_RCP85_output_D+sd_A-sd_S=mean_BC1_NR120,All_region,All_land,All_own,MMT C,2018,491.5341486
Alternative_B_10_29_19_RCP85_output_D+sd_A-sd_S=mean_BC1_NR120,All_region,All_land,All_own,MMT C,2019,499.17286629
Alternative_B_10_29_19_RCP85_output_D+sd_A-sd_S=mean_BC1_NR120,All_region,All_land,All_own,MMT C,2020,506.70563082
Alternative_B_10_29_19_RCP85_output_D+sd_A-sd_S=mean_BC1_NR120,All_region,All_land,All_own,MMT C,2021,514.1403326
Alternative_B_10_29_19_RCP85_output_D+sd_A-sd_S=mean_BC1_NR120,All_region,All_land,All_own,MMT C,2022,521.88475644
