Scenario,Region,Land_Type,Ownership,Units,Year,Value
Baseline_10_29_19_RCP85_output_D+sd_A-sd_S=mean_BC1_NR120,All_region,All_land,All_own,MgC/ac,2010,11.0064574863589
Baseline_10_29_19_RCP85_output_D+sd_A-sd_S=mean_BC1_NR120,All_region,All_land,All_own,MgC/ac,2011,10.9635262008865
Baseline_10_29_19_RCP85_output_D+sd_A-sd_S=mean_BC1_NR120,All_region,All_land,All_own,MgC/ac,2012,10.9311733649933
Baseline_10_29_19_RCP85_output_D+sd_A-sd_S=mean_BC1_NR120,All_region,All_land,All_own,MgC/ac,2013,10.8973175881297
Baseline_10_29_19_RCP85_output_D+sd_A-sd_S=mean_BC1_NR120,All_region,All_land,All_own,MgC/ac,2014,10.8605602216905
Baseline_10_29_19_RCP85_output_D+sd_A-sd_S=mean_BC1_NR120,All_region,All_land,All_own,MgC/ac,2015,10.8443726517306
Baseline_10_29_19_RCP85_output_D+sd_A-sd_S=mean_BC1_NR120,All_region,All_land,All_own,MgC/ac,2016,10.8215398264424
Baseline_10_29_19_RCP85_output_D+sd_A-sd_S=mean_BC1_NR120,All_region,All_land,All_own,MgC/ac,2017,10.8097699723129
Baseline_10_29_19_RCP85_output_D+sd_A-sd_S=mean_BC1_NR120,All_region,All_land,All_own,MgC/ac,2018,10.7832453010917
Baseline_10_29_19_RCP85_output_D+sd_A-sd_S=mean_BC1_NR120,All_region,All_land,All_own,MgC/ac,2019,10.7186793508483
Baseline_10_29_19_RCP85_output_D+sd_A-sd_S=mean_BC1_NR120,All_region,All_land,All_own,MgC/ac,2020,10.7095225841195
Baseline_10_29_19_RCP85_output_D+sd_A-sd_S=mean_BC1_NR120,All_region,All_land,All_own,MgC/ac,2021,10.6980243989042
Baseline_10_29_19_RCP85_output_D+sd_A-sd_S=mean_BC1_NR120,All_region,All_land,All_own,MgC/ac,2022,10.6872145553866
Alternative_B_10_29_19_RCP85_output_D+sd_A-sd_S=mean_BC1_NR120,All_region,All_land,All_own,MgC/ac,2010,11.0064574863589
Alternative_B_10_29_19_RCP85_output_D+sd_A-sd_S=mean_BC1_NR120,All_region,All_land,All_own,MgC/ac,2011,10.943131671949
Alternative_B_10_29_19_RCP85_output_D+sd_A-sd_S=mean_BC1_NR120,All_region,All_land,All_own,MgC/ac,2012,10.8913426496004
Alternative_B_10_29_19_RCP85_output_D+sd_A-sd_S=mean_BC1_NR120,All_region,All_land,All_own,MgC/ac,2013,10.839011363638
Alternative_B_10_29_19_RCP85_output_D+sd_A-sd_S=mean_BC1_NR120,All_region,All_land,All_own,MgC/ac,2014,10.7847404770736
Alternative_B_10_29_19_RCP85_output_D+sd_A-sd_S=mean_BC1_NR120,All_region,All_land,All_own,MgC/ac,2015,10.7514408605284
Alternative_B_10_29_19_RCP85_output_D+sd_A-sd_S=mean_BC1_NR120,All_region,All_land,All_own,MgC/ac,2016,10.7126628799657
Alternative_B_10_29_19_RCP85_output_D+sd_A-sd_S=mean_BC1_NR120,All_region,All_land,All_own,MgC/ac,2017,10.68572308138
Alternative_B_10_29_19_RCP85_output_D+sd_A-sd_S=mean_BC1_NR120,All_region,All_land,All_own,MgC/ac,2018,10.6449830780215
Alternative_B_10_29_19_RCP85_output_D+sd_A-sd_S=mean_BC1_NR120,All_region,All_land,All_own,MgC/ac,2019,10.5673716526186
Alternative_B_10_29_19_RCP85_output_D+sd_A-sd_S=mean_BC1_NR120,All_region,All_land,All_own,MgC/ac,2020,10.5451961687669
Alternative_B_10_29_19_RCP85_output_D+sd_A-sd_S=mean_BC1_NR120,All_region,All_land,All_own,MgC/ac,2021,10.5210532429095
Alternative_B_10_29_19_RCP85_output_D+sd_A-sd_S=mean_BC1_NR120,All_region,All_land,All_own,MgC/ac,2022,10.498757163862
