Scenario,Region,Land_Type,Ownership,Units,Year,Value,Diff,Component
Baseline_10_29_19_RCP85_output_D+sd_A-sd_S=mean_BC1_NR120,All_region,Barren,All_own,MMT CO2-eq,2010,0,0,Eco_AnnCH4eq
Baseline_10_29_19_RCP85_output_D+sd_A-sd_S=mean_BC1_NR120,All_region,Barren,All_own,MMT CO2-eq,2011,0,0,Eco_AnnCH4eq
Baseline_10_29_19_RCP85_output_D+sd_A-sd_S=mean_BC1_NR120,All_region,Barren,All_own,MMT CO2-eq,2012,0,0,Eco_AnnCH4eq
Baseline_10_29_19_RCP85_output_D+sd_A-sd_S=mean_BC1_NR120,All_region,Barren,All_own,MMT CO2-eq,2013,0,0,Eco_AnnCH4eq
Baseline_10_29_19_RCP85_output_D+sd_A-sd_S=mean_BC1_NR120,All_region,Barren,All_own,MMT CO2-eq,2014,0,0,Eco_AnnCH4eq
Baseline_10_29_19_RCP85_output_D+sd_A-sd_S=mean_BC1_NR120,All_region,Barren,All_own,MMT CO2-eq,2015,0,0,Eco_AnnCH4eq
Baseline_10_29_19_RCP85_output_D+sd_A-sd_S=mean_BC1_NR120,All_region,Barren,All_own,MMT CO2-eq,2016,0,0,Eco_AnnCH4eq
Baseline_10_29_19_RCP85_output_D+sd_A-sd_S=mean_BC1_NR120,All_region,Barren,All_own,MMT CO2-eq,2017,0,0,Eco_AnnCH4eq
Baseline_10_29_19_RCP85_output_D+sd_A-sd_S=mean_BC1_NR120,All_region,Barren,All_own,MMT CO2-eq,2018,0,0,Eco_AnnCH4eq
Baseline_10_29_19_RCP85_output_D+sd_A-sd_S=mean_BC1_NR120,All_region,Barren,All_own,MMT CO2-eq,2019,0,0,Eco_AnnCH4eq
Baseline_10_29_19_RCP85_output_D+sd_A-sd_S=mean_BC1_NR120,All_region,Barren,All_own,MMT CO2-eq,2020,0,0,Eco_AnnCH4eq
Baseline_10_29_19_RCP85_output_D+sd_A-sd_S=mean_BC1_NR120,All_region,Barren,All_own,MMT CO2-eq,2021,0,0,Eco_AnnCH4eq
Baseline_10_29_19_RCP85_output_D+sd_A-sd_S=mean_BC1_NR120,All_region,Barren,All_own,MMT CO2-eq,2010,0,0,Eco_AnnCO2
Baseline_10_29_19_RCP85_output_D+sd_A-sd_S=mean_BC1_NR120,All_region,Barren,All_own,MMT CO2-eq,2011,0,0,Eco_AnnCO2
Baseline_10_29_19_RCP85_output_D+sd_A-sd_S=mean_BC1_NR120,All_region,Barren,All_own,MMT CO2-eq,2012,0,0,Eco_AnnCO2
Baseline_10_29_19_RCP85_output_D+sd_A-sd_S=mean_BC1_NR120,All_region,Barren,All_own,MMT CO2-eq,2013,0,0,Eco_AnnCO2
Baseline_10_29_19_RCP85_output_D+sd_A-sd_S=mean_BC1_NR120,All_region,Barren,All_own,MMT CO2-eq,2014,0,0,Eco_AnnCO2
Baseline_10_29_19_RCP85_output_D+sd_A-sd_S=mean_BC1_NR120,All_region,Barren,All_own,MMT CO2-eq,2015,0,0,Eco_AnnCO2
Baseline_10_29_19_RCP85_output_D+sd_A-sd_S=mean_BC1_NR120,All_region,Barren,All_own,MMT CO2-eq,2016,0,0,Eco_AnnCO2
Baseline_10_29_19_RCP85_output_D+sd_A-sd_S=mean_BC1_NR120,All_region,Barren,All_own,MMT CO2-eq,2017,0,0,Eco_AnnCO2
Baseline_10_29_19_RCP85_output_D+sd_A-sd_S=mean_BC1_NR120,All_region,Barren,All_own,MMT CO2-eq,2018,0,0,Eco_AnnCO2
Baseline_10_29_19_RCP85_output_D+sd_A-sd_S=mean_BC1_NR120,All_region,Barren,All_own,MMT CO2-eq,2019,0,0,Eco_AnnCO2
Baseline_10_29_19_RCP85_output_D+sd_A-sd_S=mean_BC1_NR120,All_region,Barren,All_own,MMT CO2-eq,2020,0,0,Eco_AnnCO2
Baseline_10_29_19_RCP85_output_D+sd_A-sd_S=mean_BC1_NR120,All_region,Barren,All_own,MMT CO2-eq,2021,0,0,Eco_AnnCO2
Baseline_10_29_19_RCP85_output_D+sd_A-sd_S=mean_BC1_NR120,All_region,Barren,All_own,MMT CO2-eq,2010,0,0,LCCFire_AnnCH4eq
Baseline_10_29_19_RCP85_output_D+sd_A-sd_S=mean_BC1_NR120,All_region,Barren,All_own,MMT CO2-eq,2011,0,0,LCCFire_AnnCH4eq
Baseline_10_29_19_RCP85_output_D+sd_A-sd_S=mean_BC1_NR120,All_region,Barren,All_own,MMT CO2-eq,2012,0,0,LCCFire_AnnCH4eq
Baseline_10_29_19_RCP85_output_D+sd_A-sd_S=mean_BC1_NR120,All_region,Barren,All_own,MMT CO2-eq,2013,0,0,LCCFire_AnnCH4eq
Baseline_10_29_19_RCP85_output_D+sd_A-sd_S=mean_BC1_NR120,All_region,Barren,All_own,MMT CO2-eq,2014,0,0,LCCFire_AnnCH4eq
Baseline_10_29_19_RCP85_output_D+sd_A-sd_S=mean_BC1_NR120,All_region,Barren,All_own,MMT CO2-eq,2015,0,0,LCCFire_AnnCH4eq
Baseline_10_29_19_RCP85_output_D+sd_A-sd_S=mean_BC1_NR120,All_region,Barren,All_own,MMT CO2-eq,2016,0,0,LCCFire_AnnCH4eq
Baseline_10_29_19_RCP85_output_D+sd_A-sd_S=mean_BC1_NR120,All_region,Barren,All_own,MMT CO2-eq,2017,0,0,LCCFire_AnnCH4eq
Baseline_10_29_19_RCP85_output_D+sd_A-sd_S=mean_BC1_NR120,All_region,Barren,All_own,MMT CO2-eq,2018,0,0,LCCFire_AnnCH4eq
Baseline_10_29_19_RCP85_output_D+sd_A-sd_S=mean_BC1_NR120,All_region,Barren,All_own,MMT CO2-eq,2019,0,0,LCCFire_AnnCH4eq
Baseline_10_29_19_RCP85_output_D+sd_A-sd_S=mean_BC1_NR120,All_region,Barren,All_own,MMT CO2-eq,2020,0,0,LCCFire_AnnCH4eq
Baseline_10_29_19_RCP85_output_D+sd_A-sd_S=mean_BC1_NR120,All_region,Barren,All_own,MMT CO2-eq,2021,0,0,LCCFire_AnnCH4eq
Baseline_10_29_19_RCP85_output_D+sd_A-sd_S=mean_BC1_NR120,All_region,Barren,All_own,MMT CO2-eq,2010,0,0,LCCFire_AnnCO2
Baseline_10_29_19_RCP85_output_D+sd_A-sd_S=mean_BC1_NR120,All_region,Barren,All_own,MMT CO2-eq,2011,0,0,LCCFire_AnnCO2
Baseline_10_29_19_RCP85_output_D+sd_A-sd_S=mean_BC1_NR120,All_region,Barren,All_own,MMT CO2-eq,2012,0,0,LCCFire_AnnCO2
Baseline_10_29_19_RCP85_output_D+sd_A-sd_S=mean_BC1_NR120,All_region,Barren,All_own,MMT CO2-eq,2013,0,0,LCCFire_AnnCO2
Baseline_10_29_19_RCP85_output_D+sd_A-sd_S=mean_BC1_NR120,All_region,Barren,All_own,MMT CO2-eq,2014,0,0,LCCFire_AnnCO2
Baseline_10_29_19_RCP85_output_D+sd_A-sd_S=mean_BC1_NR120,All_region,Barren,All_own,MMT CO2-eq,2015,0,0,LCCFire_AnnCO2
Baseline_10_29_19_RCP85_output_D+sd_A-sd_S=mean_BC1_NR120,All_region,Barren,All_own,MMT CO2-eq,2016,0,0,LCCFire_AnnCO2
Baseline_10_29_19_RCP85_output_D+sd_A-sd_S=mean_BC1_NR120,All_region,Barren,All_own,MMT CO2-eq,2017,0,0,LCCFire_AnnCO2
Baseline_10_29_19_RCP85_output_D+sd_A-sd_S=mean_BC1_NR120,All_region,Barren,All_own,MMT CO2-eq,2018,0,0,LCCFire_AnnCO2
Baseline_10_29_19_RCP85_output_D+sd_A-sd_S=mean_BC1_NR120,All_region,Barren,All_own,MMT CO2-eq,2019,0,0,LCCFire_AnnCO2
Baseline_10_29_19_RCP85_output_D+sd_A-sd_S=mean_BC1_NR120,All_region,Barren,All_own,MMT CO2-eq,2020,0,0,LCCFire_AnnCO2
Baseline_10_29_19_RCP85_output_D+sd_A-sd_S=mean_BC1_NR120,All_region,Barren,All_own,MMT CO2-eq,2021,0,0,LCCFire_AnnCO2
Baseline_10_29_19_RCP85_output_D+sd_A-sd_S=mean_BC1_NR120,All_region,Barren,All_own,MMT CO2-eq,2010,0.04702202,0,LCCNonBurn_AnnCO2
Baseline_10_29_19_RCP85_output_D+sd_A-sd_S=mean_BC1_NR120,All_region,Barren,All_own,MMT CO2-eq,2011,0.04702202,0,LCCNonBurn_AnnCO2
Baseline_10_29_19_RCP85_output_D+sd_A-sd_S=mean_BC1_NR120,All_region,Barren,All_own,MMT CO2-eq,2012,0.04702202,0,LCCNonBurn_AnnCO2
Baseline_10_29_19_RCP85_output_D+sd_A-sd_S=mean_BC1_NR120,All_region,Barren,All_own,MMT CO2-eq,2013,0.04702202,0,LCCNonBurn_AnnCO2
Baseline_10_29_19_RCP85_output_D+sd_A-sd_S=mean_BC1_NR120,All_region,Barren,All_own,MMT CO2-eq,2014,0.04702202,0,LCCNonBurn_AnnCO2
Baseline_10_29_19_RCP85_output_D+sd_A-sd_S=mean_BC1_NR120,All_region,Barren,All_own,MMT CO2-eq,2015,0.04702202,0,LCCNonBurn_AnnCO2
Baseline_10_29_19_RCP85_output_D+sd_A-sd_S=mean_BC1_NR120,All_region,Barren,All_own,MMT CO2-eq,2016,0.04702202,0,LCCNonBurn_AnnCO2
Baseline_10_29_19_RCP85_output_D+sd_A-sd_S=mean_BC1_NR120,All_region,Barren,All_own,MMT CO2-eq,2017,0.04702202,0,LCCNonBurn_AnnCO2
Baseline_10_29_19_RCP85_output_D+sd_A-sd_S=mean_BC1_NR120,All_region,Barren,All_own,MMT CO2-eq,2018,0.04702202,0,LCCNonBurn_AnnCO2
Baseline_10_29_19_RCP85_output_D+sd_A-sd_S=mean_BC1_NR120,All_region,Barren,All_own,MMT CO2-eq,2019,0.04702202,0,LCCNonBurn_AnnCO2
Baseline_10_29_19_RCP85_output_D+sd_A-sd_S=mean_BC1_NR120,All_region,Barren,All_own,MMT CO2-eq,2020,0.04702202,0,LCCNonBurn_AnnCO2
Baseline_10_29_19_RCP85_output_D+sd_A-sd_S=mean_BC1_NR120,All_region,Barren,All_own,MMT CO2-eq,2021,0.04702202,0,LCCNonBurn_AnnCO2
Baseline_10_29_19_RCP85_output_D+sd_A-sd_S=mean_BC1_NR120,All_region,Barren,All_own,MMT CO2-eq,2010,0,0,LCCTotEnergy_AnnCH4eq
Baseline_10_29_19_RCP85_output_D+sd_A-sd_S=mean_BC1_NR120,All_region,Barren,All_own,MMT CO2-eq,2011,0,0,LCCTotEnergy_AnnCH4eq
Baseline_10_29_19_RCP85_output_D+sd_A-sd_S=mean_BC1_NR120,All_region,Barren,All_own,MMT CO2-eq,2012,0,0,LCCTotEnergy_AnnCH4eq
Baseline_10_29_19_RCP85_output_D+sd_A-sd_S=mean_BC1_NR120,All_region,Barren,All_own,MMT CO2-eq,2013,0,0,LCCTotEnergy_AnnCH4eq
Baseline_10_29_19_RCP85_output_D+sd_A-sd_S=mean_BC1_NR120,All_region,Barren,All_own,MMT CO2-eq,2014,0,0,LCCTotEnergy_AnnCH4eq
Baseline_10_29_19_RCP85_output_D+sd_A-sd_S=mean_BC1_NR120,All_region,Barren,All_own,MMT CO2-eq,2015,0,0,LCCTotEnergy_AnnCH4eq
Baseline_10_29_19_RCP85_output_D+sd_A-sd_S=mean_BC1_NR120,All_region,Barren,All_own,MMT CO2-eq,2016,0,0,LCCTotEnergy_AnnCH4eq
Baseline_10_29_19_RCP85_output_D+sd_A-sd_S=mean_BC1_NR120,All_region,Barren,All_own,MMT CO2-eq,2017,0,0,LCCTotEnergy_AnnCH4eq
Baseline_10_29_19_RCP85_output_D+sd_A-sd_S=mean_BC1_NR120,All_region,Barren,All_own,MMT CO2-eq,2018,0,0,LCCTotEnergy_AnnCH4eq
Baseline_10_29_19_RCP85_output_D+sd_A-sd_S=mean_BC1_NR120,All_region,Barren,All_own,MMT CO2-eq,2019,0,0,LCCTotEnergy_AnnCH4eq
Baseline_10_29_19_RCP85_output_D+sd_A-sd_S=mean_BC1_NR120,All_region,Barren,All_own,MMT CO2-eq,2020,0,0,LCCTotEnergy_AnnCH4eq
Baseline_10_29_19_RCP85_output_D+sd_A-sd_S=mean_BC1_NR120,All_region,Barren,All_own,MMT CO2-eq,2021,0,0,LCCTotEnergy_AnnCH4eq
Baseline_10_29_19_RCP85_output_D+sd_A-sd_S=mean_BC1_NR120,All_region,Barren,All_own,MMT CO2-eq,2010,0,0,LCCTotEnergy_AnnCO2
Baseline_10_29_19_RCP85_output_D+sd_A-sd_S=mean_BC1_NR120,All_region,Barren,All_own,MMT CO2-eq,2011,0,0,LCCTotEnergy_AnnCO2
Baseline_10_29_19_RCP85_output_D+sd_A-sd_S=mean_BC1_NR120,All_region,Barren,All_own,MMT CO2-eq,2012,0,0,LCCTotEnergy_AnnCO2
Baseline_10_29_19_RCP85_output_D+sd_A-sd_S=mean_BC1_NR120,All_region,Barren,All_own,MMT CO2-eq,2013,0,0,LCCTotEnergy_AnnCO2
Baseline_10_29_19_RCP85_output_D+sd_A-sd_S=mean_BC1_NR120,All_region,Barren,All_own,MMT CO2-eq,2014,0,0,LCCTotEnergy_AnnCO2
Baseline_10_29_19_RCP85_output_D+sd_A-sd_S=mean_BC1_NR120,All_region,Barren,All_own,MMT CO2-eq,2015,0,0,LCCTotEnergy_AnnCO2
Baseline_10_29_19_RCP85_output_D+sd_A-sd_S=mean_BC1_NR120,All_region,Barren,All_own,MMT CO2-eq,2016,0,0,LCCTotEnergy_AnnCO2
Baseline_10_29_19_RCP85_output_D+sd_A-sd_S=mean_BC1_NR120,All_region,Barren,All_own,MMT CO2-eq,2017,0,0,LCCTotEnergy_AnnCO2
Baseline_10_29_19_RCP85_output_D+sd_A-sd_S=mean_BC1_NR120,All_region,Barren,All_own,MMT CO2-eq,2018,0,0,LCCTotEnergy_AnnCO2
Baseline_10_29_19_RCP85_output_D+sd_A-sd_S=mean_BC1_NR120,All_region,Barren,All_own,MMT CO2-eq,2019,0,0,LCCTotEnergy_AnnCO2
Baseline_10_29_19_RCP85_output_D+sd_A-sd_S=mean_BC1_NR120,All_region,Barren,All_own,MMT CO2-eq,2020,0,0,LCCTotEnergy_AnnCO2
Baseline_10_29_19_RCP85_output_D+sd_A-sd_S=mean_BC1_NR120,All_region,Barren,All_own,MMT CO2-eq,2021,0,0,LCCTotEnergy_AnnCO2
Baseline_10_29_19_RCP85_output_D+sd_A-sd_S=mean_BC1_NR120,All_region,Barren,All_own,MMT CO2-eq,2010,0,0,ManFire_AnnCH4eq
Baseline_10_29_19_RCP85_output_D+sd_A-sd_S=mean_BC1_NR120,All_region,Barren,All_own,MMT CO2-eq,2011,0,0,ManFire_AnnCH4eq
Baseline_10_29_19_RCP85_output_D+sd_A-sd_S=mean_BC1_NR120,All_region,Barren,All_own,MMT CO2-eq,2012,0,0,ManFire_AnnCH4eq
Baseline_10_29_19_RCP85_output_D+sd_A-sd_S=mean_BC1_NR120,All_region,Barren,All_own,MMT CO2-eq,2013,0,0,ManFire_AnnCH4eq
Baseline_10_29_19_RCP85_output_D+sd_A-sd_S=mean_BC1_NR120,All_region,Barren,All_own,MMT CO2-eq,2014,0,0,ManFire_AnnCH4eq
Baseline_10_29_19_RCP85_output_D+sd_A-sd_S=mean_BC1_NR120,All_region,Barren,All_own,MMT CO2-eq,2015,0,0,ManFire_AnnCH4eq
Baseline_10_29_19_RCP85_output_D+sd_A-sd_S=mean_BC1_NR120,All_region,Barren,All_own,MMT CO2-eq,2016,0,0,ManFire_AnnCH4eq
Baseline_10_29_19_RCP85_output_D+sd_A-sd_S=mean_BC1_NR120,All_region,Barren,All_own,MMT CO2-eq,2017,0,0,ManFire_AnnCH4eq
Baseline_10_29_19_RCP85_output_D+sd_A-sd_S=mean_BC1_NR120,All_region,Barren,All_own,MMT CO2-eq,2018,0,0,ManFire_AnnCH4eq
Baseline_10_29_19_RCP85_output_D+sd_A-sd_S=mean_BC1_NR120,All_region,Barren,All_own,MMT CO2-eq,2019,0,0,ManFire_AnnCH4eq
Baseline_10_29_19_RCP85_output_D+sd_A-sd_S=mean_BC1_NR120,All_region,Barren,All_own,MMT CO2-eq,2020,0,0,ManFire_AnnCH4eq
Baseline_10_29_19_RCP85_output_D+sd_A-sd_S=mean_BC1_NR120,All_region,Barren,All_own,MMT CO2-eq,2021,0,0,ManFire_AnnCH4eq
Baseline_10_29_19_RCP85_output_D+sd_A-sd_S=mean_BC1_NR120,All_region,Barren,All_own,MMT CO2-eq,2010,0,0,ManFire_AnnCO2
Baseline_10_29_19_RCP85_output_D+sd_A-sd_S=mean_BC1_NR120,All_region,Barren,All_own,MMT CO2-eq,2011,0,0,ManFire_AnnCO2
Baseline_10_29_19_RCP85_output_D+sd_A-sd_S=mean_BC1_NR120,All_region,Barren,All_own,MMT CO2-eq,2012,0,0,ManFire_AnnCO2
Baseline_10_29_19_RCP85_output_D+sd_A-sd_S=mean_BC1_NR120,All_region,Barren,All_own,MMT CO2-eq,2013,0,0,ManFire_AnnCO2
Baseline_10_29_19_RCP85_output_D+sd_A-sd_S=mean_BC1_NR120,All_region,Barren,All_own,MMT CO2-eq,2014,0,0,ManFire_AnnCO2
Baseline_10_29_19_RCP85_output_D+sd_A-sd_S=mean_BC1_NR120,All_region,Barren,All_own,MMT CO2-eq,2015,0,0,ManFire_AnnCO2
Baseline_10_29_19_RCP85_output_D+sd_A-sd_S=mean_BC1_NR120,All_region,Barren,All_own,MMT CO2-eq,2016,0,0,ManFire_AnnCO2
Baseline_10_29_19_RCP85_output_D+sd_A-sd_S=mean_BC1_NR120,All_region,Barren,All_own,MMT CO2-eq,2017,0,0,ManFire_AnnCO2
Baseline_10_29_19_RCP85_output_D+sd_A-sd_S=mean_BC1_NR120,All_region,Barren,All_own,MMT CO2-eq,2018,0,0,ManFire_AnnCO2
Baseline_10_29_19_RCP85_output_D+sd_A-sd_S=mean_BC1_NR120,All_region,Barren,All_own,MMT CO2-eq,2019,0,0,ManFire_AnnCO2
Baseline_10_29_19_RCP85_output_D+sd_A-sd_S=mean_BC1_NR120,All_region,Barren,All_own,MMT CO2-eq,2020,0,0,ManFire_AnnCO2
Baseline_10_29_19_RCP85_output_D+sd_A-sd_S=mean_BC1_NR120,All_region,Barren,All_own,MMT CO2-eq,2021,0,0,ManFire_AnnCO2
Baseline_10_29_19_RCP85_output_D+sd_A-sd_S=mean_BC1_NR120,All_region,Barren,All_own,MMT CO2-eq,2010,0,0,ManNonBurn_AnnCO2
Baseline_10_29_19_RCP85_output_D+sd_A-sd_S=mean_BC1_NR120,All_region,Barren,All_own,MMT CO2-eq,2011,0,0,ManNonBurn_AnnCO2
Baseline_10_29_19_RCP85_output_D+sd_A-sd_S=mean_BC1_NR120,All_region,Barren,All_own,MMT CO2-eq,2012,0,0,ManNonBurn_AnnCO2
Baseline_10_29_19_RCP85_output_D+sd_A-sd_S=mean_BC1_NR120,All_region,Barren,All_own,MMT CO2-eq,2013,0,0,ManNonBurn_AnnCO2
Baseline_10_29_19_RCP85_output_D+sd_A-sd_S=mean_BC1_NR120,All_region,Barren,All_own,MMT CO2-eq,2014,0,0,ManNonBurn_AnnCO2
Baseline_10_29_19_RCP85_output_D+sd_A-sd_S=mean_BC1_NR120,All_region,Barren,All_own,MMT CO2-eq,2015,0,0,ManNonBurn_AnnCO2
Baseline_10_29_19_RCP85_output_D+sd_A-sd_S=mean_BC1_NR120,All_region,Barren,All_own,MMT CO2-eq,2016,0,0,ManNonBurn_AnnCO2
Baseline_10_29_19_RCP85_output_D+sd_A-sd_S=mean_BC1_NR120,All_region,Barren,All_own,MMT CO2-eq,2017,0,0,ManNonBurn_AnnCO2
Baseline_10_29_19_RCP85_output_D+sd_A-sd_S=mean_BC1_NR120,All_region,Barren,All_own,MMT CO2-eq,2018,0,0,ManNonBurn_AnnCO2
Baseline_10_29_19_RCP85_output_D+sd_A-sd_S=mean_BC1_NR120,All_region,Barren,All_own,MMT CO2-eq,2019,0,0,ManNonBurn_AnnCO2
Baseline_10_29_19_RCP85_output_D+sd_A-sd_S=mean_BC1_NR120,All_region,Barren,All_own,MMT CO2-eq,2020,0,0,ManNonBurn_AnnCO2
Baseline_10_29_19_RCP85_output_D+sd_A-sd_S=mean_BC1_NR120,All_region,Barren,All_own,MMT CO2-eq,2021,0,0,ManNonBurn_AnnCO2
Baseline_10_29_19_RCP85_output_D+sd_A-sd_S=mean_BC1_NR120,All_region,Barren,All_own,MMT CO2-eq,2010,0,0,ManTotEnergy_AnnCH4eq
Baseline_10_29_19_RCP85_output_D+sd_A-sd_S=mean_BC1_NR120,All_region,Barren,All_own,MMT CO2-eq,2011,0,0,ManTotEnergy_AnnCH4eq
Baseline_10_29_19_RCP85_output_D+sd_A-sd_S=mean_BC1_NR120,All_region,Barren,All_own,MMT CO2-eq,2012,0,0,ManTotEnergy_AnnCH4eq
Baseline_10_29_19_RCP85_output_D+sd_A-sd_S=mean_BC1_NR120,All_region,Barren,All_own,MMT CO2-eq,2013,0,0,ManTotEnergy_AnnCH4eq
Baseline_10_29_19_RCP85_output_D+sd_A-sd_S=mean_BC1_NR120,All_region,Barren,All_own,MMT CO2-eq,2014,0,0,ManTotEnergy_AnnCH4eq
Baseline_10_29_19_RCP85_output_D+sd_A-sd_S=mean_BC1_NR120,All_region,Barren,All_own,MMT CO2-eq,2015,0,0,ManTotEnergy_AnnCH4eq
Baseline_10_29_19_RCP85_output_D+sd_A-sd_S=mean_BC1_NR120,All_region,Barren,All_own,MMT CO2-eq,2016,0,0,ManTotEnergy_AnnCH4eq
Baseline_10_29_19_RCP85_output_D+sd_A-sd_S=mean_BC1_NR120,All_region,Barren,All_own,MMT CO2-eq,2017,0,0,ManTotEnergy_AnnCH4eq
Baseline_10_29_19_RCP85_output_D+sd_A-sd_S=mean_BC1_NR120,All_region,Barren,All_own,MMT CO2-eq,2018,0,0,ManTotEnergy_AnnCH4eq
Baseline_10_29_19_RCP85_output_D+sd_A-sd_S=mean_BC1_NR120,All_region,Barren,All_own,MMT CO2-eq,2019,0,0,ManTotEnergy_AnnCH4eq
Baseline_10_29_19_RCP85_output_D+sd_A-sd_S=mean_BC1_NR120,All_region,Barren,All_own,MMT CO2-eq,2020,0,0,ManTotEnergy_AnnCH4eq
Baseline_10_29_19_RCP85_output_D+sd_A-sd_S=mean_BC1_NR120,All_region,Barren,All_own,MMT CO2-eq,2021,0,0,ManTotEnergy_AnnCH4eq
Baseline_10_29_19_RCP85_output_D+sd_A-sd_S=mean_BC1_NR120,All_region,Barren,All_own,MMT CO2-eq,2010,0,0,ManTotEnergy_AnnCO2
Baseline_10_29_19_RCP85_output_D+sd_A-sd_S=mean_BC1_NR120,All_region,Barren,All_own,MMT CO2-eq,2011,0,0,ManTotEnergy_AnnCO2
Baseline_10_29_19_RCP85_output_D+sd_A-sd_S=mean_BC1_NR120,All_region,Barren,All_own,MMT CO2-eq,2012,0,0,ManTotEnergy_AnnCO2
Baseline_10_29_19_RCP85_output_D+sd_A-sd_S=mean_BC1_NR120,All_region,Barren,All_own,MMT CO2-eq,2013,0,0,ManTotEnergy_AnnCO2
Baseline_10_29_19_RCP85_output_D+sd_A-sd_S=mean_BC1_NR120,All_region,Barren,All_own,MMT CO2-eq,2014,0,0,ManTotEnergy_AnnCO2
Baseline_10_29_19_RCP85_output_D+sd_A-sd_S=mean_BC1_NR120,All_region,Barren,All_own,MMT CO2-eq,2015,0,0,ManTotEnergy_AnnCO2
Baseline_10_29_19_RCP85_output_D+sd_A-sd_S=mean_BC1_NR120,All_region,Barren,All_own,MMT CO2-eq,2016,0,0,ManTotEnergy_AnnCO2
Baseline_10_29_19_RCP85_output_D+sd_A-sd_S=mean_BC1_NR120,All_region,Barren,All_own,MMT CO2-eq,2017,0,0,ManTotEnergy_AnnCO2
Baseline_10_29_19_RCP85_output_D+sd_A-sd_S=mean_BC1_NR120,All_region,Barren,All_own,MMT CO2-eq,2018,0,0,ManTotEnergy_AnnCO2
Baseline_10_29_19_RCP85_output_D+sd_A-sd_S=mean_BC1_NR120,All_region,Barren,All_own,MMT CO2-eq,2019,0,0,ManTotEnergy_AnnCO2
Baseline_10_29_19_RCP85_output_D+sd_A-sd_S=mean_BC1_NR120,All_region,Barren,All_own,MMT CO2-eq,2020,0,0,ManTotEnergy_AnnCO2
Baseline_10_29_19_RCP85_output_D+sd_A-sd_S=mean_BC1_NR120,All_region,Barren,All_own,MMT CO2-eq,2021,0,0,ManTotEnergy_AnnCO2
Baseline_10_29_19_RCP85_output_D+sd_A-sd_S=mean_BC1_NR120,All_region,Barren,All_own,MMT CO2-eq,2010,0,0,Wildfire_AnnCH4eq
Baseline_10_29_19_RCP85_output_D+sd_A-sd_S=mean_BC1_NR120,All_region,Barren,All_own,MMT CO2-eq,2011,0,0,Wildfire_AnnCH4eq
Baseline_10_29_19_RCP85_output_D+sd_A-sd_S=mean_BC1_NR120,All_region,Barren,All_own,MMT CO2-eq,2012,0,0,Wildfire_AnnCH4eq
Baseline_10_29_19_RCP85_output_D+sd_A-sd_S=mean_BC1_NR120,All_region,Barren,All_own,MMT CO2-eq,2013,0,0,Wildfire_AnnCH4eq
Baseline_10_29_19_RCP85_output_D+sd_A-sd_S=mean_BC1_NR120,All_region,Barren,All_own,MMT CO2-eq,2014,0,0,Wildfire_AnnCH4eq
Baseline_10_29_19_RCP85_output_D+sd_A-sd_S=mean_BC1_NR120,All_region,Barren,All_own,MMT CO2-eq,2015,0,0,Wildfire_AnnCH4eq
Baseline_10_29_19_RCP85_output_D+sd_A-sd_S=mean_BC1_NR120,All_region,Barren,All_own,MMT CO2-eq,2016,0,0,Wildfire_AnnCH4eq
Baseline_10_29_19_RCP85_output_D+sd_A-sd_S=mean_BC1_NR120,All_region,Barren,All_own,MMT CO2-eq,2017,0,0,Wildfire_AnnCH4eq
Baseline_10_29_19_RCP85_output_D+sd_A-sd_S=mean_BC1_NR120,All_region,Barren,All_own,MMT CO2-eq,2018,0,0,Wildfire_AnnCH4eq
Baseline_10_29_19_RCP85_output_D+sd_A-sd_S=mean_BC1_NR120,All_region,Barren,All_own,MMT CO2-eq,2019,0,0,Wildfire_AnnCH4eq
Baseline_10_29_19_RCP85_output_D+sd_A-sd_S=mean_BC1_NR120,All_region,Barren,All_own,MMT CO2-eq,2020,0,0,Wildfire_AnnCH4eq
Baseline_10_29_19_RCP85_output_D+sd_A-sd_S=mean_BC1_NR120,All_region,Barren,All_own,MMT CO2-eq,2021,0,0,Wildfire_AnnCH4eq
Baseline_10_29_19_RCP85_output_D+sd_A-sd_S=mean_BC1_NR120,All_region,Barren,All_own,MMT CO2-eq,2010,0,0,Wildfire_AnnCO2
Baseline_10_29_19_RCP85_output_D+sd_A-sd_S=mean_BC1_NR120,All_region,Barren,All_own,MMT CO2-eq,2011,0,0,Wildfire_AnnCO2
Baseline_10_29_19_RCP85_output_D+sd_A-sd_S=mean_BC1_NR120,All_region,Barren,All_own,MMT CO2-eq,2012,0,0,Wildfire_AnnCO2
Baseline_10_29_19_RCP85_output_D+sd_A-sd_S=mean_BC1_NR120,All_region,Barren,All_own,MMT CO2-eq,2013,0,0,Wildfire_AnnCO2
Baseline_10_29_19_RCP85_output_D+sd_A-sd_S=mean_BC1_NR120,All_region,Barren,All_own,MMT CO2-eq,2014,0,0,Wildfire_AnnCO2
Baseline_10_29_19_RCP85_output_D+sd_A-sd_S=mean_BC1_NR120,All_region,Barren,All_own,MMT CO2-eq,2015,0,0,Wildfire_AnnCO2
Baseline_10_29_19_RCP85_output_D+sd_A-sd_S=mean_BC1_NR120,All_region,Barren,All_own,MMT CO2-eq,2016,0,0,Wildfire_AnnCO2
Baseline_10_29_19_RCP85_output_D+sd_A-sd_S=mean_BC1_NR120,All_region,Barren,All_own,MMT CO2-eq,2017,0,0,Wildfire_AnnCO2
Baseline_10_29_19_RCP85_output_D+sd_A-sd_S=mean_BC1_NR120,All_region,Barren,All_own,MMT CO2-eq,2018,0,0,Wildfire_AnnCO2
Baseline_10_29_19_RCP85_output_D+sd_A-sd_S=mean_BC1_NR120,All_region,Barren,All_own,MMT CO2-eq,2019,0,0,Wildfire_AnnCO2
Baseline_10_29_19_RCP85_output_D+sd_A-sd_S=mean_BC1_NR120,All_region,Barren,All_own,MMT CO2-eq,2020,0,0,Wildfire_AnnCO2
Baseline_10_29_19_RCP85_output_D+sd_A-sd_S=mean_BC1_NR120,All_region,Barren,All_own,MMT CO2-eq,2021,0,0,Wildfire_AnnCO2
Baseline_10_29_19_RCP85_output_D+sd_A-sd_S=mean_BC1_NR120,All_region,Barren,All_own,MMT CO2-eq,2010,0,0,Wood_AnnCH4eq
Baseline_10_29_19_RCP85_output_D+sd_A-sd_S=mean_BC1_NR120,All_region,Barren,All_own,MMT CO2-eq,2011,0,0,Wood_AnnCH4eq
Baseline_10_29_19_RCP85_output_D+sd_A-sd_S=mean_BC1_NR120,All_region,Barren,All_own,MMT CO2-eq,2012,0,0,Wood_AnnCH4eq
Baseline_10_29_19_RCP85_output_D+sd_A-sd_S=mean_BC1_NR120,All_region,Barren,All_own,MMT CO2-eq,2013,0,0,Wood_AnnCH4eq
Baseline_10_29_19_RCP85_output_D+sd_A-sd_S=mean_BC1_NR120,All_region,Barren,All_own,MMT CO2-eq,2014,0,0,Wood_AnnCH4eq
Baseline_10_29_19_RCP85_output_D+sd_A-sd_S=mean_BC1_NR120,All_region,Barren,All_own,MMT CO2-eq,2015,0,0,Wood_AnnCH4eq
Baseline_10_29_19_RCP85_output_D+sd_A-sd_S=mean_BC1_NR120,All_region,Barren,All_own,MMT CO2-eq,2016,0,0,Wood_AnnCH4eq
Baseline_10_29_19_RCP85_output_D+sd_A-sd_S=mean_BC1_NR120,All_region,Barren,All_own,MMT CO2-eq,2017,0,0,Wood_AnnCH4eq
Baseline_10_29_19_RCP85_output_D+sd_A-sd_S=mean_BC1_NR120,All_region,Barren,All_own,MMT CO2-eq,2018,0,0,Wood_AnnCH4eq
Baseline_10_29_19_RCP85_output_D+sd_A-sd_S=mean_BC1_NR120,All_region,Barren,All_own,MMT CO2-eq,2019,0,0,Wood_AnnCH4eq
Baseline_10_29_19_RCP85_output_D+sd_A-sd_S=mean_BC1_NR120,All_region,Barren,All_own,MMT CO2-eq,2020,0,0,Wood_AnnCH4eq
Baseline_10_29_19_RCP85_output_D+sd_A-sd_S=mean_BC1_NR120,All_region,Barren,All_own,MMT CO2-eq,2021,0,0,Wood_AnnCH4eq
Baseline_10_29_19_RCP85_output_D+sd_A-sd_S=mean_BC1_NR120,All_region,Barren,All_own,MMT CO2-eq,2010,0,0,Wood_AnnCO2
Baseline_10_29_19_RCP85_output_D+sd_A-sd_S=mean_BC1_NR120,All_region,Barren,All_own,MMT CO2-eq,2011,0,0,Wood_AnnCO2
Baseline_10_29_19_RCP85_output_D+sd_A-sd_S=mean_BC1_NR120,All_region,Barren,All_own,MMT CO2-eq,2012,0,0,Wood_AnnCO2
Baseline_10_29_19_RCP85_output_D+sd_A-sd_S=mean_BC1_NR120,All_region,Barren,All_own,MMT CO2-eq,2013,0,0,Wood_AnnCO2
Baseline_10_29_19_RCP85_output_D+sd_A-sd_S=mean_BC1_NR120,All_region,Barren,All_own,MMT CO2-eq,2014,0,0,Wood_AnnCO2
Baseline_10_29_19_RCP85_output_D+sd_A-sd_S=mean_BC1_NR120,All_region,Barren,All_own,MMT CO2-eq,2015,0,0,Wood_AnnCO2
Baseline_10_29_19_RCP85_output_D+sd_A-sd_S=mean_BC1_NR120,All_region,Barren,All_own,MMT CO2-eq,2016,0,0,Wood_AnnCO2
Baseline_10_29_19_RCP85_output_D+sd_A-sd_S=mean_BC1_NR120,All_region,Barren,All_own,MMT CO2-eq,2017,0,0,Wood_AnnCO2
Baseline_10_29_19_RCP85_output_D+sd_A-sd_S=mean_BC1_NR120,All_region,Barren,All_own,MMT CO2-eq,2018,0,0,Wood_AnnCO2
Baseline_10_29_19_RCP85_output_D+sd_A-sd_S=mean_BC1_NR120,All_region,Barren,All_own,MMT CO2-eq,2019,0,0,Wood_AnnCO2
Baseline_10_29_19_RCP85_output_D+sd_A-sd_S=mean_BC1_NR120,All_region,Barren,All_own,MMT CO2-eq,2020,0,0,Wood_AnnCO2
Baseline_10_29_19_RCP85_output_D+sd_A-sd_S=mean_BC1_NR120,All_region,Barren,All_own,MMT CO2-eq,2021,0,0,Wood_AnnCO2
