Scenario,Region,Land_Type,Ownership,Component,Units,Year,Value
Baseline,All_region,Barren,All_own,Net_Wood_Gain,MMT C,2010,0
Baseline,All_region,Barren,All_own,Net_Wood_Gain,MMT C,2011,0
Baseline,All_region,Barren,All_own,Net_Wood_Gain,MMT C,2012,0
Baseline,All_region,Barren,All_own,Net_Wood_Gain,MMT C,2013,0
Baseline,All_region,Barren,All_own,Net_Wood_Gain,MMT C,2014,0
Baseline,All_region,Barren,All_own,Net_Wood_Gain,MMT C,2015,0
Baseline,All_region,Barren,All_own,Net_Wood_Gain,MMT C,2016,0
Baseline,All_region,Barren,All_own,Net_Wood_Gain,MMT C,2017,0
Baseline,All_region,Barren,All_own,Net_Wood_Gain,MMT C,2018,0
Baseline,All_region,Barren,All_own,Net_Wood_Gain,MMT C,2019,0
Baseline,All_region,Barren,All_own,Net_Wood_Gain,MMT C,2020,0
Baseline,All_region,Barren,All_own,Net_Wood_Gain,MMT C,2021,0
Baseline,All_region,Barren,All_own,Net_Wood_Gain,MMT C,2022,0
Baseline,All_region,Barren,All_own,Ecosystem_Gain_from_Atmos,MMT C,2010,0
Baseline,All_region,Barren,All_own,Ecosystem_Gain_from_Atmos,MMT C,2011,0
Baseline,All_region,Barren,All_own,Ecosystem_Gain_from_Atmos,MMT C,2012,0
Baseline,All_region,Barren,All_own,Ecosystem_Gain_from_Atmos,MMT C,2013,0
Baseline,All_region,Barren,All_own,Ecosystem_Gain_from_Atmos,MMT C,2014,0
Baseline,All_region,Barren,All_own,Ecosystem_Gain_from_Atmos,MMT C,2015,0
Baseline,All_region,Barren,All_own,Ecosystem_Gain_from_Atmos,MMT C,2016,0
Baseline,All_region,Barren,All_own,Ecosystem_Gain_from_Atmos,MMT C,2017,0
Baseline,All_region,Barren,All_own,Ecosystem_Gain_from_Atmos,MMT C,2018,0
Baseline,All_region,Barren,All_own,Ecosystem_Gain_from_Atmos,MMT C,2019,0
Baseline,All_region,Barren,All_own,Ecosystem_Gain_from_Atmos,MMT C,2020,0
Baseline,All_region,Barren,All_own,Ecosystem_Gain_from_Atmos,MMT C,2021,0
Baseline,All_region,Barren,All_own,Ecosystem_Gain_from_Atmos,MMT C,2022,0
Baseline,All_region,Barren,All_own,Loss_to_Atmos_from_Manage,MMT C,2010,0
Baseline,All_region,Barren,All_own,Loss_to_Atmos_from_Manage,MMT C,2011,0
Baseline,All_region,Barren,All_own,Loss_to_Atmos_from_Manage,MMT C,2012,0
Baseline,All_region,Barren,All_own,Loss_to_Atmos_from_Manage,MMT C,2013,0
Baseline,All_region,Barren,All_own,Loss_to_Atmos_from_Manage,MMT C,2014,0
Baseline,All_region,Barren,All_own,Loss_to_Atmos_from_Manage,MMT C,2015,0
Baseline,All_region,Barren,All_own,Loss_to_Atmos_from_Manage,MMT C,2016,0
Baseline,All_region,Barren,All_own,Loss_to_Atmos_from_Manage,MMT C,2017,0
Baseline,All_region,Barren,All_own,Loss_to_Atmos_from_Manage,MMT C,2018,0
Baseline,All_region,Barren,All_own,Loss_to_Atmos_from_Manage,MMT C,2019,0
Baseline,All_region,Barren,All_own,Loss_to_Atmos_from_Manage,MMT C,2020,0
Baseline,All_region,Barren,All_own,Loss_to_Atmos_from_Manage,MMT C,2021,0
Baseline,All_region,Barren,All_own,Loss_to_Atmos_from_Manage,MMT C,2022,0
Baseline,All_region,Barren,All_own,Loss_to_Atmos_from_Fire,MMT C,2010,0
Baseline,All_region,Barren,All_own,Loss_to_Atmos_from_Fire,MMT C,2011,0
Baseline,All_region,Barren,All_own,Loss_to_Atmos_from_Fire,MMT C,2012,0
Baseline,All_region,Barren,All_own,Loss_to_Atmos_from_Fire,MMT C,2013,0
Baseline,All_region,Barren,All_own,Loss_to_Atmos_from_Fire,MMT C,2014,0
Baseline,All_region,Barren,All_own,Loss_to_Atmos_from_Fire,MMT C,2015,0
Baseline,All_region,Barren,All_own,Loss_to_Atmos_from_Fire,MMT C,2016,0
Baseline,All_region,Barren,All_own,Loss_to_Atmos_from_Fire,MMT C,2017,0
Baseline,All_region,Barren,All_own,Loss_to_Atmos_from_Fire,MMT C,2018,0
Baseline,All_region,Barren,All_own,Loss_to_Atmos_from_Fire,MMT C,2019,0
Baseline,All_region,Barren,All_own,Loss_to_Atmos_from_Fire,MMT C,2020,0
Baseline,All_region,Barren,All_own,Loss_to_Atmos_from_Fire,MMT C,2021,0
Baseline,All_region,Barren,All_own,Loss_to_Atmos_from_Fire,MMT C,2022,0
Baseline,All_region,Barren,All_own,Loss_to_Atmos_from_LCC,MMT C,2010,0
Baseline,All_region,Barren,All_own,Loss_to_Atmos_from_LCC,MMT C,2011,-0.01283271
Baseline,All_region,Barren,All_own,Loss_to_Atmos_from_LCC,MMT C,2012,-0.02566541
Baseline,All_region,Barren,All_own,Loss_to_Atmos_from_LCC,MMT C,2013,-0.03849812
Baseline,All_region,Barren,All_own,Loss_to_Atmos_from_LCC,MMT C,2014,-0.05133083
Baseline,All_region,Barren,All_own,Loss_to_Atmos_from_LCC,MMT C,2015,-0.06416353
Baseline,All_region,Barren,All_own,Loss_to_Atmos_from_LCC,MMT C,2016,-0.07699624
Baseline,All_region,Barren,All_own,Loss_to_Atmos_from_LCC,MMT C,2017,-0.08982895
Baseline,All_region,Barren,All_own,Loss_to_Atmos_from_LCC,MMT C,2018,-0.10266166
Baseline,All_region,Barren,All_own,Loss_to_Atmos_from_LCC,MMT C,2019,-0.11549436
Baseline,All_region,Barren,All_own,Loss_to_Atmos_from_LCC,MMT C,2020,-0.12832707
Baseline,All_region,Barren,All_own,Loss_to_Atmos_from_LCC,MMT C,2021,-0.14115978
Baseline,All_region,Barren,All_own,Loss_to_Atmos_from_LCC,MMT C,2022,-0.15399248
Baseline,All_region,Barren,All_own,Loss_to_Atmos_from_Wood,MMT C,2010,0
Baseline,All_region,Barren,All_own,Loss_to_Atmos_from_Wood,MMT C,2011,0
Baseline,All_region,Barren,All_own,Loss_to_Atmos_from_Wood,MMT C,2012,0
Baseline,All_region,Barren,All_own,Loss_to_Atmos_from_Wood,MMT C,2013,0
Baseline,All_region,Barren,All_own,Loss_to_Atmos_from_Wood,MMT C,2014,0
Baseline,All_region,Barren,All_own,Loss_to_Atmos_from_Wood,MMT C,2015,0
Baseline,All_region,Barren,All_own,Loss_to_Atmos_from_Wood,MMT C,2016,0
Baseline,All_region,Barren,All_own,Loss_to_Atmos_from_Wood,MMT C,2017,0
Baseline,All_region,Barren,All_own,Loss_to_Atmos_from_Wood,MMT C,2018,0
Baseline,All_region,Barren,All_own,Loss_to_Atmos_from_Wood,MMT C,2019,0
Baseline,All_region,Barren,All_own,Loss_to_Atmos_from_Wood,MMT C,2020,0
Baseline,All_region,Barren,All_own,Loss_to_Atmos_from_Wood,MMT C,2021,0
Baseline,All_region,Barren,All_own,Loss_to_Atmos_from_Wood,MMT C,2022,0
Alternative,All_region,Barren,All_own,Net_Wood_Gain,MMT C,2010,0
Alternative,All_region,Barren,All_own,Net_Wood_Gain,MMT C,2011,0
Alternative,All_region,Barren,All_own,Net_Wood_Gain,MMT C,2012,0
Alternative,All_region,Barren,All_own,Net_Wood_Gain,MMT C,2013,0
Alternative,All_region,Barren,All_own,Net_Wood_Gain,MMT C,2014,0
Alternative,All_region,Barren,All_own,Net_Wood_Gain,MMT C,2015,0
Alternative,All_region,Barren,All_own,Net_Wood_Gain,MMT C,2016,0
Alternative,All_region,Barren,All_own,Net_Wood_Gain,MMT C,2017,0
Alternative,All_region,Barren,All_own,Net_Wood_Gain,MMT C,2018,0
Alternative,All_region,Barren,All_own,Net_Wood_Gain,MMT C,2019,0
Alternative,All_region,Barren,All_own,Net_Wood_Gain,MMT C,2020,0
Alternative,All_region,Barren,All_own,Net_Wood_Gain,MMT C,2021,0
Alternative,All_region,Barren,All_own,Net_Wood_Gain,MMT C,2022,0
Alternative,All_region,Barren,All_own,Ecosystem_Gain_from_Atmos,MMT C,2010,0
Alternative,All_region,Barren,All_own,Ecosystem_Gain_from_Atmos,MMT C,2011,0
Alternative,All_region,Barren,All_own,Ecosystem_Gain_from_Atmos,MMT C,2012,0
Alternative,All_region,Barren,All_own,Ecosystem_Gain_from_Atmos,MMT C,2013,0
Alternative,All_region,Barren,All_own,Ecosystem_Gain_from_Atmos,MMT C,2014,0
Alternative,All_region,Barren,All_own,Ecosystem_Gain_from_Atmos,MMT C,2015,0
Alternative,All_region,Barren,All_own,Ecosystem_Gain_from_Atmos,MMT C,2016,0
Alternative,All_region,Barren,All_own,Ecosystem_Gain_from_Atmos,MMT C,2017,0
Alternative,All_region,Barren,All_own,Ecosystem_Gain_from_Atmos,MMT C,2018,0
Alternative,All_region,Barren,All_own,Ecosystem_Gain_from_Atmos,MMT C,2019,0
Alternative,All_region,Barren,All_own,Ecosystem_Gain_from_Atmos,MMT C,2020,0
Alternative,All_region,Barren,All_own,Ecosystem_Gain_from_Atmos,MMT C,2021,0
Alternative,All_region,Barren,All_own,Ecosystem_Gain_from_Atmos,MMT C,2022,0
Alternative,All_region,Barren,All_own,Loss_to_Atmos_from_Manage,MMT C,2010,0
Alternative,All_region,Barren,All_own,Loss_to_Atmos_from_Manage,MMT C,2011,0
Alternative,All_region,Barren,All_own,Loss_to_Atmos_from_Manage,MMT C,2012,0
Alternative,All_region,Barren,All_own,Loss_to_Atmos_from_Manage,MMT C,2013,0
Alternative,All_region,Barren,All_own,Loss_to_Atmos_from_Manage,MMT C,2014,0
Alternative,All_region,Barren,All_own,Loss_to_Atmos_from_Manage,MMT C,2015,0
Alternative,All_region,Barren,All_own,Loss_to_Atmos_from_Manage,MMT C,2016,0
Alternative,All_region,Barren,All_own,Loss_to_Atmos_from_Manage,MMT C,2017,0
Alternative,All_region,Barren,All_own,Loss_to_Atmos_from_Manage,MMT C,2018,0
Alternative,All_region,Barren,All_own,Loss_to_Atmos_from_Manage,MMT C,2019,0
Alternative,All_region,Barren,All_own,Loss_to_Atmos_from_Manage,MMT C,2020,0
Alternative,All_region,Barren,All_own,Loss_to_Atmos_from_Manage,MMT C,2021,0
Alternative,All_region,Barren,All_own,Loss_to_Atmos_from_Manage,MMT C,2022,0
Alternative,All_region,Barren,All_own,Loss_to_Atmos_from_Fire,MMT C,2010,0
Alternative,All_region,Barren,All_own,Loss_to_Atmos_from_Fire,MMT C,2011,0
Alternative,All_region,Barren,All_own,Loss_to_Atmos_from_Fire,MMT C,2012,0
Alternative,All_region,Barren,All_own,Loss_to_Atmos_from_Fire,MMT C,2013,0
Alternative,All_region,Barren,All_own,Loss_to_Atmos_from_Fire,MMT C,2014,0
Alternative,All_region,Barren,All_own,Loss_to_Atmos_from_Fire,MMT C,2015,0
Alternative,All_region,Barren,All_own,Loss_to_Atmos_from_Fire,MMT C,2016,0
Alternative,All_region,Barren,All_own,Loss_to_Atmos_from_Fire,MMT C,2017,0
Alternative,All_region,Barren,All_own,Loss_to_Atmos_from_Fire,MMT C,2018,0
Alternative,All_region,Barren,All_own,Loss_to_Atmos_from_Fire,MMT C,2019,0
Alternative,All_region,Barren,All_own,Loss_to_Atmos_from_Fire,MMT C,2020,0
Alternative,All_region,Barren,All_own,Loss_to_Atmos_from_Fire,MMT C,2021,0
Alternative,All_region,Barren,All_own,Loss_to_Atmos_from_Fire,MMT C,2022,0
Alternative,All_region,Barren,All_own,Loss_to_Atmos_from_LCC,MMT C,2010,0
Alternative,All_region,Barren,All_own,Loss_to_Atmos_from_LCC,MMT C,2011,-0.01283271
Alternative,All_region,Barren,All_own,Loss_to_Atmos_from_LCC,MMT C,2012,-0.02483313
Alternative,All_region,Barren,All_own,Loss_to_Atmos_from_LCC,MMT C,2013,-0.03600181
Alternative,All_region,Barren,All_own,Loss_to_Atmos_from_LCC,MMT C,2014,-0.04633901
Alternative,All_region,Barren,All_own,Loss_to_Atmos_from_LCC,MMT C,2015,-0.0558453
Alternative,All_region,Barren,All_own,Loss_to_Atmos_from_LCC,MMT C,2016,-0.06452057
Alternative,All_region,Barren,All_own,Loss_to_Atmos_from_LCC,MMT C,2017,-0.07236359
Alternative,All_region,Barren,All_own,Loss_to_Atmos_from_LCC,MMT C,2018,-0.07937336
Alternative,All_region,Barren,All_own,Loss_to_Atmos_from_LCC,MMT C,2019,-0.08555012
Alternative,All_region,Barren,All_own,Loss_to_Atmos_from_LCC,MMT C,2020,-0.09089451
Alternative,All_region,Barren,All_own,Loss_to_Atmos_from_LCC,MMT C,2021,-0.09540803
Alternative,All_region,Barren,All_own,Loss_to_Atmos_from_LCC,MMT C,2022,-0.09913784
Alternative,All_region,Barren,All_own,Loss_to_Atmos_from_Wood,MMT C,2010,0
Alternative,All_region,Barren,All_own,Loss_to_Atmos_from_Wood,MMT C,2011,0
Alternative,All_region,Barren,All_own,Loss_to_Atmos_from_Wood,MMT C,2012,0
Alternative,All_region,Barren,All_own,Loss_to_Atmos_from_Wood,MMT C,2013,0
Alternative,All_region,Barren,All_own,Loss_to_Atmos_from_Wood,MMT C,2014,0
Alternative,All_region,Barren,All_own,Loss_to_Atmos_from_Wood,MMT C,2015,0
Alternative,All_region,Barren,All_own,Loss_to_Atmos_from_Wood,MMT C,2016,0
Alternative,All_region,Barren,All_own,Loss_to_Atmos_from_Wood,MMT C,2017,0
Alternative,All_region,Barren,All_own,Loss_to_Atmos_from_Wood,MMT C,2018,0
Alternative,All_region,Barren,All_own,Loss_to_Atmos_from_Wood,MMT C,2019,0
Alternative,All_region,Barren,All_own,Loss_to_Atmos_from_Wood,MMT C,2020,0
Alternative,All_region,Barren,All_own,Loss_to_Atmos_from_Wood,MMT C,2021,0
Alternative,All_region,Barren,All_own,Loss_to_Atmos_from_Wood,MMT C,2022,0
