Scenario,Land_Type,Units,Year,Value
Alternative,Barren,MMT C,2010,0
Alternative,Barren,MMT C,2011,0.000832279999999999
Alternative,Barren,MMT C,2012,0.00166404
Alternative,Barren,MMT C,2013,0.00249551
Alternative,Barren,MMT C,2014,0.00332642
Alternative,Barren,MMT C,2015,0.00415744
Alternative,Barren,MMT C,2016,0.00498969
Alternative,Barren,MMT C,2017,0.00582294
Alternative,Barren,MMT C,2018,0.00665595
Alternative,Barren,MMT C,2019,0.00748832
Alternative,Barren,MMT C,2020,0.00831919
Alternative,Barren,MMT C,2021,0.00910291
