Scenario,Region,Land_Type,Ownership,Component,Units,Year,Value
Baseline,All_region,Barren,All_own,Net_Wood_Gain,MMT C,2010,0
Baseline,All_region,Barren,All_own,Net_Wood_Gain,MMT C,2011,0
Baseline,All_region,Barren,All_own,Net_Wood_Gain,MMT C,2012,0
Baseline,All_region,Barren,All_own,Net_Wood_Gain,MMT C,2013,0
Baseline,All_region,Barren,All_own,Net_Wood_Gain,MMT C,2014,0
Baseline,All_region,Barren,All_own,Net_Wood_Gain,MMT C,2015,0
Baseline,All_region,Barren,All_own,Net_Wood_Gain,MMT C,2016,0
Baseline,All_region,Barren,All_own,Net_Wood_Gain,MMT C,2017,0
Baseline,All_region,Barren,All_own,Net_Wood_Gain,MMT C,2018,0
Baseline,All_region,Barren,All_own,Net_Wood_Gain,MMT C,2019,0
Baseline,All_region,Barren,All_own,Net_Wood_Gain,MMT C,2020,0
Baseline,All_region,Barren,All_own,Net_Wood_Gain,MMT C,2021,0
Baseline,All_region,Barren,All_own,Ecosystem_Gain_from_Atmos,MMT C,2010,0
Baseline,All_region,Barren,All_own,Ecosystem_Gain_from_Atmos,MMT C,2011,0
Baseline,All_region,Barren,All_own,Ecosystem_Gain_from_Atmos,MMT C,2012,0
Baseline,All_region,Barren,All_own,Ecosystem_Gain_from_Atmos,MMT C,2013,0
Baseline,All_region,Barren,All_own,Ecosystem_Gain_from_Atmos,MMT C,2014,0
Baseline,All_region,Barren,All_own,Ecosystem_Gain_from_Atmos,MMT C,2015,0
Baseline,All_region,Barren,All_own,Ecosystem_Gain_from_Atmos,MMT C,2016,0
Baseline,All_region,Barren,All_own,Ecosystem_Gain_from_Atmos,MMT C,2017,0
Baseline,All_region,Barren,All_own,Ecosystem_Gain_from_Atmos,MMT C,2018,0
Baseline,All_region,Barren,All_own,Ecosystem_Gain_from_Atmos,MMT C,2019,0
Baseline,All_region,Barren,All_own,Ecosystem_Gain_from_Atmos,MMT C,2020,0
Baseline,All_region,Barren,All_own,Ecosystem_Gain_from_Atmos,MMT C,2021,0
Baseline,All_region,Barren,All_own,Loss_to_Atmos_from_Manage,MMT C,2010,0
Baseline,All_region,Barren,All_own,Loss_to_Atmos_from_Manage,MMT C,2011,0
Baseline,All_region,Barren,All_own,Loss_to_Atmos_from_Manage,MMT C,2012,0
Baseline,All_region,Barren,All_own,Loss_to_Atmos_from_Manage,MMT C,2013,0
Baseline,All_region,Barren,All_own,Loss_to_Atmos_from_Manage,MMT C,2014,0
Baseline,All_region,Barren,All_own,Loss_to_Atmos_from_Manage,MMT C,2015,0
Baseline,All_region,Barren,All_own,Loss_to_Atmos_from_Manage,MMT C,2016,0
Baseline,All_region,Barren,All_own,Loss_to_Atmos_from_Manage,MMT C,2017,0
Baseline,All_region,Barren,All_own,Loss_to_Atmos_from_Manage,MMT C,2018,0
Baseline,All_region,Barren,All_own,Loss_to_Atmos_from_Manage,MMT C,2019,0
Baseline,All_region,Barren,All_own,Loss_to_Atmos_from_Manage,MMT C,2020,0
Baseline,All_region,Barren,All_own,Loss_to_Atmos_from_Manage,MMT C,2021,0
Baseline,All_region,Barren,All_own,Loss_to_Atmos_from_Fire,MMT C,2010,0
Baseline,All_region,Barren,All_own,Loss_to_Atmos_from_Fire,MMT C,2011,0
Baseline,All_region,Barren,All_own,Loss_to_Atmos_from_Fire,MMT C,2012,0
Baseline,All_region,Barren,All_own,Loss_to_Atmos_from_Fire,MMT C,2013,0
Baseline,All_region,Barren,All_own,Loss_to_Atmos_from_Fire,MMT C,2014,0
Baseline,All_region,Barren,All_own,Loss_to_Atmos_from_Fire,MMT C,2015,0
Baseline,All_region,Barren,All_own,Loss_to_Atmos_from_Fire,MMT C,2016,0
Baseline,All_region,Barren,All_own,Loss_to_Atmos_from_Fire,MMT C,2017,0
Baseline,All_region,Barren,All_own,Loss_to_Atmos_from_Fire,MMT C,2018,0
Baseline,All_region,Barren,All_own,Loss_to_Atmos_from_Fire,MMT C,2019,0
Baseline,All_region,Barren,All_own,Loss_to_Atmos_from_Fire,MMT C,2020,0
Baseline,All_region,Barren,All_own,Loss_to_Atmos_from_Fire,MMT C,2021,0
Baseline,All_region,Barren,All_own,Loss_to_Atmos_from_LCC,MMT C,2010,-0.01283271
Baseline,All_region,Barren,All_own,Loss_to_Atmos_from_LCC,MMT C,2011,-0.01283271
Baseline,All_region,Barren,All_own,Loss_to_Atmos_from_LCC,MMT C,2012,-0.01283271
Baseline,All_region,Barren,All_own,Loss_to_Atmos_from_LCC,MMT C,2013,-0.01283271
Baseline,All_region,Barren,All_own,Loss_to_Atmos_from_LCC,MMT C,2014,-0.01283271
Baseline,All_region,Barren,All_own,Loss_to_Atmos_from_LCC,MMT C,2015,-0.01283271
Baseline,All_region,Barren,All_own,Loss_to_Atmos_from_LCC,MMT C,2016,-0.01283271
Baseline,All_region,Barren,All_own,Loss_to_Atmos_from_LCC,MMT C,2017,-0.01283271
Baseline,All_region,Barren,All_own,Loss_to_Atmos_from_LCC,MMT C,2018,-0.01283271
Baseline,All_region,Barren,All_own,Loss_to_Atmos_from_LCC,MMT C,2019,-0.01283271
Baseline,All_region,Barren,All_own,Loss_to_Atmos_from_LCC,MMT C,2020,-0.01283271
Baseline,All_region,Barren,All_own,Loss_to_Atmos_from_LCC,MMT C,2021,-0.01283271
Baseline,All_region,Barren,All_own,Loss_to_Atmos_from_Wood,MMT C,2010,0
Baseline,All_region,Barren,All_own,Loss_to_Atmos_from_Wood,MMT C,2011,0
Baseline,All_region,Barren,All_own,Loss_to_Atmos_from_Wood,MMT C,2012,0
Baseline,All_region,Barren,All_own,Loss_to_Atmos_from_Wood,MMT C,2013,0
Baseline,All_region,Barren,All_own,Loss_to_Atmos_from_Wood,MMT C,2014,0
Baseline,All_region,Barren,All_own,Loss_to_Atmos_from_Wood,MMT C,2015,0
Baseline,All_region,Barren,All_own,Loss_to_Atmos_from_Wood,MMT C,2016,0
Baseline,All_region,Barren,All_own,Loss_to_Atmos_from_Wood,MMT C,2017,0
Baseline,All_region,Barren,All_own,Loss_to_Atmos_from_Wood,MMT C,2018,0
Baseline,All_region,Barren,All_own,Loss_to_Atmos_from_Wood,MMT C,2019,0
Baseline,All_region,Barren,All_own,Loss_to_Atmos_from_Wood,MMT C,2020,0
Baseline,All_region,Barren,All_own,Loss_to_Atmos_from_Wood,MMT C,2021,0
Alternative,All_region,Barren,All_own,Net_Wood_Gain,MMT C,2010,0
Alternative,All_region,Barren,All_own,Net_Wood_Gain,MMT C,2011,0
Alternative,All_region,Barren,All_own,Net_Wood_Gain,MMT C,2012,0
Alternative,All_region,Barren,All_own,Net_Wood_Gain,MMT C,2013,0
Alternative,All_region,Barren,All_own,Net_Wood_Gain,MMT C,2014,0
Alternative,All_region,Barren,All_own,Net_Wood_Gain,MMT C,2015,0
Alternative,All_region,Barren,All_own,Net_Wood_Gain,MMT C,2016,0
Alternative,All_region,Barren,All_own,Net_Wood_Gain,MMT C,2017,0
Alternative,All_region,Barren,All_own,Net_Wood_Gain,MMT C,2018,0
Alternative,All_region,Barren,All_own,Net_Wood_Gain,MMT C,2019,0
Alternative,All_region,Barren,All_own,Net_Wood_Gain,MMT C,2020,0
Alternative,All_region,Barren,All_own,Net_Wood_Gain,MMT C,2021,0
Alternative,All_region,Barren,All_own,Ecosystem_Gain_from_Atmos,MMT C,2010,0
Alternative,All_region,Barren,All_own,Ecosystem_Gain_from_Atmos,MMT C,2011,0
Alternative,All_region,Barren,All_own,Ecosystem_Gain_from_Atmos,MMT C,2012,0
Alternative,All_region,Barren,All_own,Ecosystem_Gain_from_Atmos,MMT C,2013,0
Alternative,All_region,Barren,All_own,Ecosystem_Gain_from_Atmos,MMT C,2014,0
Alternative,All_region,Barren,All_own,Ecosystem_Gain_from_Atmos,MMT C,2015,0
Alternative,All_region,Barren,All_own,Ecosystem_Gain_from_Atmos,MMT C,2016,0
Alternative,All_region,Barren,All_own,Ecosystem_Gain_from_Atmos,MMT C,2017,0
Alternative,All_region,Barren,All_own,Ecosystem_Gain_from_Atmos,MMT C,2018,0
Alternative,All_region,Barren,All_own,Ecosystem_Gain_from_Atmos,MMT C,2019,0
Alternative,All_region,Barren,All_own,Ecosystem_Gain_from_Atmos,MMT C,2020,0
Alternative,All_region,Barren,All_own,Ecosystem_Gain_from_Atmos,MMT C,2021,0
Alternative,All_region,Barren,All_own,Loss_to_Atmos_from_Manage,MMT C,2010,0
Alternative,All_region,Barren,All_own,Loss_to_Atmos_from_Manage,MMT C,2011,0
Alternative,All_region,Barren,All_own,Loss_to_Atmos_from_Manage,MMT C,2012,0
Alternative,All_region,Barren,All_own,Loss_to_Atmos_from_Manage,MMT C,2013,0
Alternative,All_region,Barren,All_own,Loss_to_Atmos_from_Manage,MMT C,2014,0
Alternative,All_region,Barren,All_own,Loss_to_Atmos_from_Manage,MMT C,2015,0
Alternative,All_region,Barren,All_own,Loss_to_Atmos_from_Manage,MMT C,2016,0
Alternative,All_region,Barren,All_own,Loss_to_Atmos_from_Manage,MMT C,2017,0
Alternative,All_region,Barren,All_own,Loss_to_Atmos_from_Manage,MMT C,2018,0
Alternative,All_region,Barren,All_own,Loss_to_Atmos_from_Manage,MMT C,2019,0
Alternative,All_region,Barren,All_own,Loss_to_Atmos_from_Manage,MMT C,2020,0
Alternative,All_region,Barren,All_own,Loss_to_Atmos_from_Manage,MMT C,2021,0
Alternative,All_region,Barren,All_own,Loss_to_Atmos_from_Fire,MMT C,2010,0
Alternative,All_region,Barren,All_own,Loss_to_Atmos_from_Fire,MMT C,2011,0
Alternative,All_region,Barren,All_own,Loss_to_Atmos_from_Fire,MMT C,2012,0
Alternative,All_region,Barren,All_own,Loss_to_Atmos_from_Fire,MMT C,2013,0
Alternative,All_region,Barren,All_own,Loss_to_Atmos_from_Fire,MMT C,2014,0
Alternative,All_region,Barren,All_own,Loss_to_Atmos_from_Fire,MMT C,2015,0
Alternative,All_region,Barren,All_own,Loss_to_Atmos_from_Fire,MMT C,2016,0
Alternative,All_region,Barren,All_own,Loss_to_Atmos_from_Fire,MMT C,2017,0
Alternative,All_region,Barren,All_own,Loss_to_Atmos_from_Fire,MMT C,2018,0
Alternative,All_region,Barren,All_own,Loss_to_Atmos_from_Fire,MMT C,2019,0
Alternative,All_region,Barren,All_own,Loss_to_Atmos_from_Fire,MMT C,2020,0
Alternative,All_region,Barren,All_own,Loss_to_Atmos_from_Fire,MMT C,2021,0
Alternative,All_region,Barren,All_own,Loss_to_Atmos_from_LCC,MMT C,2010,-0.01283271
Alternative,All_region,Barren,All_own,Loss_to_Atmos_from_LCC,MMT C,2011,-0.01200043
Alternative,All_region,Barren,All_own,Loss_to_Atmos_from_LCC,MMT C,2012,-0.01116867
Alternative,All_region,Barren,All_own,Loss_to_Atmos_from_LCC,MMT C,2013,-0.0103372
Alternative,All_region,Barren,All_own,Loss_to_Atmos_from_LCC,MMT C,2014,-0.00950629
Alternative,All_region,Barren,All_own,Loss_to_Atmos_from_LCC,MMT C,2015,-0.00867527
Alternative,All_region,Barren,All_own,Loss_to_Atmos_from_LCC,MMT C,2016,-0.00784302
Alternative,All_region,Barren,All_own,Loss_to_Atmos_from_LCC,MMT C,2017,-0.00700977
Alternative,All_region,Barren,All_own,Loss_to_Atmos_from_LCC,MMT C,2018,-0.00617676
Alternative,All_region,Barren,All_own,Loss_to_Atmos_from_LCC,MMT C,2019,-0.00534439
Alternative,All_region,Barren,All_own,Loss_to_Atmos_from_LCC,MMT C,2020,-0.00451352
Alternative,All_region,Barren,All_own,Loss_to_Atmos_from_LCC,MMT C,2021,-0.0037298
Alternative,All_region,Barren,All_own,Loss_to_Atmos_from_Wood,MMT C,2010,0
Alternative,All_region,Barren,All_own,Loss_to_Atmos_from_Wood,MMT C,2011,0
Alternative,All_region,Barren,All_own,Loss_to_Atmos_from_Wood,MMT C,2012,0
Alternative,All_region,Barren,All_own,Loss_to_Atmos_from_Wood,MMT C,2013,0
Alternative,All_region,Barren,All_own,Loss_to_Atmos_from_Wood,MMT C,2014,0
Alternative,All_region,Barren,All_own,Loss_to_Atmos_from_Wood,MMT C,2015,0
Alternative,All_region,Barren,All_own,Loss_to_Atmos_from_Wood,MMT C,2016,0
Alternative,All_region,Barren,All_own,Loss_to_Atmos_from_Wood,MMT C,2017,0
Alternative,All_region,Barren,All_own,Loss_to_Atmos_from_Wood,MMT C,2018,0
Alternative,All_region,Barren,All_own,Loss_to_Atmos_from_Wood,MMT C,2019,0
Alternative,All_region,Barren,All_own,Loss_to_Atmos_from_Wood,MMT C,2020,0
Alternative,All_region,Barren,All_own,Loss_to_Atmos_from_Wood,MMT C,2021,0
