Scenario,Land_Type,Units,Year,Value
Baseline,Barren,MMT C,2010,0
Baseline,Barren,MMT C,2011,-0.01283271
Baseline,Barren,MMT C,2012,-0.02566541
Baseline,Barren,MMT C,2013,-0.03849812
Baseline,Barren,MMT C,2014,-0.05133083
Baseline,Barren,MMT C,2015,-0.06416353
Baseline,Barren,MMT C,2016,-0.07699624
Baseline,Barren,MMT C,2017,-0.08982895
Baseline,Barren,MMT C,2018,-0.10266166
Baseline,Barren,MMT C,2019,-0.11549436
Baseline,Barren,MMT C,2020,-0.12832707
Baseline,Barren,MMT C,2021,-0.14115978
Baseline,Barren,MMT C,2022,-0.15399248
Alternative,Barren,MMT C,2010,0
Alternative,Barren,MMT C,2011,-0.01283271
Alternative,Barren,MMT C,2012,-0.02483313
Alternative,Barren,MMT C,2013,-0.03600181
Alternative,Barren,MMT C,2014,-0.04633901
Alternative,Barren,MMT C,2015,-0.0558453
Alternative,Barren,MMT C,2016,-0.06452057
Alternative,Barren,MMT C,2017,-0.07236359
Alternative,Barren,MMT C,2018,-0.07937336
Alternative,Barren,MMT C,2019,-0.08555012
Alternative,Barren,MMT C,2020,-0.09089451
Alternative,Barren,MMT C,2021,-0.09540803
Alternative,Barren,MMT C,2022,-0.09913784
