Scenario,Land_Type,Units,Year,Value
Alternative,Barren,MMT C,2010,0
Alternative,Barren,MMT C,2011,0
Alternative,Barren,MMT C,2012,0.000832280000000001
Alternative,Barren,MMT C,2013,0.00249631000000001
Alternative,Barren,MMT C,2014,0.00499182
Alternative,Barren,MMT C,2015,0.00831823
Alternative,Barren,MMT C,2016,0.01247567
Alternative,Barren,MMT C,2017,0.01746536
Alternative,Barren,MMT C,2018,0.0232883
Alternative,Barren,MMT C,2019,0.02994424
Alternative,Barren,MMT C,2020,0.03743256
Alternative,Barren,MMT C,2021,0.04575175
Alternative,Barren,MMT C,2022,0.05485464
