Scenario,Region,Land_Type,Ownership,Units,Year,Value,Diff,Component
Alternative_B_10_29_19_RCP85_output_D+sd_A-sd_S=mean_BC1_NR120,All_region,Barren,All_own,MMT CO2-eq,2010,0,0,Eco_AnnCH4eq
Alternative_B_10_29_19_RCP85_output_D+sd_A-sd_S=mean_BC1_NR120,All_region,Barren,All_own,MMT CO2-eq,2011,0,0,Eco_AnnCH4eq
Alternative_B_10_29_19_RCP85_output_D+sd_A-sd_S=mean_BC1_NR120,All_region,Barren,All_own,MMT CO2-eq,2012,0,0,Eco_AnnCH4eq
Alternative_B_10_29_19_RCP85_output_D+sd_A-sd_S=mean_BC1_NR120,All_region,Barren,All_own,MMT CO2-eq,2013,0,0,Eco_AnnCH4eq
Alternative_B_10_29_19_RCP85_output_D+sd_A-sd_S=mean_BC1_NR120,All_region,Barren,All_own,MMT CO2-eq,2014,0,0,Eco_AnnCH4eq
Alternative_B_10_29_19_RCP85_output_D+sd_A-sd_S=mean_BC1_NR120,All_region,Barren,All_own,MMT CO2-eq,2015,0,0,Eco_AnnCH4eq
Alternative_B_10_29_19_RCP85_output_D+sd_A-sd_S=mean_BC1_NR120,All_region,Barren,All_own,MMT CO2-eq,2016,0,0,Eco_AnnCH4eq
Alternative_B_10_29_19_RCP85_output_D+sd_A-sd_S=mean_BC1_NR120,All_region,Barren,All_own,MMT CO2-eq,2017,0,0,Eco_AnnCH4eq
Alternative_B_10_29_19_RCP85_output_D+sd_A-sd_S=mean_BC1_NR120,All_region,Barren,All_own,MMT CO2-eq,2018,0,0,Eco_AnnCH4eq
Alternative_B_10_29_19_RCP85_output_D+sd_A-sd_S=mean_BC1_NR120,All_region,Barren,All_own,MMT CO2-eq,2019,0,0,Eco_AnnCH4eq
Alternative_B_10_29_19_RCP85_output_D+sd_A-sd_S=mean_BC1_NR120,All_region,Barren,All_own,MMT CO2-eq,2020,0,0,Eco_AnnCH4eq
Alternative_B_10_29_19_RCP85_output_D+sd_A-sd_S=mean_BC1_NR120,All_region,Barren,All_own,MMT CO2-eq,2021,0,0,Eco_AnnCH4eq
Alternative_B_10_29_19_RCP85_output_D+sd_A-sd_S=mean_BC1_NR120,All_region,Barren,All_own,MMT CO2-eq,2010,0,0,Eco_AnnCO2
Alternative_B_10_29_19_RCP85_output_D+sd_A-sd_S=mean_BC1_NR120,All_region,Barren,All_own,MMT CO2-eq,2011,0,0,Eco_AnnCO2
Alternative_B_10_29_19_RCP85_output_D+sd_A-sd_S=mean_BC1_NR120,All_region,Barren,All_own,MMT CO2-eq,2012,0,0,Eco_AnnCO2
Alternative_B_10_29_19_RCP85_output_D+sd_A-sd_S=mean_BC1_NR120,All_region,Barren,All_own,MMT CO2-eq,2013,0,0,Eco_AnnCO2
Alternative_B_10_29_19_RCP85_output_D+sd_A-sd_S=mean_BC1_NR120,All_region,Barren,All_own,MMT CO2-eq,2014,0,0,Eco_AnnCO2
Alternative_B_10_29_19_RCP85_output_D+sd_A-sd_S=mean_BC1_NR120,All_region,Barren,All_own,MMT CO2-eq,2015,0,0,Eco_AnnCO2
Alternative_B_10_29_19_RCP85_output_D+sd_A-sd_S=mean_BC1_NR120,All_region,Barren,All_own,MMT CO2-eq,2016,0,0,Eco_AnnCO2
Alternative_B_10_29_19_RCP85_output_D+sd_A-sd_S=mean_BC1_NR120,All_region,Barren,All_own,MMT CO2-eq,2017,0,0,Eco_AnnCO2
Alternative_B_10_29_19_RCP85_output_D+sd_A-sd_S=mean_BC1_NR120,All_region,Barren,All_own,MMT CO2-eq,2018,0,0,Eco_AnnCO2
Alternative_B_10_29_19_RCP85_output_D+sd_A-sd_S=mean_BC1_NR120,All_region,Barren,All_own,MMT CO2-eq,2019,0,0,Eco_AnnCO2
Alternative_B_10_29_19_RCP85_output_D+sd_A-sd_S=mean_BC1_NR120,All_region,Barren,All_own,MMT CO2-eq,2020,0,0,Eco_AnnCO2
Alternative_B_10_29_19_RCP85_output_D+sd_A-sd_S=mean_BC1_NR120,All_region,Barren,All_own,MMT CO2-eq,2021,0,0,Eco_AnnCO2
Alternative_B_10_29_19_RCP85_output_D+sd_A-sd_S=mean_BC1_NR120,All_region,Barren,All_own,MMT CO2-eq,2010,0,0,LCCFire_AnnCH4eq
Alternative_B_10_29_19_RCP85_output_D+sd_A-sd_S=mean_BC1_NR120,All_region,Barren,All_own,MMT CO2-eq,2011,0,0,LCCFire_AnnCH4eq
Alternative_B_10_29_19_RCP85_output_D+sd_A-sd_S=mean_BC1_NR120,All_region,Barren,All_own,MMT CO2-eq,2012,0,0,LCCFire_AnnCH4eq
Alternative_B_10_29_19_RCP85_output_D+sd_A-sd_S=mean_BC1_NR120,All_region,Barren,All_own,MMT CO2-eq,2013,0,0,LCCFire_AnnCH4eq
Alternative_B_10_29_19_RCP85_output_D+sd_A-sd_S=mean_BC1_NR120,All_region,Barren,All_own,MMT CO2-eq,2014,0,0,LCCFire_AnnCH4eq
Alternative_B_10_29_19_RCP85_output_D+sd_A-sd_S=mean_BC1_NR120,All_region,Barren,All_own,MMT CO2-eq,2015,0,0,LCCFire_AnnCH4eq
Alternative_B_10_29_19_RCP85_output_D+sd_A-sd_S=mean_BC1_NR120,All_region,Barren,All_own,MMT CO2-eq,2016,0,0,LCCFire_AnnCH4eq
Alternative_B_10_29_19_RCP85_output_D+sd_A-sd_S=mean_BC1_NR120,All_region,Barren,All_own,MMT CO2-eq,2017,0,0,LCCFire_AnnCH4eq
Alternative_B_10_29_19_RCP85_output_D+sd_A-sd_S=mean_BC1_NR120,All_region,Barren,All_own,MMT CO2-eq,2018,0,0,LCCFire_AnnCH4eq
Alternative_B_10_29_19_RCP85_output_D+sd_A-sd_S=mean_BC1_NR120,All_region,Barren,All_own,MMT CO2-eq,2019,0,0,LCCFire_AnnCH4eq
Alternative_B_10_29_19_RCP85_output_D+sd_A-sd_S=mean_BC1_NR120,All_region,Barren,All_own,MMT CO2-eq,2020,0,0,LCCFire_AnnCH4eq
Alternative_B_10_29_19_RCP85_output_D+sd_A-sd_S=mean_BC1_NR120,All_region,Barren,All_own,MMT CO2-eq,2021,0,0,LCCFire_AnnCH4eq
Alternative_B_10_29_19_RCP85_output_D+sd_A-sd_S=mean_BC1_NR120,All_region,Barren,All_own,MMT CO2-eq,2010,0,0,LCCFire_AnnCO2
Alternative_B_10_29_19_RCP85_output_D+sd_A-sd_S=mean_BC1_NR120,All_region,Barren,All_own,MMT CO2-eq,2011,0,0,LCCFire_AnnCO2
Alternative_B_10_29_19_RCP85_output_D+sd_A-sd_S=mean_BC1_NR120,All_region,Barren,All_own,MMT CO2-eq,2012,0,0,LCCFire_AnnCO2
Alternative_B_10_29_19_RCP85_output_D+sd_A-sd_S=mean_BC1_NR120,All_region,Barren,All_own,MMT CO2-eq,2013,0,0,LCCFire_AnnCO2
Alternative_B_10_29_19_RCP85_output_D+sd_A-sd_S=mean_BC1_NR120,All_region,Barren,All_own,MMT CO2-eq,2014,0,0,LCCFire_AnnCO2
Alternative_B_10_29_19_RCP85_output_D+sd_A-sd_S=mean_BC1_NR120,All_region,Barren,All_own,MMT CO2-eq,2015,0,0,LCCFire_AnnCO2
Alternative_B_10_29_19_RCP85_output_D+sd_A-sd_S=mean_BC1_NR120,All_region,Barren,All_own,MMT CO2-eq,2016,0,0,LCCFire_AnnCO2
Alternative_B_10_29_19_RCP85_output_D+sd_A-sd_S=mean_BC1_NR120,All_region,Barren,All_own,MMT CO2-eq,2017,0,0,LCCFire_AnnCO2
Alternative_B_10_29_19_RCP85_output_D+sd_A-sd_S=mean_BC1_NR120,All_region,Barren,All_own,MMT CO2-eq,2018,0,0,LCCFire_AnnCO2
Alternative_B_10_29_19_RCP85_output_D+sd_A-sd_S=mean_BC1_NR120,All_region,Barren,All_own,MMT CO2-eq,2019,0,0,LCCFire_AnnCO2
Alternative_B_10_29_19_RCP85_output_D+sd_A-sd_S=mean_BC1_NR120,All_region,Barren,All_own,MMT CO2-eq,2020,0,0,LCCFire_AnnCO2
Alternative_B_10_29_19_RCP85_output_D+sd_A-sd_S=mean_BC1_NR120,All_region,Barren,All_own,MMT CO2-eq,2021,0,0,LCCFire_AnnCO2
Alternative_B_10_29_19_RCP85_output_D+sd_A-sd_S=mean_BC1_NR120,All_region,Barren,All_own,MMT CO2-eq,2010,0.04702202,0,LCCNonBurn_AnnCO2
Alternative_B_10_29_19_RCP85_output_D+sd_A-sd_S=mean_BC1_NR120,All_region,Barren,All_own,MMT CO2-eq,2011,0.04397236,-0.00304966,LCCNonBurn_AnnCO2
Alternative_B_10_29_19_RCP85_output_D+sd_A-sd_S=mean_BC1_NR120,All_region,Barren,All_own,MMT CO2-eq,2012,0.04092462,-0.0060974,LCCNonBurn_AnnCO2
Alternative_B_10_29_19_RCP85_output_D+sd_A-sd_S=mean_BC1_NR120,All_region,Barren,All_own,MMT CO2-eq,2013,0.03787792,-0.0091441,LCCNonBurn_AnnCO2
Alternative_B_10_29_19_RCP85_output_D+sd_A-sd_S=mean_BC1_NR120,All_region,Barren,All_own,MMT CO2-eq,2014,0.03483325,-0.01218877,LCCNonBurn_AnnCO2
Alternative_B_10_29_19_RCP85_output_D+sd_A-sd_S=mean_BC1_NR120,All_region,Barren,All_own,MMT CO2-eq,2015,0.03178819,-0.01523383,LCCNonBurn_AnnCO2
Alternative_B_10_29_19_RCP85_output_D+sd_A-sd_S=mean_BC1_NR120,All_region,Barren,All_own,MMT CO2-eq,2016,0.02873865,-0.01828337,LCCNonBurn_AnnCO2
Alternative_B_10_29_19_RCP85_output_D+sd_A-sd_S=mean_BC1_NR120,All_region,Barren,All_own,MMT CO2-eq,2017,0.02568543,-0.02133659,LCCNonBurn_AnnCO2
Alternative_B_10_29_19_RCP85_output_D+sd_A-sd_S=mean_BC1_NR120,All_region,Barren,All_own,MMT CO2-eq,2018,0.0226331,-0.02438892,LCCNonBurn_AnnCO2
Alternative_B_10_29_19_RCP85_output_D+sd_A-sd_S=mean_BC1_NR120,All_region,Barren,All_own,MMT CO2-eq,2019,0.01958309,-0.02743893,LCCNonBurn_AnnCO2
Alternative_B_10_29_19_RCP85_output_D+sd_A-sd_S=mean_BC1_NR120,All_region,Barren,All_own,MMT CO2-eq,2020,0.0165386,-0.03048342,LCCNonBurn_AnnCO2
Alternative_B_10_29_19_RCP85_output_D+sd_A-sd_S=mean_BC1_NR120,All_region,Barren,All_own,MMT CO2-eq,2021,0.01366686,-0.03335516,LCCNonBurn_AnnCO2
Alternative_B_10_29_19_RCP85_output_D+sd_A-sd_S=mean_BC1_NR120,All_region,Barren,All_own,MMT CO2-eq,2010,0,0,LCCTotEnergy_AnnCH4eq
Alternative_B_10_29_19_RCP85_output_D+sd_A-sd_S=mean_BC1_NR120,All_region,Barren,All_own,MMT CO2-eq,2011,0,0,LCCTotEnergy_AnnCH4eq
Alternative_B_10_29_19_RCP85_output_D+sd_A-sd_S=mean_BC1_NR120,All_region,Barren,All_own,MMT CO2-eq,2012,0,0,LCCTotEnergy_AnnCH4eq
Alternative_B_10_29_19_RCP85_output_D+sd_A-sd_S=mean_BC1_NR120,All_region,Barren,All_own,MMT CO2-eq,2013,0,0,LCCTotEnergy_AnnCH4eq
Alternative_B_10_29_19_RCP85_output_D+sd_A-sd_S=mean_BC1_NR120,All_region,Barren,All_own,MMT CO2-eq,2014,0,0,LCCTotEnergy_AnnCH4eq
Alternative_B_10_29_19_RCP85_output_D+sd_A-sd_S=mean_BC1_NR120,All_region,Barren,All_own,MMT CO2-eq,2015,0,0,LCCTotEnergy_AnnCH4eq
Alternative_B_10_29_19_RCP85_output_D+sd_A-sd_S=mean_BC1_NR120,All_region,Barren,All_own,MMT CO2-eq,2016,0,0,LCCTotEnergy_AnnCH4eq
Alternative_B_10_29_19_RCP85_output_D+sd_A-sd_S=mean_BC1_NR120,All_region,Barren,All_own,MMT CO2-eq,2017,0,0,LCCTotEnergy_AnnCH4eq
Alternative_B_10_29_19_RCP85_output_D+sd_A-sd_S=mean_BC1_NR120,All_region,Barren,All_own,MMT CO2-eq,2018,0,0,LCCTotEnergy_AnnCH4eq
Alternative_B_10_29_19_RCP85_output_D+sd_A-sd_S=mean_BC1_NR120,All_region,Barren,All_own,MMT CO2-eq,2019,0,0,LCCTotEnergy_AnnCH4eq
Alternative_B_10_29_19_RCP85_output_D+sd_A-sd_S=mean_BC1_NR120,All_region,Barren,All_own,MMT CO2-eq,2020,0,0,LCCTotEnergy_AnnCH4eq
Alternative_B_10_29_19_RCP85_output_D+sd_A-sd_S=mean_BC1_NR120,All_region,Barren,All_own,MMT CO2-eq,2021,0,0,LCCTotEnergy_AnnCH4eq
Alternative_B_10_29_19_RCP85_output_D+sd_A-sd_S=mean_BC1_NR120,All_region,Barren,All_own,MMT CO2-eq,2010,0,0,LCCTotEnergy_AnnCO2
Alternative_B_10_29_19_RCP85_output_D+sd_A-sd_S=mean_BC1_NR120,All_region,Barren,All_own,MMT CO2-eq,2011,0,0,LCCTotEnergy_AnnCO2
Alternative_B_10_29_19_RCP85_output_D+sd_A-sd_S=mean_BC1_NR120,All_region,Barren,All_own,MMT CO2-eq,2012,0,0,LCCTotEnergy_AnnCO2
Alternative_B_10_29_19_RCP85_output_D+sd_A-sd_S=mean_BC1_NR120,All_region,Barren,All_own,MMT CO2-eq,2013,0,0,LCCTotEnergy_AnnCO2
Alternative_B_10_29_19_RCP85_output_D+sd_A-sd_S=mean_BC1_NR120,All_region,Barren,All_own,MMT CO2-eq,2014,0,0,LCCTotEnergy_AnnCO2
Alternative_B_10_29_19_RCP85_output_D+sd_A-sd_S=mean_BC1_NR120,All_region,Barren,All_own,MMT CO2-eq,2015,0,0,LCCTotEnergy_AnnCO2
Alternative_B_10_29_19_RCP85_output_D+sd_A-sd_S=mean_BC1_NR120,All_region,Barren,All_own,MMT CO2-eq,2016,0,0,LCCTotEnergy_AnnCO2
Alternative_B_10_29_19_RCP85_output_D+sd_A-sd_S=mean_BC1_NR120,All_region,Barren,All_own,MMT CO2-eq,2017,0,0,LCCTotEnergy_AnnCO2
Alternative_B_10_29_19_RCP85_output_D+sd_A-sd_S=mean_BC1_NR120,All_region,Barren,All_own,MMT CO2-eq,2018,0,0,LCCTotEnergy_AnnCO2
Alternative_B_10_29_19_RCP85_output_D+sd_A-sd_S=mean_BC1_NR120,All_region,Barren,All_own,MMT CO2-eq,2019,0,0,LCCTotEnergy_AnnCO2
Alternative_B_10_29_19_RCP85_output_D+sd_A-sd_S=mean_BC1_NR120,All_region,Barren,All_own,MMT CO2-eq,2020,0,0,LCCTotEnergy_AnnCO2
Alternative_B_10_29_19_RCP85_output_D+sd_A-sd_S=mean_BC1_NR120,All_region,Barren,All_own,MMT CO2-eq,2021,0,0,LCCTotEnergy_AnnCO2
Alternative_B_10_29_19_RCP85_output_D+sd_A-sd_S=mean_BC1_NR120,All_region,Barren,All_own,MMT CO2-eq,2010,0,0,ManFire_AnnCH4eq
Alternative_B_10_29_19_RCP85_output_D+sd_A-sd_S=mean_BC1_NR120,All_region,Barren,All_own,MMT CO2-eq,2011,0,0,ManFire_AnnCH4eq
Alternative_B_10_29_19_RCP85_output_D+sd_A-sd_S=mean_BC1_NR120,All_region,Barren,All_own,MMT CO2-eq,2012,0,0,ManFire_AnnCH4eq
Alternative_B_10_29_19_RCP85_output_D+sd_A-sd_S=mean_BC1_NR120,All_region,Barren,All_own,MMT CO2-eq,2013,0,0,ManFire_AnnCH4eq
Alternative_B_10_29_19_RCP85_output_D+sd_A-sd_S=mean_BC1_NR120,All_region,Barren,All_own,MMT CO2-eq,2014,0,0,ManFire_AnnCH4eq
Alternative_B_10_29_19_RCP85_output_D+sd_A-sd_S=mean_BC1_NR120,All_region,Barren,All_own,MMT CO2-eq,2015,0,0,ManFire_AnnCH4eq
Alternative_B_10_29_19_RCP85_output_D+sd_A-sd_S=mean_BC1_NR120,All_region,Barren,All_own,MMT CO2-eq,2016,0,0,ManFire_AnnCH4eq
Alternative_B_10_29_19_RCP85_output_D+sd_A-sd_S=mean_BC1_NR120,All_region,Barren,All_own,MMT CO2-eq,2017,0,0,ManFire_AnnCH4eq
Alternative_B_10_29_19_RCP85_output_D+sd_A-sd_S=mean_BC1_NR120,All_region,Barren,All_own,MMT CO2-eq,2018,0,0,ManFire_AnnCH4eq
Alternative_B_10_29_19_RCP85_output_D+sd_A-sd_S=mean_BC1_NR120,All_region,Barren,All_own,MMT CO2-eq,2019,0,0,ManFire_AnnCH4eq
Alternative_B_10_29_19_RCP85_output_D+sd_A-sd_S=mean_BC1_NR120,All_region,Barren,All_own,MMT CO2-eq,2020,0,0,ManFire_AnnCH4eq
Alternative_B_10_29_19_RCP85_output_D+sd_A-sd_S=mean_BC1_NR120,All_region,Barren,All_own,MMT CO2-eq,2021,0,0,ManFire_AnnCH4eq
Alternative_B_10_29_19_RCP85_output_D+sd_A-sd_S=mean_BC1_NR120,All_region,Barren,All_own,MMT CO2-eq,2010,0,0,ManFire_AnnCO2
Alternative_B_10_29_19_RCP85_output_D+sd_A-sd_S=mean_BC1_NR120,All_region,Barren,All_own,MMT CO2-eq,2011,0,0,ManFire_AnnCO2
Alternative_B_10_29_19_RCP85_output_D+sd_A-sd_S=mean_BC1_NR120,All_region,Barren,All_own,MMT CO2-eq,2012,0,0,ManFire_AnnCO2
Alternative_B_10_29_19_RCP85_output_D+sd_A-sd_S=mean_BC1_NR120,All_region,Barren,All_own,MMT CO2-eq,2013,0,0,ManFire_AnnCO2
Alternative_B_10_29_19_RCP85_output_D+sd_A-sd_S=mean_BC1_NR120,All_region,Barren,All_own,MMT CO2-eq,2014,0,0,ManFire_AnnCO2
Alternative_B_10_29_19_RCP85_output_D+sd_A-sd_S=mean_BC1_NR120,All_region,Barren,All_own,MMT CO2-eq,2015,0,0,ManFire_AnnCO2
Alternative_B_10_29_19_RCP85_output_D+sd_A-sd_S=mean_BC1_NR120,All_region,Barren,All_own,MMT CO2-eq,2016,0,0,ManFire_AnnCO2
Alternative_B_10_29_19_RCP85_output_D+sd_A-sd_S=mean_BC1_NR120,All_region,Barren,All_own,MMT CO2-eq,2017,0,0,ManFire_AnnCO2
Alternative_B_10_29_19_RCP85_output_D+sd_A-sd_S=mean_BC1_NR120,All_region,Barren,All_own,MMT CO2-eq,2018,0,0,ManFire_AnnCO2
Alternative_B_10_29_19_RCP85_output_D+sd_A-sd_S=mean_BC1_NR120,All_region,Barren,All_own,MMT CO2-eq,2019,0,0,ManFire_AnnCO2
Alternative_B_10_29_19_RCP85_output_D+sd_A-sd_S=mean_BC1_NR120,All_region,Barren,All_own,MMT CO2-eq,2020,0,0,ManFire_AnnCO2
Alternative_B_10_29_19_RCP85_output_D+sd_A-sd_S=mean_BC1_NR120,All_region,Barren,All_own,MMT CO2-eq,2021,0,0,ManFire_AnnCO2
Alternative_B_10_29_19_RCP85_output_D+sd_A-sd_S=mean_BC1_NR120,All_region,Barren,All_own,MMT CO2-eq,2010,0,0,ManNonBurn_AnnCO2
Alternative_B_10_29_19_RCP85_output_D+sd_A-sd_S=mean_BC1_NR120,All_region,Barren,All_own,MMT CO2-eq,2011,0,0,ManNonBurn_AnnCO2
Alternative_B_10_29_19_RCP85_output_D+sd_A-sd_S=mean_BC1_NR120,All_region,Barren,All_own,MMT CO2-eq,2012,0,0,ManNonBurn_AnnCO2
Alternative_B_10_29_19_RCP85_output_D+sd_A-sd_S=mean_BC1_NR120,All_region,Barren,All_own,MMT CO2-eq,2013,0,0,ManNonBurn_AnnCO2
Alternative_B_10_29_19_RCP85_output_D+sd_A-sd_S=mean_BC1_NR120,All_region,Barren,All_own,MMT CO2-eq,2014,0,0,ManNonBurn_AnnCO2
Alternative_B_10_29_19_RCP85_output_D+sd_A-sd_S=mean_BC1_NR120,All_region,Barren,All_own,MMT CO2-eq,2015,0,0,ManNonBurn_AnnCO2
Alternative_B_10_29_19_RCP85_output_D+sd_A-sd_S=mean_BC1_NR120,All_region,Barren,All_own,MMT CO2-eq,2016,0,0,ManNonBurn_AnnCO2
Alternative_B_10_29_19_RCP85_output_D+sd_A-sd_S=mean_BC1_NR120,All_region,Barren,All_own,MMT CO2-eq,2017,0,0,ManNonBurn_AnnCO2
Alternative_B_10_29_19_RCP85_output_D+sd_A-sd_S=mean_BC1_NR120,All_region,Barren,All_own,MMT CO2-eq,2018,0,0,ManNonBurn_AnnCO2
Alternative_B_10_29_19_RCP85_output_D+sd_A-sd_S=mean_BC1_NR120,All_region,Barren,All_own,MMT CO2-eq,2019,0,0,ManNonBurn_AnnCO2
Alternative_B_10_29_19_RCP85_output_D+sd_A-sd_S=mean_BC1_NR120,All_region,Barren,All_own,MMT CO2-eq,2020,0,0,ManNonBurn_AnnCO2
Alternative_B_10_29_19_RCP85_output_D+sd_A-sd_S=mean_BC1_NR120,All_region,Barren,All_own,MMT CO2-eq,2021,0,0,ManNonBurn_AnnCO2
Alternative_B_10_29_19_RCP85_output_D+sd_A-sd_S=mean_BC1_NR120,All_region,Barren,All_own,MMT CO2-eq,2010,0,0,ManTotEnergy_AnnCH4eq
Alternative_B_10_29_19_RCP85_output_D+sd_A-sd_S=mean_BC1_NR120,All_region,Barren,All_own,MMT CO2-eq,2011,0,0,ManTotEnergy_AnnCH4eq
Alternative_B_10_29_19_RCP85_output_D+sd_A-sd_S=mean_BC1_NR120,All_region,Barren,All_own,MMT CO2-eq,2012,0,0,ManTotEnergy_AnnCH4eq
Alternative_B_10_29_19_RCP85_output_D+sd_A-sd_S=mean_BC1_NR120,All_region,Barren,All_own,MMT CO2-eq,2013,0,0,ManTotEnergy_AnnCH4eq
Alternative_B_10_29_19_RCP85_output_D+sd_A-sd_S=mean_BC1_NR120,All_region,Barren,All_own,MMT CO2-eq,2014,0,0,ManTotEnergy_AnnCH4eq
Alternative_B_10_29_19_RCP85_output_D+sd_A-sd_S=mean_BC1_NR120,All_region,Barren,All_own,MMT CO2-eq,2015,0,0,ManTotEnergy_AnnCH4eq
Alternative_B_10_29_19_RCP85_output_D+sd_A-sd_S=mean_BC1_NR120,All_region,Barren,All_own,MMT CO2-eq,2016,0,0,ManTotEnergy_AnnCH4eq
Alternative_B_10_29_19_RCP85_output_D+sd_A-sd_S=mean_BC1_NR120,All_region,Barren,All_own,MMT CO2-eq,2017,0,0,ManTotEnergy_AnnCH4eq
Alternative_B_10_29_19_RCP85_output_D+sd_A-sd_S=mean_BC1_NR120,All_region,Barren,All_own,MMT CO2-eq,2018,0,0,ManTotEnergy_AnnCH4eq
Alternative_B_10_29_19_RCP85_output_D+sd_A-sd_S=mean_BC1_NR120,All_region,Barren,All_own,MMT CO2-eq,2019,0,0,ManTotEnergy_AnnCH4eq
Alternative_B_10_29_19_RCP85_output_D+sd_A-sd_S=mean_BC1_NR120,All_region,Barren,All_own,MMT CO2-eq,2020,0,0,ManTotEnergy_AnnCH4eq
Alternative_B_10_29_19_RCP85_output_D+sd_A-sd_S=mean_BC1_NR120,All_region,Barren,All_own,MMT CO2-eq,2021,0,0,ManTotEnergy_AnnCH4eq
Alternative_B_10_29_19_RCP85_output_D+sd_A-sd_S=mean_BC1_NR120,All_region,Barren,All_own,MMT CO2-eq,2010,0,0,ManTotEnergy_AnnCO2
Alternative_B_10_29_19_RCP85_output_D+sd_A-sd_S=mean_BC1_NR120,All_region,Barren,All_own,MMT CO2-eq,2011,0,0,ManTotEnergy_AnnCO2
Alternative_B_10_29_19_RCP85_output_D+sd_A-sd_S=mean_BC1_NR120,All_region,Barren,All_own,MMT CO2-eq,2012,0,0,ManTotEnergy_AnnCO2
Alternative_B_10_29_19_RCP85_output_D+sd_A-sd_S=mean_BC1_NR120,All_region,Barren,All_own,MMT CO2-eq,2013,0,0,ManTotEnergy_AnnCO2
Alternative_B_10_29_19_RCP85_output_D+sd_A-sd_S=mean_BC1_NR120,All_region,Barren,All_own,MMT CO2-eq,2014,0,0,ManTotEnergy_AnnCO2
Alternative_B_10_29_19_RCP85_output_D+sd_A-sd_S=mean_BC1_NR120,All_region,Barren,All_own,MMT CO2-eq,2015,0,0,ManTotEnergy_AnnCO2
Alternative_B_10_29_19_RCP85_output_D+sd_A-sd_S=mean_BC1_NR120,All_region,Barren,All_own,MMT CO2-eq,2016,0,0,ManTotEnergy_AnnCO2
Alternative_B_10_29_19_RCP85_output_D+sd_A-sd_S=mean_BC1_NR120,All_region,Barren,All_own,MMT CO2-eq,2017,0,0,ManTotEnergy_AnnCO2
Alternative_B_10_29_19_RCP85_output_D+sd_A-sd_S=mean_BC1_NR120,All_region,Barren,All_own,MMT CO2-eq,2018,0,0,ManTotEnergy_AnnCO2
Alternative_B_10_29_19_RCP85_output_D+sd_A-sd_S=mean_BC1_NR120,All_region,Barren,All_own,MMT CO2-eq,2019,0,0,ManTotEnergy_AnnCO2
Alternative_B_10_29_19_RCP85_output_D+sd_A-sd_S=mean_BC1_NR120,All_region,Barren,All_own,MMT CO2-eq,2020,0,0,ManTotEnergy_AnnCO2
Alternative_B_10_29_19_RCP85_output_D+sd_A-sd_S=mean_BC1_NR120,All_region,Barren,All_own,MMT CO2-eq,2021,0,0,ManTotEnergy_AnnCO2
Alternative_B_10_29_19_RCP85_output_D+sd_A-sd_S=mean_BC1_NR120,All_region,Barren,All_own,MMT CO2-eq,2010,0,0,Wildfire_AnnCH4eq
Alternative_B_10_29_19_RCP85_output_D+sd_A-sd_S=mean_BC1_NR120,All_region,Barren,All_own,MMT CO2-eq,2011,0,0,Wildfire_AnnCH4eq
Alternative_B_10_29_19_RCP85_output_D+sd_A-sd_S=mean_BC1_NR120,All_region,Barren,All_own,MMT CO2-eq,2012,0,0,Wildfire_AnnCH4eq
Alternative_B_10_29_19_RCP85_output_D+sd_A-sd_S=mean_BC1_NR120,All_region,Barren,All_own,MMT CO2-eq,2013,0,0,Wildfire_AnnCH4eq
Alternative_B_10_29_19_RCP85_output_D+sd_A-sd_S=mean_BC1_NR120,All_region,Barren,All_own,MMT CO2-eq,2014,0,0,Wildfire_AnnCH4eq
Alternative_B_10_29_19_RCP85_output_D+sd_A-sd_S=mean_BC1_NR120,All_region,Barren,All_own,MMT CO2-eq,2015,0,0,Wildfire_AnnCH4eq
Alternative_B_10_29_19_RCP85_output_D+sd_A-sd_S=mean_BC1_NR120,All_region,Barren,All_own,MMT CO2-eq,2016,0,0,Wildfire_AnnCH4eq
Alternative_B_10_29_19_RCP85_output_D+sd_A-sd_S=mean_BC1_NR120,All_region,Barren,All_own,MMT CO2-eq,2017,0,0,Wildfire_AnnCH4eq
Alternative_B_10_29_19_RCP85_output_D+sd_A-sd_S=mean_BC1_NR120,All_region,Barren,All_own,MMT CO2-eq,2018,0,0,Wildfire_AnnCH4eq
Alternative_B_10_29_19_RCP85_output_D+sd_A-sd_S=mean_BC1_NR120,All_region,Barren,All_own,MMT CO2-eq,2019,0,0,Wildfire_AnnCH4eq
Alternative_B_10_29_19_RCP85_output_D+sd_A-sd_S=mean_BC1_NR120,All_region,Barren,All_own,MMT CO2-eq,2020,0,0,Wildfire_AnnCH4eq
Alternative_B_10_29_19_RCP85_output_D+sd_A-sd_S=mean_BC1_NR120,All_region,Barren,All_own,MMT CO2-eq,2021,0,0,Wildfire_AnnCH4eq
Alternative_B_10_29_19_RCP85_output_D+sd_A-sd_S=mean_BC1_NR120,All_region,Barren,All_own,MMT CO2-eq,2010,0,0,Wildfire_AnnCO2
Alternative_B_10_29_19_RCP85_output_D+sd_A-sd_S=mean_BC1_NR120,All_region,Barren,All_own,MMT CO2-eq,2011,0,0,Wildfire_AnnCO2
Alternative_B_10_29_19_RCP85_output_D+sd_A-sd_S=mean_BC1_NR120,All_region,Barren,All_own,MMT CO2-eq,2012,0,0,Wildfire_AnnCO2
Alternative_B_10_29_19_RCP85_output_D+sd_A-sd_S=mean_BC1_NR120,All_region,Barren,All_own,MMT CO2-eq,2013,0,0,Wildfire_AnnCO2
Alternative_B_10_29_19_RCP85_output_D+sd_A-sd_S=mean_BC1_NR120,All_region,Barren,All_own,MMT CO2-eq,2014,0,0,Wildfire_AnnCO2
Alternative_B_10_29_19_RCP85_output_D+sd_A-sd_S=mean_BC1_NR120,All_region,Barren,All_own,MMT CO2-eq,2015,0,0,Wildfire_AnnCO2
Alternative_B_10_29_19_RCP85_output_D+sd_A-sd_S=mean_BC1_NR120,All_region,Barren,All_own,MMT CO2-eq,2016,0,0,Wildfire_AnnCO2
Alternative_B_10_29_19_RCP85_output_D+sd_A-sd_S=mean_BC1_NR120,All_region,Barren,All_own,MMT CO2-eq,2017,0,0,Wildfire_AnnCO2
Alternative_B_10_29_19_RCP85_output_D+sd_A-sd_S=mean_BC1_NR120,All_region,Barren,All_own,MMT CO2-eq,2018,0,0,Wildfire_AnnCO2
Alternative_B_10_29_19_RCP85_output_D+sd_A-sd_S=mean_BC1_NR120,All_region,Barren,All_own,MMT CO2-eq,2019,0,0,Wildfire_AnnCO2
Alternative_B_10_29_19_RCP85_output_D+sd_A-sd_S=mean_BC1_NR120,All_region,Barren,All_own,MMT CO2-eq,2020,0,0,Wildfire_AnnCO2
Alternative_B_10_29_19_RCP85_output_D+sd_A-sd_S=mean_BC1_NR120,All_region,Barren,All_own,MMT CO2-eq,2021,0,0,Wildfire_AnnCO2
Alternative_B_10_29_19_RCP85_output_D+sd_A-sd_S=mean_BC1_NR120,All_region,Barren,All_own,MMT CO2-eq,2010,0,0,Wood_AnnCH4eq
Alternative_B_10_29_19_RCP85_output_D+sd_A-sd_S=mean_BC1_NR120,All_region,Barren,All_own,MMT CO2-eq,2011,0,0,Wood_AnnCH4eq
Alternative_B_10_29_19_RCP85_output_D+sd_A-sd_S=mean_BC1_NR120,All_region,Barren,All_own,MMT CO2-eq,2012,0,0,Wood_AnnCH4eq
Alternative_B_10_29_19_RCP85_output_D+sd_A-sd_S=mean_BC1_NR120,All_region,Barren,All_own,MMT CO2-eq,2013,0,0,Wood_AnnCH4eq
Alternative_B_10_29_19_RCP85_output_D+sd_A-sd_S=mean_BC1_NR120,All_region,Barren,All_own,MMT CO2-eq,2014,0,0,Wood_AnnCH4eq
Alternative_B_10_29_19_RCP85_output_D+sd_A-sd_S=mean_BC1_NR120,All_region,Barren,All_own,MMT CO2-eq,2015,0,0,Wood_AnnCH4eq
Alternative_B_10_29_19_RCP85_output_D+sd_A-sd_S=mean_BC1_NR120,All_region,Barren,All_own,MMT CO2-eq,2016,0,0,Wood_AnnCH4eq
Alternative_B_10_29_19_RCP85_output_D+sd_A-sd_S=mean_BC1_NR120,All_region,Barren,All_own,MMT CO2-eq,2017,0,0,Wood_AnnCH4eq
Alternative_B_10_29_19_RCP85_output_D+sd_A-sd_S=mean_BC1_NR120,All_region,Barren,All_own,MMT CO2-eq,2018,0,0,Wood_AnnCH4eq
Alternative_B_10_29_19_RCP85_output_D+sd_A-sd_S=mean_BC1_NR120,All_region,Barren,All_own,MMT CO2-eq,2019,0,0,Wood_AnnCH4eq
Alternative_B_10_29_19_RCP85_output_D+sd_A-sd_S=mean_BC1_NR120,All_region,Barren,All_own,MMT CO2-eq,2020,0,0,Wood_AnnCH4eq
Alternative_B_10_29_19_RCP85_output_D+sd_A-sd_S=mean_BC1_NR120,All_region,Barren,All_own,MMT CO2-eq,2021,0,0,Wood_AnnCH4eq
Alternative_B_10_29_19_RCP85_output_D+sd_A-sd_S=mean_BC1_NR120,All_region,Barren,All_own,MMT CO2-eq,2010,0,0,Wood_AnnCO2
Alternative_B_10_29_19_RCP85_output_D+sd_A-sd_S=mean_BC1_NR120,All_region,Barren,All_own,MMT CO2-eq,2011,0,0,Wood_AnnCO2
Alternative_B_10_29_19_RCP85_output_D+sd_A-sd_S=mean_BC1_NR120,All_region,Barren,All_own,MMT CO2-eq,2012,0,0,Wood_AnnCO2
Alternative_B_10_29_19_RCP85_output_D+sd_A-sd_S=mean_BC1_NR120,All_region,Barren,All_own,MMT CO2-eq,2013,0,0,Wood_AnnCO2
Alternative_B_10_29_19_RCP85_output_D+sd_A-sd_S=mean_BC1_NR120,All_region,Barren,All_own,MMT CO2-eq,2014,0,0,Wood_AnnCO2
Alternative_B_10_29_19_RCP85_output_D+sd_A-sd_S=mean_BC1_NR120,All_region,Barren,All_own,MMT CO2-eq,2015,0,0,Wood_AnnCO2
Alternative_B_10_29_19_RCP85_output_D+sd_A-sd_S=mean_BC1_NR120,All_region,Barren,All_own,MMT CO2-eq,2016,0,0,Wood_AnnCO2
Alternative_B_10_29_19_RCP85_output_D+sd_A-sd_S=mean_BC1_NR120,All_region,Barren,All_own,MMT CO2-eq,2017,0,0,Wood_AnnCO2
Alternative_B_10_29_19_RCP85_output_D+sd_A-sd_S=mean_BC1_NR120,All_region,Barren,All_own,MMT CO2-eq,2018,0,0,Wood_AnnCO2
Alternative_B_10_29_19_RCP85_output_D+sd_A-sd_S=mean_BC1_NR120,All_region,Barren,All_own,MMT CO2-eq,2019,0,0,Wood_AnnCO2
Alternative_B_10_29_19_RCP85_output_D+sd_A-sd_S=mean_BC1_NR120,All_region,Barren,All_own,MMT CO2-eq,2020,0,0,Wood_AnnCO2
Alternative_B_10_29_19_RCP85_output_D+sd_A-sd_S=mean_BC1_NR120,All_region,Barren,All_own,MMT CO2-eq,2021,0,0,Wood_AnnCO2
