Scenario,Region,Land_Type,Ownership,Units,Year,Value
Baseline_10_29_19_RCP85_output_D+sd_A-sd_S=mean_BC1_NR120,All_region,Barren,All_own,MMT CO2-eq,2010,0.04702202
Baseline_10_29_19_RCP85_output_D+sd_A-sd_S=mean_BC1_NR120,All_region,Barren,All_own,MMT CO2-eq,2011,0.04702202
Baseline_10_29_19_RCP85_output_D+sd_A-sd_S=mean_BC1_NR120,All_region,Barren,All_own,MMT CO2-eq,2012,0.04702202
Baseline_10_29_19_RCP85_output_D+sd_A-sd_S=mean_BC1_NR120,All_region,Barren,All_own,MMT CO2-eq,2013,0.04702202
Baseline_10_29_19_RCP85_output_D+sd_A-sd_S=mean_BC1_NR120,All_region,Barren,All_own,MMT CO2-eq,2014,0.04702202
Baseline_10_29_19_RCP85_output_D+sd_A-sd_S=mean_BC1_NR120,All_region,Barren,All_own,MMT CO2-eq,2015,0.04702202
Baseline_10_29_19_RCP85_output_D+sd_A-sd_S=mean_BC1_NR120,All_region,Barren,All_own,MMT CO2-eq,2016,0.04702202
Baseline_10_29_19_RCP85_output_D+sd_A-sd_S=mean_BC1_NR120,All_region,Barren,All_own,MMT CO2-eq,2017,0.04702202
Baseline_10_29_19_RCP85_output_D+sd_A-sd_S=mean_BC1_NR120,All_region,Barren,All_own,MMT CO2-eq,2018,0.04702202
Baseline_10_29_19_RCP85_output_D+sd_A-sd_S=mean_BC1_NR120,All_region,Barren,All_own,MMT CO2-eq,2019,0.04702202
Baseline_10_29_19_RCP85_output_D+sd_A-sd_S=mean_BC1_NR120,All_region,Barren,All_own,MMT CO2-eq,2020,0.04702202
Baseline_10_29_19_RCP85_output_D+sd_A-sd_S=mean_BC1_NR120,All_region,Barren,All_own,MMT CO2-eq,2021,0.04702202
Alternative_B_10_29_19_RCP85_output_D+sd_A-sd_S=mean_BC1_NR120,All_region,Barren,All_own,MMT CO2-eq,2010,0.04702202
Alternative_B_10_29_19_RCP85_output_D+sd_A-sd_S=mean_BC1_NR120,All_region,Barren,All_own,MMT CO2-eq,2011,0.04397236
Alternative_B_10_29_19_RCP85_output_D+sd_A-sd_S=mean_BC1_NR120,All_region,Barren,All_own,MMT CO2-eq,2012,0.04092462
Alternative_B_10_29_19_RCP85_output_D+sd_A-sd_S=mean_BC1_NR120,All_region,Barren,All_own,MMT CO2-eq,2013,0.03787792
Alternative_B_10_29_19_RCP85_output_D+sd_A-sd_S=mean_BC1_NR120,All_region,Barren,All_own,MMT CO2-eq,2014,0.03483325
Alternative_B_10_29_19_RCP85_output_D+sd_A-sd_S=mean_BC1_NR120,All_region,Barren,All_own,MMT CO2-eq,2015,0.03178819
Alternative_B_10_29_19_RCP85_output_D+sd_A-sd_S=mean_BC1_NR120,All_region,Barren,All_own,MMT CO2-eq,2016,0.02873865
Alternative_B_10_29_19_RCP85_output_D+sd_A-sd_S=mean_BC1_NR120,All_region,Barren,All_own,MMT CO2-eq,2017,0.02568543
Alternative_B_10_29_19_RCP85_output_D+sd_A-sd_S=mean_BC1_NR120,All_region,Barren,All_own,MMT CO2-eq,2018,0.0226331
Alternative_B_10_29_19_RCP85_output_D+sd_A-sd_S=mean_BC1_NR120,All_region,Barren,All_own,MMT CO2-eq,2019,0.01958309
Alternative_B_10_29_19_RCP85_output_D+sd_A-sd_S=mean_BC1_NR120,All_region,Barren,All_own,MMT CO2-eq,2020,0.0165386
Alternative_B_10_29_19_RCP85_output_D+sd_A-sd_S=mean_BC1_NR120,All_region,Barren,All_own,MMT CO2-eq,2021,0.01366686
