Scenario,Land_Type,Units,Year,Value
Baseline,Barren,MMT C,2010,-0.01283271
Baseline,Barren,MMT C,2011,-0.01283271
Baseline,Barren,MMT C,2012,-0.01283271
Baseline,Barren,MMT C,2013,-0.01283271
Baseline,Barren,MMT C,2014,-0.01283271
Baseline,Barren,MMT C,2015,-0.01283271
Baseline,Barren,MMT C,2016,-0.01283271
Baseline,Barren,MMT C,2017,-0.01283271
Baseline,Barren,MMT C,2018,-0.01283271
Baseline,Barren,MMT C,2019,-0.01283271
Baseline,Barren,MMT C,2020,-0.01283271
Baseline,Barren,MMT C,2021,-0.01283271
Alternative,Barren,MMT C,2010,-0.01283271
Alternative,Barren,MMT C,2011,-0.01200043
Alternative,Barren,MMT C,2012,-0.01116867
Alternative,Barren,MMT C,2013,-0.0103372
Alternative,Barren,MMT C,2014,-0.00950629
Alternative,Barren,MMT C,2015,-0.00867527
Alternative,Barren,MMT C,2016,-0.00784302
Alternative,Barren,MMT C,2017,-0.00700977
Alternative,Barren,MMT C,2018,-0.00617676
Alternative,Barren,MMT C,2019,-0.00534439
Alternative,Barren,MMT C,2020,-0.00451352
Alternative,Barren,MMT C,2021,-0.0037298
