Scenario,Region,Land_Type,Ownership,Units,Year,Value,Diff,Component
Alternative_B_10_29_19_RCP85_output_D+sd_A-sd_S=mean_BC1_NR120,All_region,Barren,All_own,MMT CO2-eq,2010,0,0,Eco_CumCH4eq
Alternative_B_10_29_19_RCP85_output_D+sd_A-sd_S=mean_BC1_NR120,All_region,Barren,All_own,MMT CO2-eq,2011,0,0,Eco_CumCH4eq
Alternative_B_10_29_19_RCP85_output_D+sd_A-sd_S=mean_BC1_NR120,All_region,Barren,All_own,MMT CO2-eq,2012,0,0,Eco_CumCH4eq
Alternative_B_10_29_19_RCP85_output_D+sd_A-sd_S=mean_BC1_NR120,All_region,Barren,All_own,MMT CO2-eq,2013,0,0,Eco_CumCH4eq
Alternative_B_10_29_19_RCP85_output_D+sd_A-sd_S=mean_BC1_NR120,All_region,Barren,All_own,MMT CO2-eq,2014,0,0,Eco_CumCH4eq
Alternative_B_10_29_19_RCP85_output_D+sd_A-sd_S=mean_BC1_NR120,All_region,Barren,All_own,MMT CO2-eq,2015,0,0,Eco_CumCH4eq
Alternative_B_10_29_19_RCP85_output_D+sd_A-sd_S=mean_BC1_NR120,All_region,Barren,All_own,MMT CO2-eq,2016,0,0,Eco_CumCH4eq
Alternative_B_10_29_19_RCP85_output_D+sd_A-sd_S=mean_BC1_NR120,All_region,Barren,All_own,MMT CO2-eq,2017,0,0,Eco_CumCH4eq
Alternative_B_10_29_19_RCP85_output_D+sd_A-sd_S=mean_BC1_NR120,All_region,Barren,All_own,MMT CO2-eq,2018,0,0,Eco_CumCH4eq
Alternative_B_10_29_19_RCP85_output_D+sd_A-sd_S=mean_BC1_NR120,All_region,Barren,All_own,MMT CO2-eq,2019,0,0,Eco_CumCH4eq
Alternative_B_10_29_19_RCP85_output_D+sd_A-sd_S=mean_BC1_NR120,All_region,Barren,All_own,MMT CO2-eq,2020,0,0,Eco_CumCH4eq
Alternative_B_10_29_19_RCP85_output_D+sd_A-sd_S=mean_BC1_NR120,All_region,Barren,All_own,MMT CO2-eq,2021,0,0,Eco_CumCH4eq
Alternative_B_10_29_19_RCP85_output_D+sd_A-sd_S=mean_BC1_NR120,All_region,Barren,All_own,MMT CO2-eq,2022,0,0,Eco_CumCH4eq
Alternative_B_10_29_19_RCP85_output_D+sd_A-sd_S=mean_BC1_NR120,All_region,Barren,All_own,MMT CO2-eq,2010,0,0,Eco_CumCO2
Alternative_B_10_29_19_RCP85_output_D+sd_A-sd_S=mean_BC1_NR120,All_region,Barren,All_own,MMT CO2-eq,2011,0,0,Eco_CumCO2
Alternative_B_10_29_19_RCP85_output_D+sd_A-sd_S=mean_BC1_NR120,All_region,Barren,All_own,MMT CO2-eq,2012,0,0,Eco_CumCO2
Alternative_B_10_29_19_RCP85_output_D+sd_A-sd_S=mean_BC1_NR120,All_region,Barren,All_own,MMT CO2-eq,2013,0,0,Eco_CumCO2
Alternative_B_10_29_19_RCP85_output_D+sd_A-sd_S=mean_BC1_NR120,All_region,Barren,All_own,MMT CO2-eq,2014,0,0,Eco_CumCO2
Alternative_B_10_29_19_RCP85_output_D+sd_A-sd_S=mean_BC1_NR120,All_region,Barren,All_own,MMT CO2-eq,2015,0,0,Eco_CumCO2
Alternative_B_10_29_19_RCP85_output_D+sd_A-sd_S=mean_BC1_NR120,All_region,Barren,All_own,MMT CO2-eq,2016,0,0,Eco_CumCO2
Alternative_B_10_29_19_RCP85_output_D+sd_A-sd_S=mean_BC1_NR120,All_region,Barren,All_own,MMT CO2-eq,2017,0,0,Eco_CumCO2
Alternative_B_10_29_19_RCP85_output_D+sd_A-sd_S=mean_BC1_NR120,All_region,Barren,All_own,MMT CO2-eq,2018,0,0,Eco_CumCO2
Alternative_B_10_29_19_RCP85_output_D+sd_A-sd_S=mean_BC1_NR120,All_region,Barren,All_own,MMT CO2-eq,2019,0,0,Eco_CumCO2
Alternative_B_10_29_19_RCP85_output_D+sd_A-sd_S=mean_BC1_NR120,All_region,Barren,All_own,MMT CO2-eq,2020,0,0,Eco_CumCO2
Alternative_B_10_29_19_RCP85_output_D+sd_A-sd_S=mean_BC1_NR120,All_region,Barren,All_own,MMT CO2-eq,2021,0,0,Eco_CumCO2
Alternative_B_10_29_19_RCP85_output_D+sd_A-sd_S=mean_BC1_NR120,All_region,Barren,All_own,MMT CO2-eq,2022,0,0,Eco_CumCO2
Alternative_B_10_29_19_RCP85_output_D+sd_A-sd_S=mean_BC1_NR120,All_region,Barren,All_own,MMT CO2-eq,2010,0,0,LCCFire_CumCH4eq
Alternative_B_10_29_19_RCP85_output_D+sd_A-sd_S=mean_BC1_NR120,All_region,Barren,All_own,MMT CO2-eq,2011,0,0,LCCFire_CumCH4eq
Alternative_B_10_29_19_RCP85_output_D+sd_A-sd_S=mean_BC1_NR120,All_region,Barren,All_own,MMT CO2-eq,2012,0,0,LCCFire_CumCH4eq
Alternative_B_10_29_19_RCP85_output_D+sd_A-sd_S=mean_BC1_NR120,All_region,Barren,All_own,MMT CO2-eq,2013,0,0,LCCFire_CumCH4eq
Alternative_B_10_29_19_RCP85_output_D+sd_A-sd_S=mean_BC1_NR120,All_region,Barren,All_own,MMT CO2-eq,2014,0,0,LCCFire_CumCH4eq
Alternative_B_10_29_19_RCP85_output_D+sd_A-sd_S=mean_BC1_NR120,All_region,Barren,All_own,MMT CO2-eq,2015,0,0,LCCFire_CumCH4eq
Alternative_B_10_29_19_RCP85_output_D+sd_A-sd_S=mean_BC1_NR120,All_region,Barren,All_own,MMT CO2-eq,2016,0,0,LCCFire_CumCH4eq
Alternative_B_10_29_19_RCP85_output_D+sd_A-sd_S=mean_BC1_NR120,All_region,Barren,All_own,MMT CO2-eq,2017,0,0,LCCFire_CumCH4eq
Alternative_B_10_29_19_RCP85_output_D+sd_A-sd_S=mean_BC1_NR120,All_region,Barren,All_own,MMT CO2-eq,2018,0,0,LCCFire_CumCH4eq
Alternative_B_10_29_19_RCP85_output_D+sd_A-sd_S=mean_BC1_NR120,All_region,Barren,All_own,MMT CO2-eq,2019,0,0,LCCFire_CumCH4eq
Alternative_B_10_29_19_RCP85_output_D+sd_A-sd_S=mean_BC1_NR120,All_region,Barren,All_own,MMT CO2-eq,2020,0,0,LCCFire_CumCH4eq
Alternative_B_10_29_19_RCP85_output_D+sd_A-sd_S=mean_BC1_NR120,All_region,Barren,All_own,MMT CO2-eq,2021,0,0,LCCFire_CumCH4eq
Alternative_B_10_29_19_RCP85_output_D+sd_A-sd_S=mean_BC1_NR120,All_region,Barren,All_own,MMT CO2-eq,2022,0,0,LCCFire_CumCH4eq
Alternative_B_10_29_19_RCP85_output_D+sd_A-sd_S=mean_BC1_NR120,All_region,Barren,All_own,MMT CO2-eq,2010,0,0,LCCFire_CumCO2
Alternative_B_10_29_19_RCP85_output_D+sd_A-sd_S=mean_BC1_NR120,All_region,Barren,All_own,MMT CO2-eq,2011,0,0,LCCFire_CumCO2
Alternative_B_10_29_19_RCP85_output_D+sd_A-sd_S=mean_BC1_NR120,All_region,Barren,All_own,MMT CO2-eq,2012,0,0,LCCFire_CumCO2
Alternative_B_10_29_19_RCP85_output_D+sd_A-sd_S=mean_BC1_NR120,All_region,Barren,All_own,MMT CO2-eq,2013,0,0,LCCFire_CumCO2
Alternative_B_10_29_19_RCP85_output_D+sd_A-sd_S=mean_BC1_NR120,All_region,Barren,All_own,MMT CO2-eq,2014,0,0,LCCFire_CumCO2
Alternative_B_10_29_19_RCP85_output_D+sd_A-sd_S=mean_BC1_NR120,All_region,Barren,All_own,MMT CO2-eq,2015,0,0,LCCFire_CumCO2
Alternative_B_10_29_19_RCP85_output_D+sd_A-sd_S=mean_BC1_NR120,All_region,Barren,All_own,MMT CO2-eq,2016,0,0,LCCFire_CumCO2
Alternative_B_10_29_19_RCP85_output_D+sd_A-sd_S=mean_BC1_NR120,All_region,Barren,All_own,MMT CO2-eq,2017,0,0,LCCFire_CumCO2
Alternative_B_10_29_19_RCP85_output_D+sd_A-sd_S=mean_BC1_NR120,All_region,Barren,All_own,MMT CO2-eq,2018,0,0,LCCFire_CumCO2
Alternative_B_10_29_19_RCP85_output_D+sd_A-sd_S=mean_BC1_NR120,All_region,Barren,All_own,MMT CO2-eq,2019,0,0,LCCFire_CumCO2
Alternative_B_10_29_19_RCP85_output_D+sd_A-sd_S=mean_BC1_NR120,All_region,Barren,All_own,MMT CO2-eq,2020,0,0,LCCFire_CumCO2
Alternative_B_10_29_19_RCP85_output_D+sd_A-sd_S=mean_BC1_NR120,All_region,Barren,All_own,MMT CO2-eq,2021,0,0,LCCFire_CumCO2
Alternative_B_10_29_19_RCP85_output_D+sd_A-sd_S=mean_BC1_NR120,All_region,Barren,All_own,MMT CO2-eq,2022,0,0,LCCFire_CumCO2
Alternative_B_10_29_19_RCP85_output_D+sd_A-sd_S=mean_BC1_NR120,All_region,Barren,All_own,MMT CO2-eq,2010,0,0,LCCNonBurn_CumCO2
Alternative_B_10_29_19_RCP85_output_D+sd_A-sd_S=mean_BC1_NR120,All_region,Barren,All_own,MMT CO2-eq,2011,0.04702202,0,LCCNonBurn_CumCO2
Alternative_B_10_29_19_RCP85_output_D+sd_A-sd_S=mean_BC1_NR120,All_region,Barren,All_own,MMT CO2-eq,2012,0.09099438,-0.00304967,LCCNonBurn_CumCO2
Alternative_B_10_29_19_RCP85_output_D+sd_A-sd_S=mean_BC1_NR120,All_region,Barren,All_own,MMT CO2-eq,2013,0.13191901,-0.00914705999999998,LCCNonBurn_CumCO2
Alternative_B_10_29_19_RCP85_output_D+sd_A-sd_S=mean_BC1_NR120,All_region,Barren,All_own,MMT CO2-eq,2014,0.16979693,-0.01829117,LCCNonBurn_CumCO2
Alternative_B_10_29_19_RCP85_output_D+sd_A-sd_S=mean_BC1_NR120,All_region,Barren,All_own,MMT CO2-eq,2015,0.20463018,-0.03047994,LCCNonBurn_CumCO2
Alternative_B_10_29_19_RCP85_output_D+sd_A-sd_S=mean_BC1_NR120,All_region,Barren,All_own,MMT CO2-eq,2016,0.23641838,-0.04571377,LCCNonBurn_CumCO2
Alternative_B_10_29_19_RCP85_output_D+sd_A-sd_S=mean_BC1_NR120,All_region,Barren,All_own,MMT CO2-eq,2017,0.26515702,-0.0639971499999999,LCCNonBurn_CumCO2
Alternative_B_10_29_19_RCP85_output_D+sd_A-sd_S=mean_BC1_NR120,All_region,Barren,All_own,MMT CO2-eq,2018,0.29084245,-0.08533375,LCCNonBurn_CumCO2
Alternative_B_10_29_19_RCP85_output_D+sd_A-sd_S=mean_BC1_NR120,All_region,Barren,All_own,MMT CO2-eq,2019,0.31347555,-0.10972267,LCCNonBurn_CumCO2
Alternative_B_10_29_19_RCP85_output_D+sd_A-sd_S=mean_BC1_NR120,All_region,Barren,All_own,MMT CO2-eq,2020,0.33305864,-0.13716161,LCCNonBurn_CumCO2
Alternative_B_10_29_19_RCP85_output_D+sd_A-sd_S=mean_BC1_NR120,All_region,Barren,All_own,MMT CO2-eq,2021,0.34959724,-0.16764503,LCCNonBurn_CumCO2
Alternative_B_10_29_19_RCP85_output_D+sd_A-sd_S=mean_BC1_NR120,All_region,Barren,All_own,MMT CO2-eq,2022,0.36326411,-0.20100019,LCCNonBurn_CumCO2
Alternative_B_10_29_19_RCP85_output_D+sd_A-sd_S=mean_BC1_NR120,All_region,Barren,All_own,MMT CO2-eq,2010,0,0,LCCTotEnergy_CumCH4eq
Alternative_B_10_29_19_RCP85_output_D+sd_A-sd_S=mean_BC1_NR120,All_region,Barren,All_own,MMT CO2-eq,2011,0,0,LCCTotEnergy_CumCH4eq
Alternative_B_10_29_19_RCP85_output_D+sd_A-sd_S=mean_BC1_NR120,All_region,Barren,All_own,MMT CO2-eq,2012,0,0,LCCTotEnergy_CumCH4eq
Alternative_B_10_29_19_RCP85_output_D+sd_A-sd_S=mean_BC1_NR120,All_region,Barren,All_own,MMT CO2-eq,2013,0,0,LCCTotEnergy_CumCH4eq
Alternative_B_10_29_19_RCP85_output_D+sd_A-sd_S=mean_BC1_NR120,All_region,Barren,All_own,MMT CO2-eq,2014,0,0,LCCTotEnergy_CumCH4eq
Alternative_B_10_29_19_RCP85_output_D+sd_A-sd_S=mean_BC1_NR120,All_region,Barren,All_own,MMT CO2-eq,2015,0,0,LCCTotEnergy_CumCH4eq
Alternative_B_10_29_19_RCP85_output_D+sd_A-sd_S=mean_BC1_NR120,All_region,Barren,All_own,MMT CO2-eq,2016,0,0,LCCTotEnergy_CumCH4eq
Alternative_B_10_29_19_RCP85_output_D+sd_A-sd_S=mean_BC1_NR120,All_region,Barren,All_own,MMT CO2-eq,2017,0,0,LCCTotEnergy_CumCH4eq
Alternative_B_10_29_19_RCP85_output_D+sd_A-sd_S=mean_BC1_NR120,All_region,Barren,All_own,MMT CO2-eq,2018,0,0,LCCTotEnergy_CumCH4eq
Alternative_B_10_29_19_RCP85_output_D+sd_A-sd_S=mean_BC1_NR120,All_region,Barren,All_own,MMT CO2-eq,2019,0,0,LCCTotEnergy_CumCH4eq
Alternative_B_10_29_19_RCP85_output_D+sd_A-sd_S=mean_BC1_NR120,All_region,Barren,All_own,MMT CO2-eq,2020,0,0,LCCTotEnergy_CumCH4eq
Alternative_B_10_29_19_RCP85_output_D+sd_A-sd_S=mean_BC1_NR120,All_region,Barren,All_own,MMT CO2-eq,2021,0,0,LCCTotEnergy_CumCH4eq
Alternative_B_10_29_19_RCP85_output_D+sd_A-sd_S=mean_BC1_NR120,All_region,Barren,All_own,MMT CO2-eq,2022,0,0,LCCTotEnergy_CumCH4eq
Alternative_B_10_29_19_RCP85_output_D+sd_A-sd_S=mean_BC1_NR120,All_region,Barren,All_own,MMT CO2-eq,2010,0,0,LCCTotEnergy_CumCO2
Alternative_B_10_29_19_RCP85_output_D+sd_A-sd_S=mean_BC1_NR120,All_region,Barren,All_own,MMT CO2-eq,2011,0,0,LCCTotEnergy_CumCO2
Alternative_B_10_29_19_RCP85_output_D+sd_A-sd_S=mean_BC1_NR120,All_region,Barren,All_own,MMT CO2-eq,2012,0,0,LCCTotEnergy_CumCO2
Alternative_B_10_29_19_RCP85_output_D+sd_A-sd_S=mean_BC1_NR120,All_region,Barren,All_own,MMT CO2-eq,2013,0,0,LCCTotEnergy_CumCO2
Alternative_B_10_29_19_RCP85_output_D+sd_A-sd_S=mean_BC1_NR120,All_region,Barren,All_own,MMT CO2-eq,2014,0,0,LCCTotEnergy_CumCO2
Alternative_B_10_29_19_RCP85_output_D+sd_A-sd_S=mean_BC1_NR120,All_region,Barren,All_own,MMT CO2-eq,2015,0,0,LCCTotEnergy_CumCO2
Alternative_B_10_29_19_RCP85_output_D+sd_A-sd_S=mean_BC1_NR120,All_region,Barren,All_own,MMT CO2-eq,2016,0,0,LCCTotEnergy_CumCO2
Alternative_B_10_29_19_RCP85_output_D+sd_A-sd_S=mean_BC1_NR120,All_region,Barren,All_own,MMT CO2-eq,2017,0,0,LCCTotEnergy_CumCO2
Alternative_B_10_29_19_RCP85_output_D+sd_A-sd_S=mean_BC1_NR120,All_region,Barren,All_own,MMT CO2-eq,2018,0,0,LCCTotEnergy_CumCO2
Alternative_B_10_29_19_RCP85_output_D+sd_A-sd_S=mean_BC1_NR120,All_region,Barren,All_own,MMT CO2-eq,2019,0,0,LCCTotEnergy_CumCO2
Alternative_B_10_29_19_RCP85_output_D+sd_A-sd_S=mean_BC1_NR120,All_region,Barren,All_own,MMT CO2-eq,2020,0,0,LCCTotEnergy_CumCO2
Alternative_B_10_29_19_RCP85_output_D+sd_A-sd_S=mean_BC1_NR120,All_region,Barren,All_own,MMT CO2-eq,2021,0,0,LCCTotEnergy_CumCO2
Alternative_B_10_29_19_RCP85_output_D+sd_A-sd_S=mean_BC1_NR120,All_region,Barren,All_own,MMT CO2-eq,2022,0,0,LCCTotEnergy_CumCO2
Alternative_B_10_29_19_RCP85_output_D+sd_A-sd_S=mean_BC1_NR120,All_region,Barren,All_own,MMT CO2-eq,2010,0,0,ManFire_CumCH4eq
Alternative_B_10_29_19_RCP85_output_D+sd_A-sd_S=mean_BC1_NR120,All_region,Barren,All_own,MMT CO2-eq,2011,0,0,ManFire_CumCH4eq
Alternative_B_10_29_19_RCP85_output_D+sd_A-sd_S=mean_BC1_NR120,All_region,Barren,All_own,MMT CO2-eq,2012,0,0,ManFire_CumCH4eq
Alternative_B_10_29_19_RCP85_output_D+sd_A-sd_S=mean_BC1_NR120,All_region,Barren,All_own,MMT CO2-eq,2013,0,0,ManFire_CumCH4eq
Alternative_B_10_29_19_RCP85_output_D+sd_A-sd_S=mean_BC1_NR120,All_region,Barren,All_own,MMT CO2-eq,2014,0,0,ManFire_CumCH4eq
Alternative_B_10_29_19_RCP85_output_D+sd_A-sd_S=mean_BC1_NR120,All_region,Barren,All_own,MMT CO2-eq,2015,0,0,ManFire_CumCH4eq
Alternative_B_10_29_19_RCP85_output_D+sd_A-sd_S=mean_BC1_NR120,All_region,Barren,All_own,MMT CO2-eq,2016,0,0,ManFire_CumCH4eq
Alternative_B_10_29_19_RCP85_output_D+sd_A-sd_S=mean_BC1_NR120,All_region,Barren,All_own,MMT CO2-eq,2017,0,0,ManFire_CumCH4eq
Alternative_B_10_29_19_RCP85_output_D+sd_A-sd_S=mean_BC1_NR120,All_region,Barren,All_own,MMT CO2-eq,2018,0,0,ManFire_CumCH4eq
Alternative_B_10_29_19_RCP85_output_D+sd_A-sd_S=mean_BC1_NR120,All_region,Barren,All_own,MMT CO2-eq,2019,0,0,ManFire_CumCH4eq
Alternative_B_10_29_19_RCP85_output_D+sd_A-sd_S=mean_BC1_NR120,All_region,Barren,All_own,MMT CO2-eq,2020,0,0,ManFire_CumCH4eq
Alternative_B_10_29_19_RCP85_output_D+sd_A-sd_S=mean_BC1_NR120,All_region,Barren,All_own,MMT CO2-eq,2021,0,0,ManFire_CumCH4eq
Alternative_B_10_29_19_RCP85_output_D+sd_A-sd_S=mean_BC1_NR120,All_region,Barren,All_own,MMT CO2-eq,2022,0,0,ManFire_CumCH4eq
Alternative_B_10_29_19_RCP85_output_D+sd_A-sd_S=mean_BC1_NR120,All_region,Barren,All_own,MMT CO2-eq,2010,0,0,ManFire_CumCO2
Alternative_B_10_29_19_RCP85_output_D+sd_A-sd_S=mean_BC1_NR120,All_region,Barren,All_own,MMT CO2-eq,2011,0,0,ManFire_CumCO2
Alternative_B_10_29_19_RCP85_output_D+sd_A-sd_S=mean_BC1_NR120,All_region,Barren,All_own,MMT CO2-eq,2012,0,0,ManFire_CumCO2
Alternative_B_10_29_19_RCP85_output_D+sd_A-sd_S=mean_BC1_NR120,All_region,Barren,All_own,MMT CO2-eq,2013,0,0,ManFire_CumCO2
Alternative_B_10_29_19_RCP85_output_D+sd_A-sd_S=mean_BC1_NR120,All_region,Barren,All_own,MMT CO2-eq,2014,0,0,ManFire_CumCO2
Alternative_B_10_29_19_RCP85_output_D+sd_A-sd_S=mean_BC1_NR120,All_region,Barren,All_own,MMT CO2-eq,2015,0,0,ManFire_CumCO2
Alternative_B_10_29_19_RCP85_output_D+sd_A-sd_S=mean_BC1_NR120,All_region,Barren,All_own,MMT CO2-eq,2016,0,0,ManFire_CumCO2
Alternative_B_10_29_19_RCP85_output_D+sd_A-sd_S=mean_BC1_NR120,All_region,Barren,All_own,MMT CO2-eq,2017,0,0,ManFire_CumCO2
Alternative_B_10_29_19_RCP85_output_D+sd_A-sd_S=mean_BC1_NR120,All_region,Barren,All_own,MMT CO2-eq,2018,0,0,ManFire_CumCO2
Alternative_B_10_29_19_RCP85_output_D+sd_A-sd_S=mean_BC1_NR120,All_region,Barren,All_own,MMT CO2-eq,2019,0,0,ManFire_CumCO2
Alternative_B_10_29_19_RCP85_output_D+sd_A-sd_S=mean_BC1_NR120,All_region,Barren,All_own,MMT CO2-eq,2020,0,0,ManFire_CumCO2
Alternative_B_10_29_19_RCP85_output_D+sd_A-sd_S=mean_BC1_NR120,All_region,Barren,All_own,MMT CO2-eq,2021,0,0,ManFire_CumCO2
Alternative_B_10_29_19_RCP85_output_D+sd_A-sd_S=mean_BC1_NR120,All_region,Barren,All_own,MMT CO2-eq,2022,0,0,ManFire_CumCO2
Alternative_B_10_29_19_RCP85_output_D+sd_A-sd_S=mean_BC1_NR120,All_region,Barren,All_own,MMT CO2-eq,2010,0,0,ManNonBurn_CumCO2
Alternative_B_10_29_19_RCP85_output_D+sd_A-sd_S=mean_BC1_NR120,All_region,Barren,All_own,MMT CO2-eq,2011,0,0,ManNonBurn_CumCO2
Alternative_B_10_29_19_RCP85_output_D+sd_A-sd_S=mean_BC1_NR120,All_region,Barren,All_own,MMT CO2-eq,2012,0,0,ManNonBurn_CumCO2
Alternative_B_10_29_19_RCP85_output_D+sd_A-sd_S=mean_BC1_NR120,All_region,Barren,All_own,MMT CO2-eq,2013,0,0,ManNonBurn_CumCO2
Alternative_B_10_29_19_RCP85_output_D+sd_A-sd_S=mean_BC1_NR120,All_region,Barren,All_own,MMT CO2-eq,2014,0,0,ManNonBurn_CumCO2
Alternative_B_10_29_19_RCP85_output_D+sd_A-sd_S=mean_BC1_NR120,All_region,Barren,All_own,MMT CO2-eq,2015,0,0,ManNonBurn_CumCO2
Alternative_B_10_29_19_RCP85_output_D+sd_A-sd_S=mean_BC1_NR120,All_region,Barren,All_own,MMT CO2-eq,2016,0,0,ManNonBurn_CumCO2
Alternative_B_10_29_19_RCP85_output_D+sd_A-sd_S=mean_BC1_NR120,All_region,Barren,All_own,MMT CO2-eq,2017,0,0,ManNonBurn_CumCO2
Alternative_B_10_29_19_RCP85_output_D+sd_A-sd_S=mean_BC1_NR120,All_region,Barren,All_own,MMT CO2-eq,2018,0,0,ManNonBurn_CumCO2
Alternative_B_10_29_19_RCP85_output_D+sd_A-sd_S=mean_BC1_NR120,All_region,Barren,All_own,MMT CO2-eq,2019,0,0,ManNonBurn_CumCO2
Alternative_B_10_29_19_RCP85_output_D+sd_A-sd_S=mean_BC1_NR120,All_region,Barren,All_own,MMT CO2-eq,2020,0,0,ManNonBurn_CumCO2
Alternative_B_10_29_19_RCP85_output_D+sd_A-sd_S=mean_BC1_NR120,All_region,Barren,All_own,MMT CO2-eq,2021,0,0,ManNonBurn_CumCO2
Alternative_B_10_29_19_RCP85_output_D+sd_A-sd_S=mean_BC1_NR120,All_region,Barren,All_own,MMT CO2-eq,2022,0,0,ManNonBurn_CumCO2
Alternative_B_10_29_19_RCP85_output_D+sd_A-sd_S=mean_BC1_NR120,All_region,Barren,All_own,MMT CO2-eq,2010,0,0,ManTotEnergy_CumCH4eq
Alternative_B_10_29_19_RCP85_output_D+sd_A-sd_S=mean_BC1_NR120,All_region,Barren,All_own,MMT CO2-eq,2011,0,0,ManTotEnergy_CumCH4eq
Alternative_B_10_29_19_RCP85_output_D+sd_A-sd_S=mean_BC1_NR120,All_region,Barren,All_own,MMT CO2-eq,2012,0,0,ManTotEnergy_CumCH4eq
Alternative_B_10_29_19_RCP85_output_D+sd_A-sd_S=mean_BC1_NR120,All_region,Barren,All_own,MMT CO2-eq,2013,0,0,ManTotEnergy_CumCH4eq
Alternative_B_10_29_19_RCP85_output_D+sd_A-sd_S=mean_BC1_NR120,All_region,Barren,All_own,MMT CO2-eq,2014,0,0,ManTotEnergy_CumCH4eq
Alternative_B_10_29_19_RCP85_output_D+sd_A-sd_S=mean_BC1_NR120,All_region,Barren,All_own,MMT CO2-eq,2015,0,0,ManTotEnergy_CumCH4eq
Alternative_B_10_29_19_RCP85_output_D+sd_A-sd_S=mean_BC1_NR120,All_region,Barren,All_own,MMT CO2-eq,2016,0,0,ManTotEnergy_CumCH4eq
Alternative_B_10_29_19_RCP85_output_D+sd_A-sd_S=mean_BC1_NR120,All_region,Barren,All_own,MMT CO2-eq,2017,0,0,ManTotEnergy_CumCH4eq
Alternative_B_10_29_19_RCP85_output_D+sd_A-sd_S=mean_BC1_NR120,All_region,Barren,All_own,MMT CO2-eq,2018,0,0,ManTotEnergy_CumCH4eq
Alternative_B_10_29_19_RCP85_output_D+sd_A-sd_S=mean_BC1_NR120,All_region,Barren,All_own,MMT CO2-eq,2019,0,0,ManTotEnergy_CumCH4eq
Alternative_B_10_29_19_RCP85_output_D+sd_A-sd_S=mean_BC1_NR120,All_region,Barren,All_own,MMT CO2-eq,2020,0,0,ManTotEnergy_CumCH4eq
Alternative_B_10_29_19_RCP85_output_D+sd_A-sd_S=mean_BC1_NR120,All_region,Barren,All_own,MMT CO2-eq,2021,0,0,ManTotEnergy_CumCH4eq
Alternative_B_10_29_19_RCP85_output_D+sd_A-sd_S=mean_BC1_NR120,All_region,Barren,All_own,MMT CO2-eq,2022,0,0,ManTotEnergy_CumCH4eq
Alternative_B_10_29_19_RCP85_output_D+sd_A-sd_S=mean_BC1_NR120,All_region,Barren,All_own,MMT CO2-eq,2010,0,0,ManTotEnergy_CumCO2
Alternative_B_10_29_19_RCP85_output_D+sd_A-sd_S=mean_BC1_NR120,All_region,Barren,All_own,MMT CO2-eq,2011,0,0,ManTotEnergy_CumCO2
Alternative_B_10_29_19_RCP85_output_D+sd_A-sd_S=mean_BC1_NR120,All_region,Barren,All_own,MMT CO2-eq,2012,0,0,ManTotEnergy_CumCO2
Alternative_B_10_29_19_RCP85_output_D+sd_A-sd_S=mean_BC1_NR120,All_region,Barren,All_own,MMT CO2-eq,2013,0,0,ManTotEnergy_CumCO2
Alternative_B_10_29_19_RCP85_output_D+sd_A-sd_S=mean_BC1_NR120,All_region,Barren,All_own,MMT CO2-eq,2014,0,0,ManTotEnergy_CumCO2
Alternative_B_10_29_19_RCP85_output_D+sd_A-sd_S=mean_BC1_NR120,All_region,Barren,All_own,MMT CO2-eq,2015,0,0,ManTotEnergy_CumCO2
Alternative_B_10_29_19_RCP85_output_D+sd_A-sd_S=mean_BC1_NR120,All_region,Barren,All_own,MMT CO2-eq,2016,0,0,ManTotEnergy_CumCO2
Alternative_B_10_29_19_RCP85_output_D+sd_A-sd_S=mean_BC1_NR120,All_region,Barren,All_own,MMT CO2-eq,2017,0,0,ManTotEnergy_CumCO2
Alternative_B_10_29_19_RCP85_output_D+sd_A-sd_S=mean_BC1_NR120,All_region,Barren,All_own,MMT CO2-eq,2018,0,0,ManTotEnergy_CumCO2
Alternative_B_10_29_19_RCP85_output_D+sd_A-sd_S=mean_BC1_NR120,All_region,Barren,All_own,MMT CO2-eq,2019,0,0,ManTotEnergy_CumCO2
Alternative_B_10_29_19_RCP85_output_D+sd_A-sd_S=mean_BC1_NR120,All_region,Barren,All_own,MMT CO2-eq,2020,0,0,ManTotEnergy_CumCO2
Alternative_B_10_29_19_RCP85_output_D+sd_A-sd_S=mean_BC1_NR120,All_region,Barren,All_own,MMT CO2-eq,2021,0,0,ManTotEnergy_CumCO2
Alternative_B_10_29_19_RCP85_output_D+sd_A-sd_S=mean_BC1_NR120,All_region,Barren,All_own,MMT CO2-eq,2022,0,0,ManTotEnergy_CumCO2
Alternative_B_10_29_19_RCP85_output_D+sd_A-sd_S=mean_BC1_NR120,All_region,Barren,All_own,MMT CO2-eq,2010,0,0,Wildfire_CumCH4eq
Alternative_B_10_29_19_RCP85_output_D+sd_A-sd_S=mean_BC1_NR120,All_region,Barren,All_own,MMT CO2-eq,2011,0,0,Wildfire_CumCH4eq
Alternative_B_10_29_19_RCP85_output_D+sd_A-sd_S=mean_BC1_NR120,All_region,Barren,All_own,MMT CO2-eq,2012,0,0,Wildfire_CumCH4eq
Alternative_B_10_29_19_RCP85_output_D+sd_A-sd_S=mean_BC1_NR120,All_region,Barren,All_own,MMT CO2-eq,2013,0,0,Wildfire_CumCH4eq
Alternative_B_10_29_19_RCP85_output_D+sd_A-sd_S=mean_BC1_NR120,All_region,Barren,All_own,MMT CO2-eq,2014,0,0,Wildfire_CumCH4eq
Alternative_B_10_29_19_RCP85_output_D+sd_A-sd_S=mean_BC1_NR120,All_region,Barren,All_own,MMT CO2-eq,2015,0,0,Wildfire_CumCH4eq
Alternative_B_10_29_19_RCP85_output_D+sd_A-sd_S=mean_BC1_NR120,All_region,Barren,All_own,MMT CO2-eq,2016,0,0,Wildfire_CumCH4eq
Alternative_B_10_29_19_RCP85_output_D+sd_A-sd_S=mean_BC1_NR120,All_region,Barren,All_own,MMT CO2-eq,2017,0,0,Wildfire_CumCH4eq
Alternative_B_10_29_19_RCP85_output_D+sd_A-sd_S=mean_BC1_NR120,All_region,Barren,All_own,MMT CO2-eq,2018,0,0,Wildfire_CumCH4eq
Alternative_B_10_29_19_RCP85_output_D+sd_A-sd_S=mean_BC1_NR120,All_region,Barren,All_own,MMT CO2-eq,2019,0,0,Wildfire_CumCH4eq
Alternative_B_10_29_19_RCP85_output_D+sd_A-sd_S=mean_BC1_NR120,All_region,Barren,All_own,MMT CO2-eq,2020,0,0,Wildfire_CumCH4eq
Alternative_B_10_29_19_RCP85_output_D+sd_A-sd_S=mean_BC1_NR120,All_region,Barren,All_own,MMT CO2-eq,2021,0,0,Wildfire_CumCH4eq
Alternative_B_10_29_19_RCP85_output_D+sd_A-sd_S=mean_BC1_NR120,All_region,Barren,All_own,MMT CO2-eq,2022,0,0,Wildfire_CumCH4eq
Alternative_B_10_29_19_RCP85_output_D+sd_A-sd_S=mean_BC1_NR120,All_region,Barren,All_own,MMT CO2-eq,2010,0,0,Wildfire_CumCO2
Alternative_B_10_29_19_RCP85_output_D+sd_A-sd_S=mean_BC1_NR120,All_region,Barren,All_own,MMT CO2-eq,2011,0,0,Wildfire_CumCO2
Alternative_B_10_29_19_RCP85_output_D+sd_A-sd_S=mean_BC1_NR120,All_region,Barren,All_own,MMT CO2-eq,2012,0,0,Wildfire_CumCO2
Alternative_B_10_29_19_RCP85_output_D+sd_A-sd_S=mean_BC1_NR120,All_region,Barren,All_own,MMT CO2-eq,2013,0,0,Wildfire_CumCO2
Alternative_B_10_29_19_RCP85_output_D+sd_A-sd_S=mean_BC1_NR120,All_region,Barren,All_own,MMT CO2-eq,2014,0,0,Wildfire_CumCO2
Alternative_B_10_29_19_RCP85_output_D+sd_A-sd_S=mean_BC1_NR120,All_region,Barren,All_own,MMT CO2-eq,2015,0,0,Wildfire_CumCO2
Alternative_B_10_29_19_RCP85_output_D+sd_A-sd_S=mean_BC1_NR120,All_region,Barren,All_own,MMT CO2-eq,2016,0,0,Wildfire_CumCO2
Alternative_B_10_29_19_RCP85_output_D+sd_A-sd_S=mean_BC1_NR120,All_region,Barren,All_own,MMT CO2-eq,2017,0,0,Wildfire_CumCO2
Alternative_B_10_29_19_RCP85_output_D+sd_A-sd_S=mean_BC1_NR120,All_region,Barren,All_own,MMT CO2-eq,2018,0,0,Wildfire_CumCO2
Alternative_B_10_29_19_RCP85_output_D+sd_A-sd_S=mean_BC1_NR120,All_region,Barren,All_own,MMT CO2-eq,2019,0,0,Wildfire_CumCO2
Alternative_B_10_29_19_RCP85_output_D+sd_A-sd_S=mean_BC1_NR120,All_region,Barren,All_own,MMT CO2-eq,2020,0,0,Wildfire_CumCO2
Alternative_B_10_29_19_RCP85_output_D+sd_A-sd_S=mean_BC1_NR120,All_region,Barren,All_own,MMT CO2-eq,2021,0,0,Wildfire_CumCO2
Alternative_B_10_29_19_RCP85_output_D+sd_A-sd_S=mean_BC1_NR120,All_region,Barren,All_own,MMT CO2-eq,2022,0,0,Wildfire_CumCO2
Alternative_B_10_29_19_RCP85_output_D+sd_A-sd_S=mean_BC1_NR120,All_region,Barren,All_own,MMT CO2-eq,2010,0,0,Wood_CumCH4eq
Alternative_B_10_29_19_RCP85_output_D+sd_A-sd_S=mean_BC1_NR120,All_region,Barren,All_own,MMT CO2-eq,2011,0,0,Wood_CumCH4eq
Alternative_B_10_29_19_RCP85_output_D+sd_A-sd_S=mean_BC1_NR120,All_region,Barren,All_own,MMT CO2-eq,2012,0,0,Wood_CumCH4eq
Alternative_B_10_29_19_RCP85_output_D+sd_A-sd_S=mean_BC1_NR120,All_region,Barren,All_own,MMT CO2-eq,2013,0,0,Wood_CumCH4eq
Alternative_B_10_29_19_RCP85_output_D+sd_A-sd_S=mean_BC1_NR120,All_region,Barren,All_own,MMT CO2-eq,2014,0,0,Wood_CumCH4eq
Alternative_B_10_29_19_RCP85_output_D+sd_A-sd_S=mean_BC1_NR120,All_region,Barren,All_own,MMT CO2-eq,2015,0,0,Wood_CumCH4eq
Alternative_B_10_29_19_RCP85_output_D+sd_A-sd_S=mean_BC1_NR120,All_region,Barren,All_own,MMT CO2-eq,2016,0,0,Wood_CumCH4eq
Alternative_B_10_29_19_RCP85_output_D+sd_A-sd_S=mean_BC1_NR120,All_region,Barren,All_own,MMT CO2-eq,2017,0,0,Wood_CumCH4eq
Alternative_B_10_29_19_RCP85_output_D+sd_A-sd_S=mean_BC1_NR120,All_region,Barren,All_own,MMT CO2-eq,2018,0,0,Wood_CumCH4eq
Alternative_B_10_29_19_RCP85_output_D+sd_A-sd_S=mean_BC1_NR120,All_region,Barren,All_own,MMT CO2-eq,2019,0,0,Wood_CumCH4eq
Alternative_B_10_29_19_RCP85_output_D+sd_A-sd_S=mean_BC1_NR120,All_region,Barren,All_own,MMT CO2-eq,2020,0,0,Wood_CumCH4eq
Alternative_B_10_29_19_RCP85_output_D+sd_A-sd_S=mean_BC1_NR120,All_region,Barren,All_own,MMT CO2-eq,2021,0,0,Wood_CumCH4eq
Alternative_B_10_29_19_RCP85_output_D+sd_A-sd_S=mean_BC1_NR120,All_region,Barren,All_own,MMT CO2-eq,2022,0,0,Wood_CumCH4eq
Alternative_B_10_29_19_RCP85_output_D+sd_A-sd_S=mean_BC1_NR120,All_region,Barren,All_own,MMT CO2-eq,2010,0,0,Wood_CumCO2
Alternative_B_10_29_19_RCP85_output_D+sd_A-sd_S=mean_BC1_NR120,All_region,Barren,All_own,MMT CO2-eq,2011,0,0,Wood_CumCO2
Alternative_B_10_29_19_RCP85_output_D+sd_A-sd_S=mean_BC1_NR120,All_region,Barren,All_own,MMT CO2-eq,2012,0,0,Wood_CumCO2
Alternative_B_10_29_19_RCP85_output_D+sd_A-sd_S=mean_BC1_NR120,All_region,Barren,All_own,MMT CO2-eq,2013,0,0,Wood_CumCO2
Alternative_B_10_29_19_RCP85_output_D+sd_A-sd_S=mean_BC1_NR120,All_region,Barren,All_own,MMT CO2-eq,2014,0,0,Wood_CumCO2
Alternative_B_10_29_19_RCP85_output_D+sd_A-sd_S=mean_BC1_NR120,All_region,Barren,All_own,MMT CO2-eq,2015,0,0,Wood_CumCO2
Alternative_B_10_29_19_RCP85_output_D+sd_A-sd_S=mean_BC1_NR120,All_region,Barren,All_own,MMT CO2-eq,2016,0,0,Wood_CumCO2
Alternative_B_10_29_19_RCP85_output_D+sd_A-sd_S=mean_BC1_NR120,All_region,Barren,All_own,MMT CO2-eq,2017,0,0,Wood_CumCO2
Alternative_B_10_29_19_RCP85_output_D+sd_A-sd_S=mean_BC1_NR120,All_region,Barren,All_own,MMT CO2-eq,2018,0,0,Wood_CumCO2
Alternative_B_10_29_19_RCP85_output_D+sd_A-sd_S=mean_BC1_NR120,All_region,Barren,All_own,MMT CO2-eq,2019,0,0,Wood_CumCO2
Alternative_B_10_29_19_RCP85_output_D+sd_A-sd_S=mean_BC1_NR120,All_region,Barren,All_own,MMT CO2-eq,2020,0,0,Wood_CumCO2
Alternative_B_10_29_19_RCP85_output_D+sd_A-sd_S=mean_BC1_NR120,All_region,Barren,All_own,MMT CO2-eq,2021,0,0,Wood_CumCO2
Alternative_B_10_29_19_RCP85_output_D+sd_A-sd_S=mean_BC1_NR120,All_region,Barren,All_own,MMT CO2-eq,2022,0,0,Wood_CumCO2
